source,author_id,action_type,game,text,timestamp,score,sentiment,topic,permalink
steam,EA_Kent,post,EA Sports College Football 27,"We want to hear your feedback on EA SPORTS College Football 27. To ensure it reaches the right teams and can be tracked effectively, we’re collecting all feedback through the link below. Submit Feedback Why use this link: Routes feedback directly to the development team Ensures proper tracking and prioritization Allows us to identify trends and act faster Before submitting: Platform / system specs (if relevant) Mode or feature Clear description of your feedback Screenshots or video (if available) Related Threads: EA SPORTS™ College Football 27 FAQ",2026-07-02T17:29:06+00:00,,,,https://steamcommunity.com/app/4032350/discussions/0/573794228177659858/
steam,EA_Kent,post,EA Sports College Football 27,"Welcome to the official FAQ thread for EA SPORTS College Football 27. This post covers the most common questions from the community and will be updated regularly based on player feedback and live updates. What features can PC players expect in EA SPORTS College Football 27? The PC version of EA SPORTS College Football 27 is an identical gameplay experience to the console version, and also includes a wide range of graphics and performance options, allowing players to tailor the experience to their hardware. Support includes adjustable visual presets, frame rate controls, HDR, ultrawide display support, advanced lighting options, ray-traced lighting on supported hardware, separate gameplay and cutscene settings, and extensive graphics customization. To learn more about playing College Football 27 on PC, click here. Will EA SPORTS College Football 27 support Steam Deck? No, Steam Deck play is not supported. Does EA SPORTS College Football 27 support cross-play? Yes. What is cross-play in College Football 27? Cross-play allows players to match up against opponents on the gridiron from another platform in certain online multiplayer modes. Which platforms support cross-play? Cross-play will be available for players on PlayStation®5, Xbox Series X|S, and PC.. How do I enable cross-play? Cross-play settings are found in the in-game settings. (Under Cross-Play Tab) What is needed to enable cross-play? Cross-play requires a copy of College Football 27, all relevant game updates, an EA account, an internet connection, and a Steam account. How do I opt out of cross-play? Players can opt out of cross-play through the in-game settings. (Found under Cross-Play Tab) How does cross-play work? Players who opt in to cross-play will automatically be added to the cross-play matchmaking pool. Cross-play invites will be available in select multiplayer modes that support inviting friends from your own platform. Players across all supported platforms can invite and play against each other. How do I play with friends on other platforms? To play with your friends, open the EA connect menu in College Football 27, then navigate to the Player Search tab. Search for a player using their EA Identification number or by using their platform identifier. A player’s platform identifier is either their Xbox Series X|S gamertag, PSN ID, or specific to either Steam or Epic Games Store on PC. What modes will cross-play support? In College Football 27, you can play cross-platform in Dynasty, Road to the College Football Playoff, College Football Ultimate Team™, and Play a Friend (Play Now, Mascot Mashup, etc.).You will now be able to run a 32 person Online Dynasty with friends regardless of platform. Within the Members tab, you’ll be able to see each user's system. Cross-play is enabled by default in Online Dynasties but can be turned off at any time by the Commissioner in League Settings. Are leaderboards cross-platform? For players who opt in to cross-play, any leaderboard in any mode that supports cross-play will be a global leaderboard that includes players from all supported platforms. Players who opt out of cross-play will only see leaderboards for players on their own platform. Is the College Football Ultimate Team™ Auction House cross-platform? The Auction House will not be shared across platforms, meaning you will not be able to post an auction or bid on an auction to receive items from users on other platforms. How will it affect wait times for matchmaking? Cross-play increases player pools significantly, so that more players are looking for matches at each skill level. This should reduce wait times and lead to faster matchmaking. Note: Cross-play availability can potentially be impacted on a platform by platform basis by things like planned or unplanned maintenance, server releases, Title Updates, unexpected downtime, or matchmaking updates. Do I own both games when I purchase the MVP Bundle? Yes. Purchasing the MVP Bundle gives you ownership of both Deluxe Editions and all included rewards. Is the MVP+ Membership available on PC? No, the MVP+ Membership is not available on PC. When does EA SPORTS™ College Football 27 release worldwide? EA SPORTS™ College Football 27 releases worldwide on July 9 at 2pm ET / 11am PT. When does Advanced Access start for Deluxe Edition and MVP Bundle players? 3-days Advanced Access begins on July 6 at 2pm ET / 11am PT for players who pre-purchase the College Football 27 Deluxe Edition or MVP Bundle. Will there be a 10-hour trial for EA Play members? Yes, EA Play members can access a 10-hour trial of College Football 27 beginning on July 2 at 2pm ET / 11am PT.",2026-06-26T17:16:41+00:00,,,,https://steamcommunity.com/app/4032350/discussions/0/573793658843901627/
steam,space8323,reply,EA Sports College Football 27,Answering the questions no one cared to have answered,2026-06-30T19:57:11+00:00,,,,https://steamcommunity.com/app/4032350/discussions/0/573793658843901627/
steam,Akward Dinosaur,reply,EA Sports College Football 27,What time will we be able to ply it on the 9th? Does it officially release at 10am or so?,2026-06-30T20:12:34+00:00,,,,https://steamcommunity.com/app/4032350/discussions/0/573793658843901627/
steam,dbrooks08,reply,EA Sports College Football 27,"With EA play and MVP bundle, will we get the 10hr access starting today?",2026-07-02T14:24:32+00:00,,,,https://steamcommunity.com/app/4032350/discussions/0/573793658843901627/
steam,lethal ape,post,EA Sports College Football 27,Make it happen.,2026-07-28T15:23:01+00:00,,,,https://steamcommunity.com/app/4032350/discussions/0/594062953095923185/
steam,Boobie Johnson III,post,EA Sports College Football 27,"I have been playing for a while and for the last few hours I have been playing with no audio at all. I did not touch any settings on the game or my PC and the audio decided to cut out completely. Does anyone else have this same problem or any potential fix?For more context, audio works fine on every other game and app on my PC, but for some reason I am getting no audio at all with this game. Was working fine for 8+ hours of gameplay",2026-07-09T01:15:00+00:00,,,,https://steamcommunity.com/app/4032350/discussions/0/573794767997206311/
steam,Belfast,reply,EA Sports College Football 27,Did you check volume mixer to see what output it chose?,2026-07-09T01:27:47+00:00,,,,https://steamcommunity.com/app/4032350/discussions/0/573794767997206311/
steam,Boobie Johnson III,reply,EA Sports College Football 27,"Yes I did, still no luck. Changed it to what it should be and restarted the game with no luck",2026-07-09T02:40:36+00:00,,,,https://steamcommunity.com/app/4032350/discussions/0/573794767997206311/
steam,ITSxGUNNAR,reply,EA Sports College Football 27,I have the same issue. Has anyone found a solution yet?,2026-07-28T02:41:52+00:00,,,,https://steamcommunity.com/app/4032350/discussions/0/573794767997206311/
steam,Ando,post,EA Sports College Football 27,"Why when I do RTG as an EDGE, it tells me i need pass rush attempts times 2, so they proceed to run the ball 12 plays in a row. or if i need a sack, they only run RPOs and runs. if i need a run block shed, guess what, the game threw the ball 18 plays in a row, thats after doing restarts and reloading the damn save. Fix this crap logic, i refuse to believe the coders/developers are this stupid.",2026-07-27T18:22:16+00:00,,,,https://steamcommunity.com/app/4032350/discussions/0/594062684485507751/
steam,Atomeric,post,EA Sports College Football 27,"First EA sports game and I'm very confused by how RPOs are supposed to work. The tutorial for them says to hold the snap button (A on my xbox controller) to keep the ball and go for a pass, but it seems like that doesn't actually work half the time. Half the time, the QB hands off the ball anyway, and sometimes the QB won't even be able to pass but will automatically start rushing forward instead.There seem to be multiple sub-types of RPOs based on what the QB does by default and can be forced to do, but I can't figure out how to tell which are which. I've been avoiding RPOs entirely but I would like to know how they're supposed to work so I have access to more plays, since I imagine they're useful enough to learn.",2026-07-20T04:20:17+00:00,,,,https://steamcommunity.com/app/4032350/discussions/0/578299465370329064/
steam,♫Arctic_Monkeys♪,reply,EA Sports College Football 27,"- RPO Read / Peek: you can hold A/X after the snap to keep the ball with the QB. Depending on the design, you'll then be able to pass or run.- RPO Alert / Glance: these are basically handoff-or-quick-pass plays. You generally can't keep the ball indefinitely with the QB, which is why it sometimes looks like the handoff gets forced even when you're trying to hold A/X.Some RPOs are designed as QB keepers, while others only give you a choice between a handoff and an immediate throw. If the QB starts running automatically, that's usually because the specific RPO is built around a QB keep rather than a traditional dropback pass.Another thing that trips people up is that the pass window is very short. On many RPOs, if you hesitate even a moment, the game commits to the handoff automatically.My advice is to go into Practice mode and specifically compare RPO Read, RPO Peek, and RPO Alert plays.",2026-07-20T12:22:23+00:00,,,,https://steamcommunity.com/app/4032350/discussions/0/578299465370329064/
steam,n3xusx3n,reply,EA Sports College Football 27,"Think of RPO's this way. You are replacing one of your offensive players into a space that has been vacated by the defense. So when you're reading space for an RPO, you simple need to identify which player could potentially leave the occupied space. If he leaves, you throw, if not you run the play as designed. Also the rule of 5 in the box becomes automatic give to the runner.",2026-07-22T23:31:47+00:00,,,,https://steamcommunity.com/app/4032350/discussions/0/578299465370329064/
steam,Atomeric,reply,EA Sports College Football 27,"Originally posted by n3xusx3n:Think of RPO's this way. You are replacing one of your offensive players into a space that has been vacated by the defense. So when you're reading space for an RPO, you simple need to identify which player could potentially leave the occupied space. If he leaves, you throw, if not you run the play as designed. Also the rule of 5 in the box becomes automatic give to the runner. Your comment encouraged me to look up videos explaining the option process. I messed around in free practice and found I can't consistently read the defender, so I'll probably keep avoiding read RPOs for now. Glance and peak RPOs seem to have weird routes or timings, so those are out too. Alert RPOs with a bubble route seem great, although I'm doing those based off pre-snap looks which is probably not ideal. Speed options are also nice. The video I saw had some sort of trick with keeping the ball with the QB sometimes but I couldn't get any value out of that in my practice, so I'll just keep pitching every time to keep my QB in good shape. It would be nice to be good with everything, but as long as I have a few decent option plays I think I'm in a good spot.",2026-07-26T06:58:19+00:00,,,,https://steamcommunity.com/app/4032350/discussions/0/578299465370329064/
steam,FirstToDie,reply,EA Sports College Football 27,"I really wish you could change the keep/hand the ball off mechanic. My old brain can not replace decades of pressing ""A"" for the QB to hand the ball off. Doing nothing would allow your QB to keep the ball, run or pass. Now pressing ""A"" results in the QB keeping the ball, and doing nothing results in your QB handing the ball off.To me, that is completely backwards and worked perfectly before. Now, you have to press ""A"" to keep the ball, then press another button to pass to a receiver. Two button presses, sometimes in quick succession, instead of one for a simple RPO. Might just be my opinion, but seems overly complicated and nothing gained.",2026-07-26T21:17:32+00:00,,,,https://steamcommunity.com/app/4032350/discussions/0/578299465370329064/
steam,kofine05,reply,EA Sports College Football 27,"Originally posted by FirstToDie:I really wish you could change the keep/hand the ball off mechanic. My old brain can not replace decades of pressing ""A"" for the QB to hand the ball off. Doing nothing would allow your QB to keep the ball, run or pass. Now pressing ""A"" results in the QB keeping the ball, and doing nothing results in your QB handing the ball off.To me, that is completely backwards and worked perfectly before. Now, you have to press ""A"" to keep the ball, then press another button to pass to a receiver. Two button presses, sometimes in quick succession, instead of one for a simple RPO. Might just be my opinion, but seems overly complicated and nothing gained. Same for me. It is so hard changing when i have beaten it into my brain to do it the exact opposite.",2026-07-27T17:02:42+00:00,,,,https://steamcommunity.com/app/4032350/discussions/0/578299465370329064/
steam,DZ,reply,EA Sports College Football 27,"Originally posted by kofine05:Originally posted by FirstToDie:I really wish you could change the keep/hand the ball off mechanic. My old brain can not replace decades of pressing ""A"" for the QB to hand the ball off. Doing nothing would allow your QB to keep the ball, run or pass. Now pressing ""A"" results in the QB keeping the ball, and doing nothing results in your QB handing the ball off.To me, that is completely backwards and worked perfectly before. Now, you have to press ""A"" to keep the ball, then press another button to pass to a receiver. Two button presses, sometimes in quick succession, instead of one for a simple RPO. Might just be my opinion, but seems overly complicated and nothing gained. Same for me. It is so hard changing when i have beaten it into my brain to do it the exact opposite. Its EA, what do you expect. If they actually played their own game they might have a clue.",2026-07-27T17:16:58+00:00,,,,https://steamcommunity.com/app/4032350/discussions/0/578299465370329064/
steam,STIZZY69(.)(.),post,EA Sports College Football 27,Let us return punts and kickoffs in RTG PLEASEEEEEE,2026-07-19T01:36:58+00:00,,,,https://steamcommunity.com/app/4032350/discussions/0/578299465370238042/
steam,Atomeric,reply,EA Sports College Football 27,"Kickoff and punt returners are often receivers with that second role, does a WR RTG character get to return punts and kicks? I haven't tried, but it seems like that should be a feature.",2026-07-20T06:20:10+00:00,,,,https://steamcommunity.com/app/4032350/discussions/0/578299465370238042/
steam,STIZZY69(.)(.),reply,EA Sports College Football 27,you cannot return kick offs or punts in rtg ♥♥♥♥ is stupid,2026-07-27T02:22:18+00:00,,,,https://steamcommunity.com/app/4032350/discussions/0/578299465370238042/
steam,DZ,reply,EA Sports College Football 27,Yeah there is no way to return punts or kicks. Its stupid as hell. EA is such a goofy piece of ♥♥♥♥ developer.,2026-07-27T17:14:09+00:00,,,,https://steamcommunity.com/app/4032350/discussions/0/578299465370238042/
steam,DTruxy,post,EA Sports College Football 27,"Anyone know or guess when the next roster update is? We are missing 100s of blue chip freshman such as Chris Henry Jr. , Tristian Keys, etc. Also need to update Jersey numbers to reflect IRL. My boy pickett in my PFP is no longer #3 he rocks #5 now. Games been out 3 weeks and they havent touched the rosters. Its preventing me from starting my real dynasty.",2026-07-27T12:49:04+00:00,,,,https://steamcommunity.com/app/4032350/discussions/0/594062684485487939/
steam,MrJoeygoose,reply,EA Sports College Football 27,same cant start my Tennessee dynasty when the possible starting qb isnt in the game.,2026-07-27T16:29:39+00:00,,,,https://steamcommunity.com/app/4032350/discussions/0/594062684485487939/
steam,DTruxy,reply,EA Sports College Football 27,Originally posted by MrJoeygoose:same cant start my Tennessee dynasty when the possible starting qb isnt in the game. Or your incoming Star Freshman WR.,2026-07-27T16:46:08+00:00,,,,https://steamcommunity.com/app/4032350/discussions/0/594062684485487939/
steam,Klein Guy252,post,EA Sports College Football 27,Does anyone else also have the issue where RTG will freeze after a match and you have to restart the whole game to continue just for it to continue doing it? I've reinstalled the game and verified integrity of the files.,2026-07-26T03:02:00+00:00,,,,https://steamcommunity.com/app/4032350/discussions/0/594062684485392025/
steam,Crocohate,reply,EA Sports College Football 27,"Ive had the same issue. My screen makes it to the Post game Exp, Wear and tear and Draft projection and then would freeze after. The past 2-3 games Ive scrolled back to Wear and Tear and then proceeded to the next game with no freeze. Give it a shot and see if it works for you.",2026-07-26T10:46:53+00:00,,,,https://steamcommunity.com/app/4032350/discussions/0/594062684485392025/
steam,Dysektah,reply,EA Sports College Football 27,"Just when I thought they fixed it last patch, got to week 8 and it's freezing again after post game experience. This still shouldn't be an issue, come on EA fix this crap.I will try to scroll back and see if that fixes like you said Crocohate.",2026-07-26T11:55:01+00:00,,,,https://steamcommunity.com/app/4032350/discussions/0/594062684485392025/
steam,Klein Guy252,reply,EA Sports College Football 27,"IT WORKED!! Man, THANK YOU! I was getting so annoyed. I agree that this issue should've already been fixed. Especially since it was identified by others over a month ago... @EA... Thank you for the tip though!",2026-07-26T15:14:02+00:00,,,,https://steamcommunity.com/app/4032350/discussions/0/594062684485392025/
steam,Shi Wuxia,reply,EA Sports College Football 27,Found how to fix it?I swear this issue really makes me hate this gamemode,2026-07-27T02:39:53+00:00,,,,https://steamcommunity.com/app/4032350/discussions/0/594062684485392025/
steam,DrumFast,post,EA Sports College Football 27,I have no custom playbook and an updated roster. I can not play head to head in any mode. I am in an online dynasty and any time I try to match I get desynced. Same happens in CUT. Has anyone found a way to fix this on a PC? My only thinking is I am on a Ultra wide and maybe that could cause it?,2026-07-26T16:47:02+00:00,,,,https://steamcommunity.com/app/4032350/discussions/0/594062684485430812/
steam,SydneyAngel,reply,EA Sports College Football 27,Are you wifi ?,2026-07-26T22:40:11+00:00,,,,https://steamcommunity.com/app/4032350/discussions/0/594062684485430812/
steam,INSOMN1A,post,EA Sports College Football 27,"Im a 78 ovr STARTER and the game will not put me on the field and the career stats says ive started 11 games. I have 3994 coach trust and ive had one position battle and won but ""Dre Quinn"" continues to start.So glad i didnt pay for this trash.",2026-07-26T18:51:40+00:00,,,,https://steamcommunity.com/app/4032350/discussions/0/594062684485440205/
steam,INSOMN1A,reply,EA Sports College Football 27,the game has now begun to pump fake me with play time by making me choose defensive plays sometimes and then not putting me on the field...,2026-07-26T19:15:50+00:00,,,,https://steamcommunity.com/app/4032350/discussions/0/594062684485440205/
steam,cacti46,reply,EA Sports College Football 27,"its so broken, at so many levels, and there are actually threads saying the reviews are too harsh.,....",2026-07-26T20:36:04+00:00,,,,https://steamcommunity.com/app/4032350/discussions/0/594062684485440205/
steam,FirstToDie,post,EA Sports College Football 27,"I guess there is no way to remove the rather obnoxious ""Stadium Pulse"" effects, or at least lessen them? I played EA sports NCAA Football for decades, played 2014 with updated rosters on my 360 for over 10 years. That version did have the shaky routes, and some times the receiver icon would be replaced by a ""?"" But the current version is quite laughable. I like taking my favorite team on the road and playing exhibition games to see different stadiums and such, my 4 year SR QB, rated in the top 20 of all returning college QB's, can't even remember what the play is when the crowd is going nuts.I could handle the squiggle routes, even the occasional icon replaced by a ""?"", but the complete deletion of every receiver icon, the routes etc, is just silly.Include that you can't even turn it off, yes I know you can remove the camera shake, but that does not remove the fact that your QB can't even remember how to put on his shoes, in these big moments.If I wasn't so desperate for a NCAA football game on the PC (couldn't justify buying a console just to play one game), I'd probably refunded due to some of the decisions made by EA for this game.",2026-07-26T18:54:08+00:00,,,,https://steamcommunity.com/app/4032350/discussions/0/594062684485440351/
steam,FISH KILL,reply,EA Sports College Football 27,Yeah I don't really care for the stadium pulse myself either. I wish it was something that could be toggled on or off.,2026-07-26T18:56:38+00:00,,,,https://steamcommunity.com/app/4032350/discussions/0/594062684485440351/
steam,cacti46,post,EA Sports College Football 27,"So, every time i try and kick off my RTG run, i get through player creation, get through school selection, get through siming through the first week, and setting up the highlight reel section.every time i try and start a game from that point forward, the game hard locks on the splash screen (with the music and the grey flag), forcing me to alt-tab out and end the process in task manager. WTAF ea.... this isnt that hard.",2026-07-12T00:04:00+00:00,,,,https://steamcommunity.com/app/4032350/discussions/0/577172807462575864/
steam,Dysektah,reply,EA Sports College Football 27,"Same thing for me, and it just started happening today...Literally forced to alt-tab and end task. Any body else having this same issue, and/or have a fix for it?",2026-07-12T01:52:41+00:00,,,,https://steamcommunity.com/app/4032350/discussions/0/577172807462575864/
steam,Kunda Cringe,reply,EA Sports College Football 27,Same,2026-07-12T03:22:06+00:00,,,,https://steamcommunity.com/app/4032350/discussions/0/577172807462575864/
steam,cacti46,reply,EA Sports College Football 27,"the only thing that i have found to actually advance to gameplay is restarting the computer after every single week.how do you as a dev or QA team look at what you put out and say ""yeah this is good""",2026-07-12T13:09:59+00:00,,,,https://steamcommunity.com/app/4032350/discussions/0/577172807462575864/
steam,UkrainianSpyWhale,reply,EA Sports College Football 27,"was able to play first game, second game of season i get stuck on loading screen",2026-07-12T13:37:43+00:00,,,,https://steamcommunity.com/app/4032350/discussions/0/577172807462575864/
steam,EA_Shepard,reply,EA Sports College Football 27,"Hey, folksRTG has some unfortunate issues right now. The team is aware that some players are experiencing crashes and Road to Glory loading issues, including reports of the game getting stuck on the black-and-white NCAA flag screen before gameplay. We're continuing to gather reports while the issue is being investigated, and we'll share any updates as soon as we have more information.In the meantime, here are a few things worth trying:Verify the game files through Steam.Update your graphics drivers.Launch the EA app before starting the game from Steam.Set your refresh rate to 30 Hz in Windows and in-game.Allow EA AntiCheat through Windows Firewall (Private & Public).Switch from Windowed Borderless to Fullscreen.Match the in-game resolution to your Windows resolution.Lower Cutscenes and Texture Quality from Ultra to High.Temporarily disable overlays (Steam, Discord, MSI Afterburner, RTSS, etc.).A few of you have also mentioned that the issue starts after advancing through a week, or only when trying to load into a game. If you're seeing the same thing, let us know whether it's happening during the high school portion of Road to Glory, after reaching college, or throughout the entire mode.Thanks",2026-07-12T19:59:27+00:00,,,,https://steamcommunity.com/app/4032350/discussions/0/577172807462575864/
steam,cacti46,reply,EA Sports College Football 27,"Originally posted by EA_Shepard:Hey, folksRTG has some unfortunate issues right now. The team is aware that some players are experiencing crashes and Road to Glory loading issues, including reports of the game getting stuck on the black-and-white NCAA flag screen before gameplay. We're continuing to gather reports while the issue is being investigated, and we'll share any updates as soon as we have more information.In the meantime, here are a few things worth trying:Verify the game files through Steam.Update your graphics drivers.Launch the EA app before starting the game from Steam.Set your refresh rate to 30 Hz in Windows and in-game.Allow EA AntiCheat through Windows Firewall (Private & Public).Switch from Windowed Borderless to Fullscreen.Match the in-game resolution to your Windows resolution.Lower Cutscenes and Texture Quality from Ultra to High.Temporarily disable overlays (Steam, Discord, MSI Afterburner, RTSS, etc.).A few of you have also mentioned that the issue starts after advancing through a week, or only when trying to load into a game. If you're seeing the same thing, let us know whether it's happening during the high school portion of Road to Glory, after reaching college, or throughout the entire mode.Thanks this is happening exclusivly in the high school section of RTG.",2026-07-13T10:33:53+00:00,,,,https://steamcommunity.com/app/4032350/discussions/0/577172807462575864/
steam,estein315,reply,EA Sports College Football 27,Beyond annoying for sure. I just gave up and stopped playing.,2026-07-17T03:34:26+00:00,,,,https://steamcommunity.com/app/4032350/discussions/0/577172807462575864/
steam,cheddahead,reply,EA Sports College Football 27,"I was running into this consistently until I allowed EA Anti Cheat though Windows Firewall (Private & Public). Now, it crashes trying to load into my 4th high school game.",2026-07-17T23:28:27+00:00,,,,https://steamcommunity.com/app/4032350/discussions/0/577172807462575864/
steam,cacti46,reply,EA Sports College Football 27,"Originally posted by cheddahead:I was running into this consistently until I allowed EA Anti Cheat though Windows Firewall (Private & Public). Now, it crashes trying to load into my 4th high school game. been there done that, no effect.",2026-07-18T16:17:17+00:00,,,,https://steamcommunity.com/app/4032350/discussions/0/577172807462575864/
steam,Saturn4301,reply,EA Sports College Football 27,"I will say, I have a Samsung Odyssey OLED 240Hz 49"" monitor and Nvidia 4070ti. My game crashed on the black flag over and over. I went into the settings, turned my monitor down to 60hz and capped it at 30hz. It allowed me to play the game. Now I'm turning it all back up.",2026-07-19T06:42:05+00:00,,,,https://steamcommunity.com/app/4032350/discussions/0/577172807462575864/
steam,cheddahead,reply,EA Sports College Football 27,"FOUND A FIX: The high school games seem to be the main issue. Unplug your controller, start and load the game, this will hopefully get you past the flag, plug your controller back in and it should work. Now that I'm playing college games I'm having no issues.",2026-07-20T11:55:24+00:00,,,,https://steamcommunity.com/app/4032350/discussions/0/577172807462575864/
steam,Dysektah,reply,EA Sports College Football 27,"Yea just got the issue again, so it is definitely not fixed. I am almost positive the team is getting the same issue, especially if we all are. Do they not think it is an issue worth fixing? It is getting pretty annoying to have to end task and restart game each time.",2026-07-20T12:22:32+00:00,,,,https://steamcommunity.com/app/4032350/discussions/0/577172807462575864/
steam,Rise,reply,EA Sports College Football 27,"This was not happening to me at all before the most recent update. I'm a Senior in college and now after each weekly game is played, the game will freeze on the college screen. Nothing that i have found fixes the issue",2026-07-20T18:22:48+00:00,,,,https://steamcommunity.com/app/4032350/discussions/0/577172807462575864/
steam,cacti46,reply,EA Sports College Football 27,"Originally posted by cheddahead:FOUND A FIX: The high school games seem to be the main issue. Unplug your controller, start and load the game, this will hopefully get you past the flag, plug your controller back in and it should work. Now that I'm playing college games I'm having no issues. tried, did not work",2026-07-20T19:24:21+00:00,,,,https://steamcommunity.com/app/4032350/discussions/0/577172807462575864/
steam,EA_Shepard,reply,EA Sports College Football 27,"Originally posted by cacti46:So, every time i try and kick off my RTG run, i get through player creation, get through school selection, get through siming through the first week, and setting up the highlight reel section.every time i try and start a game from that point forward, the game hard locks on the splash screen (with the music and the grey flag), forcing me to alt-tab out and end the process in task manager. WTAF ea.... this isnt that hard. Sounds similar to this one: won’t let me continue RTG There are a few like this we have seen and reported up.",2026-07-20T19:34:15+00:00,,,,https://steamcommunity.com/app/4032350/discussions/0/577172807462575864/
steam,SydneyAngel,post,EA Sports College Football 27,https://www.youtube.com/watch?v=1kwuzahOA-8,2026-07-26T18:01:14+00:00,,,,https://steamcommunity.com/app/4032350/discussions/0/594062684485436130/
steam,GoverningSole15,post,EA Sports College Football 27,"Despite the reviews, I've heard the gameplay is actually pretty great. I haven't played a football game in about 15 years, so I was wondering; as somebody who hasn't had to deal with EA's copy-paste tactics for years and years straight, and who'll only play single player, is this a good buy?",2026-07-23T18:18:39+00:00,,,,https://steamcommunity.com/app/4032350/discussions/0/594062392368956468/
steam,Joonie,reply,EA Sports College Football 27,"I've had so much fun with the game so far, but there is a bunch of issues. I've have only had one really ugly issue with the game and that is me not being able to update my dynasty team in the off-season. If it wasn't for that, I would be playing it right now but my dynasty is at a standstill because I refuse to play without the new logos my wife made me. I know plenty of other people that have had other issues or bugs with the game but other than the dynasty issue I haven't had any, or maybe I have just overlooked them. This will be the only CFB I will buy on PC, because I know the modding community will just import new rosters so I will never have to buy another one again. I love the game, just because I love college football as a whole, but I will say the price is steep for something with such serious bugs for other people.",2026-07-23T19:31:36+00:00,,,,https://steamcommunity.com/app/4032350/discussions/0/594062392368956468/
steam,Nothing,reply,EA Sports College Football 27,"I think it's pretty good for an EA release. There's some stuff missing, but all in all the gameplay is probably in a better state than it's ever been in (This is my third year with CFB), so if you go in with eyes open and with the 2 hr refund window, I'd say go for it.",2026-07-25T02:49:11+00:00,,,,https://steamcommunity.com/app/4032350/discussions/0/594062392368956468/
steam,ZiggyZou,reply,EA Sports College Football 27,I cant play at all. ♥♥♥♥ this game,2026-07-25T02:56:33+00:00,,,,https://steamcommunity.com/app/4032350/discussions/0/594062392368956468/
steam,Oubley,reply,EA Sports College Football 27,"Originally posted by GoverningSole15:Despite the reviews, I've heard the gameplay is actually pretty great. I haven't played a football game in about 15 years, so I was wondering; as somebody who hasn't had to deal with EA's copy-paste tactics for years and years straight, and who'll only play single player, is this a good buy? making sure the graphics drivers may help with some of the crash issues. Haven't tried road to glory (rtg) so that may be a seperate bag. The onfield game play yes, seemed pretty solid, felt very near perfect.",2026-07-25T17:54:12+00:00,,,,https://steamcommunity.com/app/4032350/discussions/0/594062392368956468/
steam,prnellom0922,reply,EA Sports College Football 27,"The game is very fun, but I'll advise you to look for gameplay sliders for whatever difficulty you're starting with and build yourself up from that. Also avoid microtransactions in Road To Glory and Ultimate Team. The wasted money on cosmetics and card packs won't carry over into College Football '28 and you'll look foolish lol.",2026-07-26T16:30:57+00:00,,,,https://steamcommunity.com/app/4032350/discussions/0/594062392368956468/
steam,EA_Kent,post,Madden NFL 27,"Welcome to the official FAQ thread for EA SPORTS Madden NFL 27. This post covers the most common questions from the community and will be updated regularly based on player feedback and live updates. Do I own both games when I purchase the MVP Bundle? Yes. Purchasing the MVP Bundle gives you ownership of both Deluxe Editions and all included rewards. Is the MVP+ Membership available on PC? No, the MVP+ Membership is not available on PC. Will EA SPORTS Madden NFL 27 support Steam Deck? No, Steam Deck play is not supported. Does EA SPORTS Madden NFL 27 support cross-play? Yes What is cross-play in Madden NFL 27? Cross-play will allow players to battle it out on the gridiron against opponents from other platforms in certain online multiplayer modes. Which platforms support cross-play? Cross-play will be available for players on PlayStation®5, Xbox Series X|S, and PC. How do I enable cross-play? Cross-play settings are found in the in-game settings. (Under Cross-Play Tab) What is needed to enable cross-play? Cross-play requires a copy of Madden NFL 27, all relevant game updates, an EA account, an internet connection, and a Steam account. How do I opt out of cross-play? The method for disabling cross-play differs by platform. Players can opt out of cross-play through the in-game settings. (Found under Cross-Play Tab) How does cross-play work? Players who opt in to cross-play will automatically be added to the cross-play matchmaking pool. Cross-play invites will be available in select multiplayer modes that support inviting friends from your own platform. Players across all supported platforms can invite and play against each other. How do I play with friends on other platforms? To play with your friends, open the EA connect menu in Madden NFL 27, then navigate to the Player Search tab. Search for a player using their EA Identification number or by using their platform identifier. A player’s platform identifier is either their Xbox Series X|S gamertag, PSN ID, or specific to either Steam or Epic Games Store on PC. What modes will cross-play support? In Madden NFL 27, you can play cross-platform in online Head-to-Head, Franchise, Madden Ultimate Team™, and Superstar. What cross-platform progression is supported? Avatar progression and gear purchases within Superstar mode are shared across PC, PS5, and Xbox Series X|S. Are leaderboards cross-platform? For players who opt in to cross-play, any leaderboard in any mode that supports cross-play will be a global leaderboard that includes players from all supported platforms. Players who opt out of cross-play will only see leaderboards for players on their own platform. Is the Madden Ultimate Team Auction House cross-platform? The MUT Auction House will not be currently shared across platforms, meaning you will not be able to use Coins to get items from users on other platforms. How will it affect wait times for matchmaking? Cross-play increases player pools significantly, so that more players are looking for matches at each skill level. This should reduce wait times and lead to faster matchmaking. How to enable Cross-play in Franchise mode? To enable cross-play in a cloud Franchise league, head into your league settings and enable cross-play for either your existing or new league. Cloud Franchise leagues can now include users of all supported platforms. Internet connection, all game updates & EA account required. Can I enable Cross-play in an existing and new cloud Franchise league? Yes, you can enable cross-play in new or existing leagues. Please note that this feature is in live beta and can be implemented in any league. Therefore, we strongly recommend that you start a new Franchise file for cross-play in the event our team would need to temporarily disable the feature during the live beta. Note: cross-play availability can potentially be impacted on a platform by platform basis by things like planned or unplanned maintenance, server releases, Title Updates, unexpected downtime, or matchmaking updates.",2026-06-26T17:26:40+00:00,,,,https://steamcommunity.com/app/3940610/discussions/0/573793658843902377/
steam,McDonald,post,Madden NFL 27,"um the seahawks won last year, why the bears on here XD",2026-07-26T03:49:56+00:00,,,,https://steamcommunity.com/app/3940610/discussions/0/594062684485393637/
steam,jksemtex,reply,Madden NFL 27,EA picks a popular player most of the time for their covers,2026-07-26T22:22:41+00:00,,,,https://steamcommunity.com/app/3940610/discussions/0/594062684485393637/
steam,Jomi,reply,Madden NFL 27,an EA executive has to be a bears fan. only logical answer why Caleb Williams is on the cover,2026-07-28T07:50:46+00:00,,,,https://steamcommunity.com/app/3940610/discussions/0/594062684485393637/
steam,McDonald,reply,Madden NFL 27,Originally posted by Jomi:an EA executive has to be a bears fan. only logical answer why Caleb Williams is on the cover exactly what im thinking. Alot of other options they could have picked. Only reason they picked him was because he was a #1 overall draft pick.,2026-07-28T08:19:29+00:00,,,,https://steamcommunity.com/app/3940610/discussions/0/594062684485393637/
steam,mohalen,post,Madden NFL 27,Does it play well on the SD?,2026-06-20T20:17:32+00:00,,,,https://steamcommunity.com/app/3940610/discussions/0/564786150742455765/
steam,cdoodew2,reply,Madden NFL 27,I want this game!Too bad it probably won't work at all on SD.If EA could at least make it work in offline mode!PLEASE!,2026-06-21T02:58:49+00:00,,,,https://steamcommunity.com/app/3940610/discussions/0/564786150742455765/
steam,cdoodew2,reply,Madden NFL 27,Hurry! I'm almost about to buy Axis Football '26.,2026-06-21T03:07:08+00:00,,,,https://steamcommunity.com/app/3940610/discussions/0/564786150742455765/
steam,APBT82,reply,Madden NFL 27,Would be nice! I doubt it will be compatible.,2026-06-23T02:34:48+00:00,,,,https://steamcommunity.com/app/3940610/discussions/0/564786150742455765/
steam,ShelLuser,reply,Madden NFL 27,Originally posted by mohalen:Does it play well on the SD? They just posted a Madden 27 FAQ and unfortunately it's confirmed that Steam Deck isn't supported.,2026-06-27T02:55:13+00:00,,,,https://steamcommunity.com/app/3940610/discussions/0/564786150742455765/
steam,fredm2002,reply,Madden NFL 27,They work if you install Windows 10/11,2026-07-27T01:47:21+00:00,,,,https://steamcommunity.com/app/3940610/discussions/0/564786150742455765/
steam,this_mugg,post,Madden NFL 27,"even though the games are totally different STEAM considers them as one game because the 2 were bundled together as a discount. if your like me and was gifted a console and want to play Madden 27 on the console your SOL. it would be super easy for them to give you a refund, its all digital.",2026-07-25T21:42:38+00:00,,,,https://steamcommunity.com/app/3940610/discussions/0/594062684485377489/
steam,andreweminem,post,Madden NFL 27,tried to refunmd due to college football not working on steam during early access to buy mvp bundle on ea app but steam denys refund bc i have over 2 hours ... this game isnt out till august is steam high,2026-07-07T23:43:17+00:00,,,,https://steamcommunity.com/app/3940610/discussions/0/573794767997130295/
steam,this_mugg,reply,Madden NFL 27,so i guess i wont get a refund either,2026-07-25T17:35:32+00:00,,,,https://steamcommunity.com/app/3940610/discussions/0/573794767997130295/
steam,Lunojam,post,Madden NFL 27,"I don't give a singular crap about wanting to ""Test the waters""Every year EA gives you the SAME ♥♥♥♥, AND YOU PROCEED TO COMPLAIN WHEN IT ENDS UP BEING BAD.Stop acting surprised when EA turns out not to give a damn about the game, and DO SOMETHING ABOUT IT, I stopped playing these games at madden 13.What I am trying to get at; is that if you want something to change, STOP GIVING EA THE ABILITY TO SCREW YOU OVER, BY PURCHASING THEIR CRAP.I KNOW they have the stupid exclusive license, so make them REGRET IT by not giving it a chance and telling EA you are TIRED of this MASOCHISTIC CYCLE.",2026-07-20T20:02:01+00:00,,,,https://steamcommunity.com/app/3940610/discussions/0/578299465370381655/
steam,Digital Cowboy,reply,Madden NFL 27,ima buy it whem its only sale for 13.99 in march,2026-07-24T22:50:44+00:00,,,,https://steamcommunity.com/app/3940610/discussions/0/578299465370381655/
steam,buzzkiller,post,Madden NFL 27,"I don't play sport games, but I would seriously consider doing it after that hilarious Vince Vaughn commercial........ Well Played, Well Acted....... makes me marginally want to buy the game......",2026-07-14T18:22:01+00:00,,,,https://steamcommunity.com/app/3940610/discussions/0/577173082186304091/
steam,Gaijin Deviant,reply,Madden NFL 27,This company won't get a penny of my money employing that MAGA idiot mouthpiece,2026-07-17T09:23:28+00:00,,,,https://steamcommunity.com/app/3940610/discussions/0/577173082186304091/
steam,(ADORA)ble 🌈👊,reply,Madden NFL 27,Originally posted by Gaijin Deviant:This company won't get a penny of my money employing that MAGA idiot mouthpiece Oh ♥♥♥♥ I didn't know he was maga. Gross.,2026-07-22T12:13:14+00:00,,,,https://steamcommunity.com/app/3940610/discussions/0/577173082186304091/
steam,backspace4353,post,Madden NFL 27,"Before I buy Madden NFL 27, I have two simple concerns.First, has EA finally improved CPU vs CPU Franchise Mode? I enjoy being an owner, GM, or coach. I want to build a team, manage contracts, draft players, make trades, and watch games unfold. I don't buy Madden to spend every game mashing buttons. I buy it to run a franchise.I also enjoy watching games around the league, not just my own team. I want to be able to watch other regular season games, playoff games, and the Super Bowl even if my team isn't participating. In previous Madden games, if your team didn't make the Super Bowl, you often couldn't simply sit back and watch it. For franchise players, that's a huge missed opportunity.Second, have the simulation stats been fixed? In previous Madden games, there was often a disconnect between simulated games and games that were actually played or watched. For franchise players, realistic league-wide statistics are important. The NFL should feel like one consistent league regardless of whether games are simulated, played, or watched.What I find frustrating is that in the mid-1990s, a game called Front Page Sports Football used a system that actually played every game out behind the scenes, producing statistics that matched the gameplay. Thirty years later, it's surprising that Madden still struggles with statistical consistency between simulated and played games.If Madden 27 can deliver strong CPU vs CPU support, allow us to watch games throughout the league, and provide realistic, consistent franchise statistics, it will go a long way toward convincing franchise-focused players like me to buy the game.",2026-06-20T23:20:00+00:00,,,,https://steamcommunity.com/app/3940610/discussions/0/564786150742467057/
steam,Smyt,reply,Madden NFL 27,I don't think EA is going to change due to a very small percentage of people that would want to watch a football game inside a videogame. If I want to watch football I'll turn on the tv or stream a game. If I want to play football I boot up Madden,2026-06-30T19:33:42+00:00,,,,https://steamcommunity.com/app/3940610/discussions/0/564786150742467057/
steam,Nostradumbass,reply,Madden NFL 27,"I am also very interested in cpu vs.cpu, I'd love if it was better.",2026-07-22T02:33:46+00:00,,,,https://steamcommunity.com/app/3940610/discussions/0/564786150742467057/
steam,(ADORA)ble 🌈👊,reply,Madden NFL 27,Also a big CPU vs CPU fan,2026-07-22T12:12:01+00:00,,,,https://steamcommunity.com/app/3940610/discussions/0/564786150742467057/
steam,Valec,post,Madden NFL 27,"This franchise has been trending downhill for most of this decade. Probably all of it. Madden 26 was probably the worst yet. Less content, more bugs, network issues that weren't fixed for weeks making the game unplayable.This company doesn't care about making a good product so do not buy it. I know it's hard to resist when it's the only NFL football game out there, but the only language they speak is money. The NFL doesn't care that it's a garbage product. As long as the money keeps flowing from EA to them, and from us to EA.",2026-05-11T12:32:29+00:00,,,,https://steamcommunity.com/app/3940610/discussions/0/840627927552943204/
steam,BlueWing,reply,Madden NFL 27,feel you bro 60$ for this crazy,2026-05-30T20:59:17+00:00,,,,https://steamcommunity.com/app/3940610/discussions/0/840627927552943204/
steam,ProjectSiolence,reply,Madden NFL 27,"Nah, Burrow and the Bengals wining the Bowl this year, gotta buy day 1 and playthrough it with em, Who Dey!",2026-05-31T15:43:27+00:00,,,,https://steamcommunity.com/app/3940610/discussions/0/840627927552943204/
steam,Halls,reply,Madden NFL 27,"I understand the hesitation and I'm with you, but after watching the 2 hour vod of the stream they actually seem to be putting in a bunch of work into franchise which gives me hope... and it will be the first game released after madden was bought out",2026-06-13T11:47:27+00:00,,,,https://steamcommunity.com/app/3940610/discussions/0/840627927552943204/
steam,Valec,reply,Madden NFL 27,"Originally posted by Halls:I understand the hesitation and I'm with you, but after watching the 2 hour vod of the stream they actually seem to be putting in a bunch of work into franchise which gives me hope... and it will be the first game released after madden was bought out It's going to be terrible. It's always terrible.Yes, I also pre-ordered. Yes, I have low willpower. Yes, I hate myself for it.",2026-06-13T12:31:14+00:00,,,,https://steamcommunity.com/app/3940610/discussions/0/840627927552943204/
steam,ShelLuser,reply,Madden NFL 27,"Well, people keep complaining every year, yet despite that I usually always manage to have a great time playing and ""coaching"" (I always enjoy myself when I manage to score an auction using the companion app).Decided to treat myself... 2 years ago (= Madden '25?) this turned into a disaster, not gonna lie. '25 was plain out horrible. '26 otoh... I had a really good time again.SO... time to kick off the new NFL season in style: with Madden '27.",2026-06-18T20:05:47+00:00,,,,https://steamcommunity.com/app/3940610/discussions/0/840627927552943204/
steam,Tothe,reply,Madden NFL 27,"People really need to stop buying these games. They will never improve in quality until people stop. I wish that madden was worth buying, but it hasn’t been in over 10 years.",2026-06-24T00:49:14+00:00,,,,https://steamcommunity.com/app/3940610/discussions/0/840627927552943204/
steam,DavidDukeNukem,reply,Madden NFL 27,did you write this review before you learned that they added the HANGING MOUTHPIECES? Sounds like you did. No way you're calling Madden recycled trash if you knew they added HANGING MOUTHPIECES in Madden 27. You can even pick between Adidas or Nike shoelaces.,2026-06-28T00:00:09+00:00,,,,https://steamcommunity.com/app/3940610/discussions/0/840627927552943204/
steam,EzePz,reply,Madden NFL 27,Is this their first time using Ai in their game? I have zero hope it’ll be any good.,2026-07-03T01:23:32+00:00,,,,https://steamcommunity.com/app/3940610/discussions/0/840627927552943204/
steam,Valec,reply,Madden NFL 27,"Originally posted by DavidDukeNukem:did you write this review before you learned that they added the HANGING MOUTHPIECES? Sounds like you did. No way you're calling Madden recycled trash if you knew they added HANGING MOUTHPIECES in Madden 27. You can even pick between Adidas or Nike shoelaces. Hahahah you caught me! I was so sure this would be another copy and paste, but EA really upped their game this time!Originally posted by EzePz:Is this their first time using Ai in their game? I have zero hope it’ll be any good. Honestly... I doubt it will be much worse than what they give us every year.",2026-07-03T10:05:34+00:00,,,,https://steamcommunity.com/app/3940610/discussions/0/840627927552943204/
steam,EzePz,reply,Madden NFL 27,"Originally posted by Valec:Originally posted by DavidDukeNukem:did you write this review before you learned that they added the HANGING MOUTHPIECES? Sounds like you did. No way you're calling Madden recycled trash if you knew they added HANGING MOUTHPIECES in Madden 27. You can even pick between Adidas or Nike shoelaces. Hahahah you caught me! I was so sure this would be another copy and paste, but EA really upped their game this time!Originally posted by EzePz:Is this their first time using Ai in their game? I have zero hope it’ll be any good. Honestly... I doubt it will be much worse than what they give us every year. true, but for some reason i feel like they'll screw it up even more, and we'll see ridiculous ai logos that make no sense or just out of wack lmao. Electronic Arts just seems like a team whom wants to keep the record for most greediest in microtransactions but laziest in actual game development lol.",2026-07-03T16:24:11+00:00,,,,https://steamcommunity.com/app/3940610/discussions/0/840627927552943204/
steam,Valec,reply,Madden NFL 27,"Only tangentially related but their other game, College Football 27 has the same menu issues that Madden had last year. I've had to alt+f4 multiple times while going through menus in Ultimate Team(which is where you spend half your time in that mode, lmao)",2026-07-07T12:54:15+00:00,,,,https://steamcommunity.com/app/3940610/discussions/0/840627927552943204/
steam,Æsthetic,reply,Madden NFL 27,Haven’t bought a Madden game since 2013. I keep poking my head in to see the improvements but it’s just rehash after rehash and caters to a certain crowd that ain’t my crowd. I’ll just stick to watching NFL live.,2026-07-08T10:35:32+00:00,,,,https://steamcommunity.com/app/3940610/discussions/0/840627927552943204/
steam,Maghnus Opus,reply,Madden NFL 27,Not getting it. Not diverse enough too many black players and not equal parts of every race and culture.,2026-07-13T16:07:17+00:00,,,,https://steamcommunity.com/app/3940610/discussions/0/840627927552943204/
steam,Lunojam,reply,Madden NFL 27,Unfortunately Madden fans have Stockholm syndrome at this point and will accept the smallest insignificant improvements. Settling for the bare minimum when they don't even have to entertain EA's bs.,2026-07-21T11:24:44+00:00,,,,https://steamcommunity.com/app/3940610/discussions/0/840627927552943204/
steam,Maghnus Opus,reply,Madden NFL 27,Originally posted by Lunojam:Unfortunately Madden fans have Stockholm syndrome at this point and will accept the smallest insignificant improvements. Settling for the bare minimum when they don't even have to entertain EA's bs. It is a joke I am not even taking it serious anymore as a brand. I bought it almost every year for the last 5 titles. At least the clipping is hilarious during plays.Madden at this point is not football. It's fools ball! It's the devil!!!,2026-07-21T22:26:22+00:00,,,,https://steamcommunity.com/app/3940610/discussions/0/840627927552943204/
steam,OMGDonutz,post,Madden NFL 27,Wont be supporting Saudi Arabia and Jared Kushner,2026-07-18T16:19:39+00:00,,,,https://steamcommunity.com/app/3940610/discussions/0/578299465370204971/
steam,PuRGE KiNG,post,Madden NFL 27,ANOTHER YEAR OF COMPLETE GARBAGE. WOKE COVER OF A GUY WITH PAINTED FINGERNAILS. TRASH GAME FOR SOFT PEOPLE! ENJOY FANBOYS!,2026-06-18T12:10:53+00:00,,,,https://steamcommunity.com/app/3940610/discussions/0/564785824624930538/
steam,InzertNameHeree,reply,Madden NFL 27,someone's projecting,2026-07-07T02:28:55+00:00,,,,https://steamcommunity.com/app/3940610/discussions/0/564785824624930538/
steam,Nicest Killer <3,post,Madden NFL 27,GIVE ME THE MVP+ bundle,2026-06-05T01:17:40+00:00,,,,https://steamcommunity.com/app/3940610/discussions/0/565910456029566830/
steam,Tip_27,reply,Madden NFL 27,Facts,2026-06-09T02:00:20+00:00,,,,https://steamcommunity.com/app/3940610/discussions/0/565910456029566830/
steam,Valec,reply,Madden NFL 27,"Are you new to being a PC Madden player? They always give us the least. That is, when they are even giving us the current modern version of the game, because they didn't even bother doing that for awhile.edit: that was a real question. I realize it came off as rude, not my intention",2026-06-13T21:54:58+00:00,,,,https://steamcommunity.com/app/3940610/discussions/0/565910456029566830/
steam,Nicest Killer <3,reply,Madden NFL 27,"Originally posted by Valec:Are you new to being a PC Madden player? They always give us the least. That is, when they are even giving us the current modern version of the game, because they didn't even bother doing that for awhile.edit: that was a real question. I realize it came off as rude, not my intention LOOK AT MY PROFILE BRO... DO I LOOK NEW LMAO. lol all jokes aside, i know PC gets everything last... but a brotha can dream",2026-06-14T02:57:02+00:00,,,,https://steamcommunity.com/app/3940610/discussions/0/565910456029566830/
steam,Valec,reply,Madden NFL 27,"Originally posted by Emerald City Route Artist:Originally posted by Valec:Are you new to being a PC Madden player? They always give us the least. That is, when they are even giving us the current modern version of the game, because they didn't even bother doing that for awhile.edit: that was a real question. I realize it came off as rude, not my intention LOOK AT MY PROFILE BRO... DO I LOOK NEW LMAO. lol all jokes aside, i know PC gets everything last... but a brotha can dream hahaha than yeah, you know bro",2026-06-14T12:21:00+00:00,,,,https://steamcommunity.com/app/3940610/discussions/0/565910456029566830/
steam,Looking For MILFS In My Area,reply,Madden NFL 27,It's fine to me. I'll just download mods that give me the same benefits for free. I'll also just play the game on PC a week early like console as long as they come out on the sites these ♥♥♥♥ company's don't like.,2026-06-15T22:28:41+00:00,,,,https://steamcommunity.com/app/3940610/discussions/0/565910456029566830/
steam,RocklandRaiders,reply,Madden NFL 27,"Exactly my point, i thought ea was greedy but nah anyone outside of the usa and canada dont get the mvp+ sub thing. So we cant play the game 7 days early....Im annoyed cause i kinda wanted to get back into madden this year but if they wont give us what console players get then it sucks, also stupid if your outside the usa as we cant even give them more money for the sub version.",2026-07-01T08:59:31+00:00,,,,https://steamcommunity.com/app/3940610/discussions/0/565910456029566830/
steam,SydneyAngel,reply,Madden NFL 27,What are you people talking about,2026-07-02T03:46:50+00:00,,,,https://steamcommunity.com/app/3940610/discussions/0/565910456029566830/
steam,SydneyAngel,reply,Madden NFL 27,So PC players wont get the MVP sub thing ?,2026-07-02T03:47:37+00:00,,,,https://steamcommunity.com/app/3940610/discussions/0/565910456029566830/
steam,Nicest Killer <3,reply,Madden NFL 27,Originally posted by SydneyAngel:So PC players wont get the MVP sub thing ? No,2026-07-03T01:14:26+00:00,,,,https://steamcommunity.com/app/3940610/discussions/0/565910456029566830/
steam,Find the Door,reply,Madden NFL 27,"Yeah would have been a for sure purchase for me, don't understand it. if anything PC players need early access because we'll likely have crashing bugs that now will be drawn out even longer.",2026-07-03T04:11:39+00:00,,,,https://steamcommunity.com/app/3940610/discussions/0/565910456029566830/
steam,BATJUSTSIDEBRO,post,Madden NFL 27,"Anyone know about new face scans that they saw in the beta? I didn’t have the beta but I saw some rookies, Skat, Sheduer. Any more that you guys saw?",2026-07-01T03:36:51+00:00,,,,https://steamcommunity.com/app/3940610/discussions/0/573794228177541376/
steam,Bradykins,post,Madden NFL 27,I just hated the fact that in 24 and 25 it was but in 26 it wasn’t. It’s gonna bum me out if not,2026-06-22T17:42:07+00:00,,,,https://steamcommunity.com/app/3940610/discussions/0/564786150742603664/
steam,DerWahreSCHOTTI,post,Madden NFL 27,♥♥♥♥ happens 4 me...When is it finally coming out in German?,2026-06-11T22:40:19+00:00,,,,https://steamcommunity.com/app/3940610/discussions/0/571540589652356164/
steam,NED STARK,reply,Madden NFL 27,"I agree. They should get someone who announces for Europe leagues to do various languages. If the NFL is trying to expand internationally they should at least give those countries accessibility in their licensed games. They also need to improve the commentary in English. Like why do I have a woman announcing half the games and why is she calling me ""partner"" after every play? This isn't a cattle ranch.",2026-06-11T23:52:12+00:00,,,,https://steamcommunity.com/app/3940610/discussions/0/571540589652356164/
steam,BarackOBINA,reply,Madden NFL 27,"I don't understand this either, there are already games in other countries besides the USA, precisely to expand the brand, but the game only has 1 language, it's not possible to understand, things from EA",2026-06-21T02:40:31+00:00,,,,https://steamcommunity.com/app/3940610/discussions/0/571540589652356164/
steam,TOTALfps,post,Battlefield 6,"We're inviting you to take part in our latest Battlefield Community Survey, with this edition focused on Pacific Front.Your feedback helps us better understand your experience with Battlefield and the community. By looking at responses across the survey, we're able to identify broader trends, understand where we're doing well, and highlight areas where we can improve.The survey takes around 5 minutes to complete. Responses are available on a first come, first served basis, with a limited number of survey slots available.Take the survey here: https://www.surveymonkey.com/r/Q8QGY58While the survey is an important part of how we gather feedback, it's not the only way. We also read your discussions here on the Steam forums, as well as on Discord, Battlefield Labs, social media, and other community spaces. Please continue sharing your thoughts wherever you're most comfortable, and we'll be there listening.Thank you for taking the time to share your feedback and help shape the future of Battlefield.",2026-07-28T15:01:10+00:00,,,,https://steamcommunity.com/app/2807960/discussions/0/581678051258044647/
steam,Battle_Kangaroo,post,Battlefield 6,"We’re investigating an issue on PC where some players may experience a GPU driver crash when playing on maps with large bodies of water, including Tsuru Reef.Based on our current data, the issue appears to affect NVIDIA GPUs, with reports more concentrated among players using GeForce RTX 50 Series cards. The issue does not appear to affect all players using these GPUs.While we continue working with NVIDIA to identify a resolution, players experiencing repeated driver crashes are advised to temporarily roll back to NVIDIA driver version 596.49.If crashes continue after rolling back, please share your GPU model, driver version, affected map, and any available crash report details in our Technical Issues page on our EA Forums, to help us narrow down the cause.We’ll provide another update as soon as we have more information.Thank you for your patience while we investigate.",2026-07-21T17:31:27+00:00,,,,https://steamcommunity.com/app/2807960/discussions/0/579425645199651409/
steam,LagerregaL,reply,Battlefield 6,its not even possible to start the game,2026-07-21T17:42:30+00:00,,,,https://steamcommunity.com/app/2807960/discussions/0/579425645199651409/
steam,LogjamminHungus,reply,Battlefield 6,"getting a directx function error ""m_swapChain->Presents(syncInterval, presentFlags)"" failed with E_NONINTERFACE (Operation aborted""). on startup that crashes to desktop.",2026-07-21T17:49:21+00:00,,,,https://steamcommunity.com/app/2807960/discussions/0/579425645199651409/
steam,awe777,reply,Battlefield 6,+,2026-07-21T17:52:54+00:00,,,,https://steamcommunity.com/app/2807960/discussions/0/579425645199651409/
steam,KillT,reply,Battlefield 6,"RTX 5080 , Как откатиться на версию драйвера ???",2026-07-21T17:59:42+00:00,,,,https://steamcommunity.com/app/2807960/discussions/0/579425645199651409/
steam,Lord Garthius Maximus X,reply,Battlefield 6,RTX 5080 Confirmed.,2026-07-21T18:00:47+00:00,,,,https://steamcommunity.com/app/2807960/discussions/0/579425645199651409/
steam,Dobby with Glock,reply,Battlefield 6,Also crashes for me on the new map on the 5080,2026-07-21T18:07:14+00:00,,,,https://steamcommunity.com/app/2807960/discussions/0/579425645199651409/
steam,Honchoponcho813,reply,Battlefield 6,no crashes but really low frames when using dlss,2026-07-21T18:16:44+00:00,,,,https://steamcommunity.com/app/2807960/discussions/0/579425645199651409/
steam,GG_Anti,reply,Battlefield 6,"Frame generation has stopped working since the update. I have a 5080; I used to get 240 fps with frame gen x3, but now—whether I set it to x4, x5, or x6, or even disable it entirely—the game stays at around 110 fps. Just like when I turn it off.",2026-07-21T18:23:46+00:00,,,,https://steamcommunity.com/app/2807960/discussions/0/579425645199651409/
steam,MagNetO,reply,Battlefield 6,"After back to 596.49 Drivers, All Works Fine.",2026-07-21T18:32:38+00:00,,,,https://steamcommunity.com/app/2807960/discussions/0/579425645199651409/
steam,nemsis ッ,reply,Battlefield 6,"Originally posted by GG_Anti:Frame generation has stopped working since the update. I have a 5080; I used to get 240 fps with frame gen x3, but now—whether I set it to x4, x5, or x6, or even disable it entirely—the game stays at around 110 fps. Just like when I turn it off. same problem. in season 3: 190fps --> season 4: 110fps and drops to 80fps -.- I have a 5070Ti",2026-07-21T18:45:43+00:00,,,,https://steamcommunity.com/app/2807960/discussions/0/579425645199651409/
steam,GG_Anti,reply,Battlefield 6,"Originally posted by nemsis ッ:Originally posted by GG_Anti:Frame generation has stopped working since the update. I have a 5080; I used to get 240 fps with frame gen x3, but now—whether I set it to x4, x5, or x6, or even disable it entirely—the game stays at around 110 fps. Just like when I turn it off. same problem!!! season 3: 190fps --> season 4: 110fps I have a 5070Ti Yes, whether you disable frame gen or not, the FPS is exactly the same. Frame gen hasn't been working since the update.",2026-07-21T18:48:11+00:00,,,,https://steamcommunity.com/app/2807960/discussions/0/579425645199651409/
steam,DEFFROOM64RUS,reply,Battlefield 6,"This problem has existed since the game's release!! Aren't you ashamed that you still haven't fixed it? I had this problem on the 4070 Ti, and now it's happening on the new 5070 Ti as well.",2026-07-21T19:04:15+00:00,,,,https://steamcommunity.com/app/2807960/discussions/0/579425645199651409/
steam,Abbe,reply,Battlefield 6,how about you investigate the lag on the deploy screen first? switching loadouts always lags on amd gpu. rx 9060xt driver 26.5.2,2026-07-21T19:19:49+00:00,,,,https://steamcommunity.com/app/2807960/discussions/0/579425645199651409/
steam,ALPHA ROOFDIER ZA,reply,Battlefield 6,This comment is awaiting analysis by our automated content check system. It will be temporarily hidden until we verify that it does not contain harmful content (e.g. links to websites that attempt to steal information).,2026-07-21T19:22:06+00:00,,,,https://steamcommunity.com/app/2807960/discussions/0/579425645199651409/
steam,rnBRG,reply,Battlefield 6,"Originally posted by DEFFROOM64RUS:This problem has existed since the game's release!! Aren't you ashamed that you still haven't fixed it? I had this problem on the 4070 Ti, and now it's happening on the new 5070 Ti as well. No it hasn't. The game haven't crashed on my 5070Ti at all before Season 4 patch.",2026-07-21T19:25:41+00:00,,,,https://steamcommunity.com/app/2807960/discussions/0/579425645199651409/
steam,Battle_Kangaroo,post,Battlefield 6,"Hello everyone,Welcome to the world of Battlefield!As a new player, you have more of an impact on all-out war than you think. In Battlefield, the greatest players are not the ones who have the highest kill-to-death ratio, nor who make the flashiest plays…The best players are team players, and when there are many paths to victory, even the smallest contributions can turn the tide of battle for the squad.Here is how you can take complete control of your first hours on Battlefield 6:Your First Steps onto the Battlefield - Settings and CampaignThe first time you open Battlefield 6, you will be presented with a streamlined Settings menu. This allows you to enable accessibility enhancements, as well as customize some of the dozens of individual sliders, toggles and behaviors for gameplay mechanics. The full Settings can be accessed via the “Gear” or “Cog” icon on the Battlefield 6 main menu.Based on our experience, we recommend tuning these five Settings first, if you don’t know where to start:SensitivityInverted LookController Layout / KeybindsMotion Blur / ShakeField of ViewAfter this, we highly recommend a new player enter Multiplayer with more experienced friends. The only true way to learn is by playing the game, and a group of patient friends is your best resource - far better than any written guide - in helping you as a new player. Our next best recommendation - and our first choice for a true solo player - is to play the Campaign. This single-player experience offers a great introduction to Battlefield and classes, specific character archetypes with unique traits, gadgets, abilities and more, that are the core of Multiplayer.Initiation Mode - Your Launchpad Through the Core RanksEvery player - new or veteran - starts Battlefield 6 at Rank 1. Performing in-game actions - eliminations, assists and playing the objective - rewards Career Rank XP; earn enough Career Rank XP to go up a Career Rank, unlocking new functional and cosmetic rewards along the way.At launch up until Rank 10, you have access to Initiation Multiplayer playlists, in addition to all Multiplayer experiences that any player can access.Initiation Modes in Multiplayer offer the same combat scenarios and intensity as a “regular” Multiplayer mode with two key differences: this experience is meant for low Rank, or new, players, and each team is partially filled with bots.To learn more, you can read the full New Player Guide here. We also have more How To guides and blogs regarding certain aspects of the game, which you can find all on our EA website.We also have an entire section dedicated to new players in our Discord server[discord.com]. Join the community and make new friends, experienced or new.Good luck and see you on the battlefield.//The Battlefield Team",2025-10-10T15:06:18+00:00,,,,https://steamcommunity.com/app/2807960/discussions/0/591784592221153943/
steam,RedDragonFlamex,reply,Battlefield 6,awesome advice,2025-10-10T15:07:40+00:00,,,,https://steamcommunity.com/app/2807960/discussions/0/591784592221153943/
steam,MacedoniaNetworks,reply,Battlefield 6,Ai slop,2025-10-10T15:08:00+00:00,,,,https://steamcommunity.com/app/2807960/discussions/0/591784592221153943/
steam,Sylvie,reply,Battlefield 6,Awesome but game servers full! 300k+ players,2025-10-10T15:08:45+00:00,,,,https://steamcommunity.com/app/2807960/discussions/0/591784592221153943/
steam,dcch6666,reply,Battlefield 6,Asia can not connect? I can not open,2025-10-10T15:09:12+00:00,,,,https://steamcommunity.com/app/2807960/discussions/0/591784592221153943/
steam,EAX,reply,Battlefield 6,"Thanks to the EA CMs removing any sort of critisism, including any bug postings or issues within the game.Get some support schoolings. Ignorant employees. Look at your Known Bug Collection, you GATHER NO DATA AT ALL.Troll Company.",2025-10-10T15:13:21+00:00,,,,https://steamcommunity.com/app/2807960/discussions/0/591784592221153943/
steam,lazy pug,reply,Battlefield 6,Enjoy the game guys,2025-10-10T15:13:37+00:00,,,,https://steamcommunity.com/app/2807960/discussions/0/591784592221153943/
steam,Winniebob,reply,Battlefield 6,"current queue position 492,000.....",2025-10-10T15:19:15+00:00,,,,https://steamcommunity.com/app/2807960/discussions/0/591784592221153943/
steam,Абу Бахил,reply,Battlefield 6,"GL GUYS, see u all in battlefield",2025-10-10T15:20:25+00:00,,,,https://steamcommunity.com/app/2807960/discussions/0/591784592221153943/
steam,Ōkami (⩌⩊⩌),reply,Battlefield 6,6. queue hell on start,2025-10-10T15:22:17+00:00,,,,https://steamcommunity.com/app/2807960/discussions/0/591784592221153943/
steam,Sachmar,reply,Battlefield 6,Did I buy this game just to wait 2 days before I could connect?,2025-10-10T15:27:58+00:00,,,,https://steamcommunity.com/app/2807960/discussions/0/591784592221153943/
steam,Firelance,reply,Battlefield 6,"Content not installed bug whenever a friend joins party, good job EA",2025-10-10T16:10:41+00:00,,,,https://steamcommunity.com/app/2807960/discussions/0/591784592221153943/
steam,Deejudanne,reply,Battlefield 6,Originally posted by MacedoniaNetworks:Ai slop what makes it ai?,2025-10-10T16:16:08+00:00,,,,https://steamcommunity.com/app/2807960/discussions/0/591784592221153943/
steam,OGCreekGold,reply,Battlefield 6,BLACK SCREEN AND CRASHES WE CANT PLAY THE GAME!,2025-10-10T16:23:19+00:00,,,,https://steamcommunity.com/app/2807960/discussions/0/591784592221153943/
steam,PLA_ZhangYang,reply,Battlefield 6,骗钱呢吧，我草这是什么啊，跟三角洲一样，没有滑铲，冲刺，太难受了，枪械！！！！,2025-10-10T17:54:11+00:00,,,,https://steamcommunity.com/app/2807960/discussions/0/591784592221153943/
steam,Woods,reply,Battlefield 6,phantom edition pack is missing in my game,2025-10-10T18:08:54+00:00,,,,https://steamcommunity.com/app/2807960/discussions/0/591784592221153943/
steam,Ganslinger43,post,Battlefield 6,"Hello everyone! On July 29, at 9 AM PDT/ 12 PM EDT/ 6 PM CEST, we’ll be hosting our second Battlefield 6 Live Q&A session on the official Discord server, https://discord.com/invite/battlefield. Join the development team for an hour-long session where we dive into your questions on Season 4, Naval Warfare, REDSEC, and updates around the outstanding items from our 2026 Roadmap. Your questions will be answered live by our development team, and we’re excited to dig into the details of Battlefield 6’s latest Season and beyond! If you want to participate in the Q&A, make sure you join the official Discord server ahead of time, and keep an eye out for more details as we get closer to the day.https://discord.com/invite/battlefield",2026-07-27T15:00:29+00:00,,,,https://steamcommunity.com/app/2807960/discussions/0/581677784229914648/
steam,Chalupacabra,reply,Battlefield 6,"Cool, more avenues for the devs to disregard our requests to disable crossplay on PC.",2026-07-27T16:18:07+00:00,,,,https://steamcommunity.com/app/2807960/discussions/0/581677784229914648/
steam,DINOMAN1337YT,reply,Battlefield 6,"When is the Linux , Steam Deck and Steam OS support update coming? We know EA has job listing for someone who is familiar with linux just give us a little tease please",2026-07-27T19:19:12+00:00,,,,https://steamcommunity.com/app/2807960/discussions/0/581677784229914648/
steam,smokerob79,reply,Battlefield 6,cool ....most people have already uninstalled discord and deleted accounts......,2026-07-28T00:26:15+00:00,,,,https://steamcommunity.com/app/2807960/discussions/0/581677784229914648/
steam,Battle_Kangaroo,post,Battlefield 6,"We’re tracking reports of the following issues:- Pings may not appear properly, primarily when players are using vehicles or drones.- Player tank loadouts may not equip properly in certain modes, including Gauntlet’s Rodeo mode. Thank you for your reports and patience while we investigate these issues.",2026-07-22T23:08:54+00:00,,,,https://steamcommunity.com/app/2807960/discussions/0/581677493394699276/
steam,Tastrix,reply,Battlefield 6,"Is there any official update on this known issue that's been posted, pinned, and hasn't been updated for two weeks?https://steamcommunity.com/app/2807960/discussions/0/572667758937064487/",2026-07-23T01:04:00+00:00,,,,https://steamcommunity.com/app/2807960/discussions/0/581677493394699276/
steam,Niwa (ノಠДಠ)ノ彡,reply,Battlefield 6,"New bug. If playing as Recon, when having 2 claymores and placing one then pick it up back up, does not count towards inventory, will still have only 1 claymore.Repo steps:Restock claymore to 2Place claymorePick same claymore back upInventory still shows one",2026-07-23T01:38:13+00:00,,,,https://steamcommunity.com/app/2807960/discussions/0/581677493394699276/
steam,Tentaculat,reply,Battlefield 6,The EF88 ( whatever it's called ) still has 1.35 headshot damage. Presicion doesn't show on the stats.,2026-07-23T03:08:35+00:00,,,,https://steamcommunity.com/app/2807960/discussions/0/581677493394699276/
steam,Savage Instincts Gaming,reply,Battlefield 6,"How do I fix the black screen on startup?? I've tried verifying, deleting ""prosaveprofile"" in documents, secure boot on, smooth motion turned off. I've tried running as administrator. Nothing works! How do I fix this? On 5080. Never had this issue until yesterdays update.",2026-07-23T03:27:18+00:00,,,,https://steamcommunity.com/app/2807960/discussions/0/581677493394699276/
steam,Niwa (ノಠДಠ)ノ彡,reply,Battlefield 6,Recon drones getting kicked out and have to re-enter to use repeatedly.,2026-07-23T03:33:00+00:00,,,,https://steamcommunity.com/app/2807960/discussions/0/581677493394699276/
steam,fireraider,reply,Battlefield 6,No hit registration on enemy upon spawning on teammate at pointblank range,2026-07-23T03:42:13+00:00,,,,https://steamcommunity.com/app/2807960/discussions/0/581677493394699276/
steam,Niwa (ノಠДಠ)ノ彡,reply,Battlefield 6,Spawning with no mortars sometimes.,2026-07-23T04:08:02+00:00,,,,https://steamcommunity.com/app/2807960/discussions/0/581677493394699276/
steam,76561198731643722,reply,Battlefield 6,my battlefield account was account,2026-07-23T11:57:54+00:00,,,,https://steamcommunity.com/app/2807960/discussions/0/581677493394699276/
steam,76561198731643722,reply,Battlefield 6,"my battle field account was hacked ,how to i recover it",2026-07-23T11:58:31+00:00,,,,https://steamcommunity.com/app/2807960/discussions/0/581677493394699276/
steam,SohLid,reply,Battlefield 6,"Originally posted by Savage Instincts Gaming:How do I fix the black screen on startup?? I've tried verifying, deleting ""prosaveprofile"" in documents, secure boot on, smooth motion turned off. I've tried running as administrator. Nothing works! How do I fix this? On 5080. Never had this issue until yesterdays update. Install old Nvidia driver 596.49, works for me and a friend of mine on 50xx geforce series",2026-07-23T22:16:26+00:00,,,,https://steamcommunity.com/app/2807960/discussions/0/581677493394699276/
steam,Brazen,reply,Battlefield 6,where the hell is STRIKEPOINT????????,2026-07-24T00:54:21+00:00,,,,https://steamcommunity.com/app/2807960/discussions/0/581677493394699276/
steam,Savage Instincts Gaming,reply,Battlefield 6,"Originally posted by SohLid:Originally posted by Savage Instincts Gaming:How do I fix the black screen on startup?? I've tried verifying, deleting ""prosaveprofile"" in documents, secure boot on, smooth motion turned off. I've tried running as administrator. Nothing works! How do I fix this? On 5080. Never had this issue until yesterdays update. Install old Nvidia driver 596.49, works for me and a friend of mine on 50xx geforce series Did not work for me",2026-07-24T03:08:01+00:00,,,,https://steamcommunity.com/app/2807960/discussions/0/581677493394699276/
steam,International love,reply,Battlefield 6,memory leak is not fixed,2026-07-24T11:09:30+00:00,,,,https://steamcommunity.com/app/2807960/discussions/0/581677493394699276/
steam,English Muffin,reply,Battlefield 6,"If you are any class, lets say engineer, and you swap our kit with a medic kit, in order to throw down a pack of ammo or whatnot, then swap back to your previous class, you can from then on drag and revive all teammates as if you are a medic.",2026-07-24T14:16:18+00:00,,,,https://steamcommunity.com/app/2807960/discussions/0/581677493394699276/
steam,Kulich88,reply,Battlefield 6,"When changing loadouts in-game—for example, deploying as an Engineer, picking up a Medic kit during the match, and immediately switching back—you gain the ability to revive *all* allies, not just squadmates.",2026-07-24T16:01:53+00:00,,,,https://steamcommunity.com/app/2807960/discussions/0/581677493394699276/
steam,Ganslinger43,post,Battlefield 6,"We are investigating reports from players with AMD graphics card systems who crash when starting Battlefield 6. This does not seem to affect all players, and we are currently working to reproduce the issue internally to determine the next steps.Players experiencing this issue can try performing a clean install of AMD Software: Adrenalin Edition 26.6.4. For step-by-step instructions, please follow our PC graphics troubleshooting guide here: https://help.ea.com/en/articles/technical-issues/pc-graphics-troubleshooting/You can also refer to AMD's official cleanup utility guide for additional information on removing AMD graphics drivers: https://www.amd.com/en/resources/support-articles/faqs/GPU-601.htmlFor additional tech support, feel free to visit the Battlefield 6 forums: https://forums.ea.com/category/battlefield-6-en/discussions/battlefield-6-technical-issues-en",2026-06-26T17:15:51+00:00,,,,https://steamcommunity.com/app/2807960/discussions/0/572667758937064487/
steam,-ProX,reply,Battlefield 6,Insta desktop crash with no error and infinite loading screen.5800xrtx 3070,2026-06-26T18:20:07+00:00,,,,https://steamcommunity.com/app/2807960/discussions/0/572667758937064487/
steam,ȿꪝ° SupermanPR,reply,Battlefield 6,I HAVE THE SAME PROBLEN HAOW I REPAIR,2026-06-26T18:35:46+00:00,,,,https://steamcommunity.com/app/2807960/discussions/0/572667758937064487/
steam,Chuck Mowice,reply,Battlefield 6,Same issue withj AMD RX 7800 XT,2026-06-26T19:10:59+00:00,,,,https://steamcommunity.com/app/2807960/discussions/0/572667758937064487/
steam,мудрейший дебил,reply,Battlefield 6,"same problem, game wont launch for 5 days already",2026-06-26T19:13:59+00:00,,,,https://steamcommunity.com/app/2807960/discussions/0/572667758937064487/
steam,Eiziel98,reply,Battlefield 6,r5 7600 rx7800xt game starsts with black screen and crashes i reinstaled the game but same issue,2026-06-26T19:28:03+00:00,,,,https://steamcommunity.com/app/2807960/discussions/0/572667758937064487/
steam,EROSHAY,reply,Battlefield 6,this is stupid annoying. game worked fine 2 days ago for me.,2026-06-26T19:47:43+00:00,,,,https://steamcommunity.com/app/2807960/discussions/0/572667758937064487/
steam,kalle,reply,Battlefield 6,"AMD Ryzen 7 5700X3D RX7800XT same for me, game crashes during start since 4 days",2026-06-26T20:04:02+00:00,,,,https://steamcommunity.com/app/2807960/discussions/0/572667758937064487/
steam,{H}BrokenTanky,reply,Battlefield 6,has nothing to do with the Graphics driver if so the damn one you said would work it does not does same crash as with the other 26.6.2 it has to be in game code cause crash cause it did not crash this way to last update !!!,2026-06-26T20:16:48+00:00,,,,https://steamcommunity.com/app/2807960/discussions/0/572667758937064487/
steam,Sphinx,reply,Battlefield 6,"I found that by going into Adrenaline, selecting the game and letting Adrenaline use it's defaults, it let me play again.Adrenaline -> Gaming -> Games -> BF6 -> Gaming Experience -> set to DEFAULT.I did not downgrade driver or reinstall anything.I hope this helps.",2026-06-26T20:49:41+00:00,,,,https://steamcommunity.com/app/2807960/discussions/0/572667758937064487/
steam,uLosT2nAlieN,reply,Battlefield 6,"Same problem here. The game crashes at the splash screen. It was working fine a little over a week ago, and I've been trying to fix it ever since.At one point, I got an error saying it was an EA issue and to try again later. I tried contacting EA to find out what was going on, but their customer service is practically nonexistent. I've also tried almost every fix I could find on the forums, with no luck.At this point, everything seems to point to EA AntiCheat. Given EA's recent layoffs, I can't help but wonder if a rushed update or AI-assisted development introduced a bug that's affecting AMD users. That's just my speculation, but I've seen enough reports from AMD users to think something changed.I also saw that some NVIDIA users fixed a similar issue by disabling smoothing, but that obviously doesn't help on AMD.Another thing I noticed is that Battlefield 6 no longer appears in my list of playable games in the EA app. EA's AI chatbot just blamed Steam, which wasn't helpful. Between EA and Steam, it's been nearly impossible to get any meaningful customer support.**System Specs:*** AMD Ryzen 7 7800X3D* AMD Radeon RX 7900 XTXAdrenalin Edition:26.6.2",2026-06-26T22:38:08+00:00,,,,https://steamcommunity.com/app/2807960/discussions/0/572667758937064487/
steam,Hunger,reply,Battlefield 6,"Not just the start, I get a BSOD every 10 minutes into a match. I CAN NOT PLAY THE GAME",2026-06-26T23:12:28+00:00,,,,https://steamcommunity.com/app/2807960/discussions/0/572667758937064487/
steam,Nikk3l,reply,Battlefield 6,"Same here, worked fine days agoRX 7800 XT",2026-06-27T00:23:03+00:00,,,,https://steamcommunity.com/app/2807960/discussions/0/572667758937064487/
steam,luhroof,reply,Battlefield 6,"Originally posted by Sphinx:I found that by going into Adrenaline, selecting the game and letting Adrenaline use it's defaults, it let me play again.Adrenaline -> Gaming -> Games -> BF6 -> Gaming Experience -> set to DEFAULT.I did not downgrade driver or reinstall anything.I hope this helps. WORKED",2026-06-27T02:10:05+00:00,,,,https://steamcommunity.com/app/2807960/discussions/0/572667758937064487/
steam,LNDApache,reply,Battlefield 6,"Originally posted by Sphinx:I found that by going into Adrenaline, selecting the game and letting Adrenaline use it's defaults, it let me play again.Adrenaline -> Gaming -> Games -> BF6 -> Gaming Experience -> set to DEFAULT.I did not downgrade driver or reinstall anything.I hope this helps. IT MAKES 0 SENSE ON HOW THIS WORKS!!!!!!!!!!!!!!!!! been bashing my head on why i couldn't play... this simple ass setting works....",2026-06-27T03:21:19+00:00,,,,https://steamcommunity.com/app/2807960/discussions/0/572667758937064487/
steam,Leek,reply,Battlefield 6,"Originally posted by Sphinx:I found that by going into Adrenaline, selecting the game and letting Adrenaline use it's defaults, it let me play again.Adrenaline -> Gaming -> Games -> BF6 -> Gaming Experience -> set to DEFAULT.I did not downgrade driver or reinstall anything.I hope this helps. Wow! Thank you. It's a shame we have to do that.",2026-06-27T03:36:10+00:00,,,,https://steamcommunity.com/app/2807960/discussions/0/572667758937064487/
steam,Battle_Kangaroo,post,Battlefield 6,"While we're investigating and resolving an unintended interaction with the Match Trigger attachment, we have disabled it from the EF88 and BROD weapons. We will update you once this has been restored.",2026-07-27T20:49:09+00:00,,,,https://steamcommunity.com/app/2807960/discussions/0/581677784229939742/
steam,kissemiss,post,Battlefield 6,"Battle Royale Ranked Rank ResetWe have identified and resolved the issue which caused some players to have their Battle Royale rank reset at the start of Season 4. Additionally, we have added the missing Rank Points to affected players where their current progression was still below the appropriate rank. Players who had already progressed back to or beyond the rank they should have started at did not receive additional Rank Points.The correction will be applied the next time affected players log in.BROD 3 and EF88 Headshot MultipliersSeparately, we have rolled out a correction for the BROD 3 and EF88, which were using the previous 1.34x base headshot multiplier. Both weapons and their ammo attachments now use the intended 1.4x base headshot multiplier in gameplay. The UI may continue to display 1.34x for the time being.Thank you for your patience, and good luck in Ranked Battle Royale during Season 4.",2026-07-27T10:10:01+00:00,,,,https://steamcommunity.com/app/2807960/discussions/0/581677784229899547/
steam,KindForce,reply,Battlefield 6,"Thanks for the ""good news"". I had to spend all these days to rank up to Gold due to this issue and of course, it's my problem, no compensation. When my friends and other guys who were not affected, they are platinum/diamond and higher already.",2026-07-27T12:03:11+00:00,,,,https://steamcommunity.com/app/2807960/discussions/0/581677784229899547/
steam,Firehex,reply,Battlefield 6,"Don't forget to fix Precision on new weapons in stats, which shows zero with any module.",2026-07-27T15:38:56+00:00,,,,https://steamcommunity.com/app/2807960/discussions/0/581677784229899547/
steam,EA_Leeuw,post,Battlefield 6,"Hey everyone,We’re working to keep the Steam forums organized and easy to navigate. As part of that effort, we’ve created this thread to serve as a central hub for links to previously pinned important topics -- so you can find them quickly and easily.[BFComms] Menu tiles not working[BFComms] In-game stuttering[BFComms] Conquest Ticket Increase now live![BFComms] Nov 19th changes to Defibrillators, Sabotage Mode and Challenges[BFComms] Gauntlet Extraction mission disabled[BFComms] Reintroducing Bots to Verified Experiences[BFComms] Battlefield Portal Web Builder Maintenance Update[INFO] BATTLEFIELD 6 KNOWN ISSUES 1.1.1.0[INFO] BATTLEFIELD 6 REDSEC KNOWN ISSUES 1.1.1.0[BFComms] Feature Spotlight - Challenge Rerolling[BFComms] Battlefield Coins not delivered on Steam[BFComms] Update on Bullet Damage Registration[BFComms] Missing rewards[BFComms] Conquest Update: Ticket Counts Restored[BFComms] Battlefield 6 Progression Changes Now Live.[BFComms] Update on Community Experiences 10/22[INFO] Battlefield 6: Mission Brief - Season 1BATTLEFIELD REDSEC - KNOWN ISSUES 1.1.2.0BATTLEFIELD 6 - KNOWN ISSUES 1.1.2.0[BF Comms] Update to Verified and Official Portal Servers[BFComms] BF PRO Battle Pass - Progression & Reward Grant Update[BFComms] Escalation Adjustments Following Update 1.1.3.5[BFComms] Removing the Armored Transport from Battle Royale[BF Comms] Portable Mortar changes[BF Comms] RESOLVED - Outage affecting several game titles[BF Comms] Battlefield Labs Rewards now live![BFComms] Q-Ping Spotting Issue Resolved.[BFComms] Bonus Challenge Update[BFComms] Battlefield 6 - 1.3.2.0 Update[BF Comms] Traverser Mark 2 in Solos[BFComms] An Update on the Lighting Bug in REDSEC[BFComms] Obliteration XP update[BFComms] Strikepoint disabled[BFComms] XP Booster TimingBATTLEFIELD 6 HOTFIX 1.3.2.1, JUNE 17TH[BFComms] Battlefield 1.3.2.0 Blastpoint Update[BFComms] TPM 2.0 Compliance Warning Now Live[BF Comms] Anti-Personnel Shells on the Main Battle Tank DisabledBattlefield 6 Steam Discussions Survey",2025-10-24T15:29:36+00:00,,,,https://steamcommunity.com/app/2807960/discussions/0/599667160179331952/
steam,Battle_Kangaroo,post,Battlefield 6,"Hello everyone,And we are live! We have seen so much action from our community and cannot get enough of all the gameplay that has been shared. With that, we’ve also seen some questions that we have gathered in this FAQ to provide some answers for you. Please read through if you have any questions regarding the game.Where can I go to report bugs?Before you report any bugs, please take a look at our list of Known Issues.We appreciate our players sharing any bugs that they come across while playing Battlefield 6. You can report the bugs here.Where can I go for tech support?If you are having any technical difficulties with the game, please reach out to our support team within our EA forums.Do I need the EA app to play Battlefield 6?Steam players do need to use the EA app to play Battlefield 6 but will need an EA account.What are the minimum and recommended specs?https://steamcommunity.com/sharedfiles/filedetails/?id=3583885414Minimum Required SpecificationsGraphic Settings (In-game): 1080p @ 30 FPS, Low SettingsGPU: Nvidia RTX 2060 / AMD Radeon RX 5600 XT / Intel Arc A380Video Memory: 6GBCPU: Intel Core i5-8400 / AMD Ryzen 5 2600RAM: 16GB (Dual channel 2133mhz)OS (Operating System): Windows 10 (Enabling Hardware Accelerated GPU Scheduling is Recommended)DirectX: DirectX12Storage (Estimated Disk Space Required at Launch): 55GB HDD - Contains Single-Player Campaign or Multiplayer with no High-Resolution Texture Pack installed.Recommended SpecificationsGraphic Settings: 1440p @ 60FPS, High Settings / 1080p @ 80FPS+,Low SettingsGPU: NVIDIA GeForce RTX 3060Ti / AMD Radeon RX 6700 XT / Intel Arc B580Video Memory: 8GBCPU: Intel Core i7-10700 / AMD Ryzen 7 3700XRAM: 16GB (Dual channel 3200mhz)OS: Windows 11 64-bitDirectX: DirectX12Storage: 90GB SSD - Inclusive of Single-Player Campaign, Multiplayer and High-Resolution Texture PackWhat is Secure Boot and is it required?Secure Boot is a Windows 10 and Windows 11 security feature that ensures your PC only loads safe software during startup. Secure Boot allows games supported by EA Javelin Anticheat to additionally detect and remove bad actors, resulting in fewer cheaters and a better experience for players. Secure Boot must be enabled in order to launch Battlefield 6.You can find out how to enable Secure Boot for your PC here.Which graphics drivers are needed to play Battlefield 6?The minimum required graphics drivers are as follows:NvidiaMinDriverVersion 576.88AmdMinDriverVersion 25.10.13.01IntelMinDriverVersion 32.0.101.6881These are our recommended driver versions:NvidiaMinDriverVersion 581.42AmdMinDriverVersion 25.10.25.10IntelMinDriverVersion 32.0.101.8136You can get the latest drivers from your card’s manufacturer here:NVIDIA Graphics Cards[www.nvidia.com]AMD Graphics Cards[www.amd.com]Intel Graphics Cards[www.intel.com]We recommend that players run with both Hardware Accelerated GPU Scheduling (HAGs) and Resizable BAR (ReBAR), especially if Intel ARC GPUs, enabled for maximum performance.Does Battlefield 6 support ultrawide monitors?Yes. You are able to play Battlefield 6 in Ultrawide (21:9) and Super Ultrawide (32:9).Does Battlefield 6 have a frame rate cap?No, you are able to experience Battlefield 6 in 4K with uncapped frame rates, as long as you have a 4K display and supporting hardware. The game also supports many hardware features, which you can read more about here.Does Battlefield 6 have controller support on PC?Yes. Xbox Series S|X and PlayStation 5 controller support is available on PC as well as various third-party controllers.What game modes can I play in Battlefield 6?In Battlefield, you are able to take on iconic, large-scale modes like Conquest, Breakthrough, and Rush. You can also jump into fast-paced intense experiences with Squad Deathmatch, Team Deathmatch, King of the Hill, and Domination. Or jump into a new game mode, Escalation, which you can learn more about here. Portal has returned, where you can create your own gamemode and custom UI. Design unique multiplayer experiences using NPC scripting and more.Learn more on the Game Modes page.Does Battlefield 6 have Single-Player?Yes, Battlefield 6 has a single-player campaign following a group of elite Marine raiders known as Dagger 1-3 as they fight to preserve global stability.What are the maps in Battlefield 6?5 Theaters of War, 9 Maps, with hand-crafted Combat Zones to maximize variety. Fight in iconic locations all over the world like Cairo, Brooklyn, Gibraltar and more.Find all maps on our Maps page.What are the classes in Battlefield 6?Battlefield is about empowering your squad to play the way you want. Choose from four core classes: Assault, Support, Engineer, and Recon, each with distinct perks and gadgets.Read up on each class on our Classes page.What weapons, vehicles, and other equipment will be available in Battlefield 6?In Battlefield 6, you are able to use a full roster of weapons, with class proficiencies that boost their signature weapon type. Expect Battlefield staples, like tanks, jets, and helicopters, as well as class-signature gadgets. Make sure to customize your loadout and play your way.What is the ‘Community’ tab?The Community menu is where you will find Community Experiences (both custom and verified), Server Browser, and Portal tools. You are able to search through player-made creations, filtering through to find the perfect experience for you.What are the live service plans for Battlefield 6?Battlefield 6 is set up for seasonal live service, where players are given the services and evolution they have come to expect from modern multiplayer games, all aimed at keeping the community playing together for years to come.We are evolving our world and expanding on the fiction through Seasons, each one lasting for about three months. Every Season will come with a new free and paid-for Battle Pass, delivering new content to chase after.Read up on what to expect for Season 1 of Battlefield 6 available on October 28!Be sure to check out the Battlefield 6 website if you're looking for more information.",2025-10-10T15:06:03+00:00,,,,https://steamcommunity.com/app/2807960/discussions/0/591784592221153916/
steam,HopeOfTheRealm,post,Battlefield 6,"Welcome to the Battlefield 6 Steam ForumsESRB Rating: Mature (17+) with Blood, Strong Language, and Violence/In-Game PurchasesVisit https://www.esrb.org/ for rating information.For more discussion on Battlefield, check out our other community/social channels.https://linktr.ee/battlefieldAs we countdown to Battlefield 6 Launch, community and moderation teams will be spending more time within the forum. We want this space to be positive, fun, fair, and safe for all. The EA Positive Play Charter is a great reminder of our expectations for our community wherever they engage with us. The Steam Rules & Guidelines also apply to content posted here.—If you see inappropriate content, please report it to EA or Steam. Serious violations should be reported to Steam. Reports to EA will be processed in accordance with EA's Privacy & Cookie Policy. EA may forward reports of violations to Steam.RULESRespect each other and staff. Be nice. If you do not follow the rules, you’re subject to an account ban. Keep it friendly and positive. No real-world political or religious discussions. Do not discuss, promote, or share hacks or cheats, and do not discuss or share unauthorized game mods. No advertising. You may promote your game content (YT, IG, TikTok) on appropriate channels, but no selling. Do not drive users to other forums/servers or promote unauthorized game sellers, in-game currency sellers, or account sellers. No mute/ban evasion. If you were muted/banned on a previous Steam account and are circumventing that ban, all accounts will be permanently banned and reported to Steam. No targeting staff. This includes role tagging and directly mentioning staff, admin, CM, or Mod names to get their attention. The following is not tolerated and will result in your removal from the discussions forum and will be reported to Steam: Violence or Threats, Extremism/Terror, Serious Inappropriate Content or Conduct – Explicit or Directed to Children, Other Illegal Content, and Doxxing/Swatting. Please help to keep the experience fun for everyone. Specifically, the following conduct and/or content may result in a warning, muting, time-out, suspension, or removal from the discussions forum: NSFW content Spamming/trolling Offensive or impersonation nicknames/bios - we may change a nickname directly, and you may be asked to update a bio. Story spoilers - No campaign game spoilers. For previous titles, please only share spoilers in marked spoiler-friendly channels. Leaks - The sharing and discussion of leaked information will be closely monitored. There is to be no discussion of leaks that are circulating in small groups, feel like hearsay, and/or don't match known information well as no downloading/direct sharing of game footage. Players can, however, discuss leaks that are seen as widely available or have been covered by mainstream media sources, but this is entirely at the moderator/staff team’s discretion. Cheats, hacks, exploits, piracy, etc. Recruitment for other forums/servers/communities without prior approval Failing to comply with directions from Community Managers or mods. Moderation decisions are final. These rules are not comprehensive, but are the guidelines of the discussions forum. Usage of loopholes or skirting the edge to violate the purpose of these rules will result in enforcement. Moderators/Staff have final say on enforcing the rules, and failing to follow Moderator direction will result in action.",2025-09-20T00:25:48+00:00,,,,https://steamcommunity.com/app/2807960/discussions/0/591782690121119924/
steam,Professor Apa,post,Battlefield 6,"So ranked is just a cheap distraction to get people to waste their time.I mean come on, I get it now, 30 hz servers and free players can play it.Don’t act as if that is a proper competitive ranked game mode EA…",2026-07-28T14:27:32+00:00,,,,https://steamcommunity.com/app/2807960/discussions/0/581678051258042515/
steam,Chalupacabra,reply,Battlefield 6,"Anyone who thinks a game where controller players can literally lock on is ""competitive"" is a clown.",2026-07-28T15:58:03+00:00,,,,https://steamcommunity.com/app/2807960/discussions/0/581678051258042515/
steam,Ganslinger43,post,Battlefield 6,"We have received reports that Strikepoint is currently encountering several issues, causing the mode to be unstable. While we're investigating what is causing this, we have decided to turn the mode off, as player feedback is indicating that the mode balance is negatively impacting their game experience.We will bring Strikepoint back as soon as we have a resolution.We apologize for the inconvenience and will provide an update as soon as possible.",2026-06-11T20:32:17+00:00,,,,https://steamcommunity.com/app/2807960/discussions/0/564785190210277341/
steam,Frank P,reply,Battlefield 6,"I don't know if it helps at all, or if it's even being monitored but I think it's triggering the round over by time regardless of the outcome. Hopefully you can all get it back up and running properly soon. Best of luck.",2026-06-12T03:08:57+00:00,,,,https://steamcommunity.com/app/2807960/discussions/0/564785190210277341/
steam,MadRooster,reply,Battlefield 6,do you test your own ♥♥♥♥♥♥♥ game before launching it? ffs,2026-06-12T03:32:32+00:00,,,,https://steamcommunity.com/app/2807960/discussions/0/564785190210277341/
steam,xCowboy Upx,reply,Battlefield 6,"Originally posted by Ganslinger43:We have received reports that Strikepoint is currently encountering several issues, causing the mode to be unstable. While we're investigating what is causing this, we have decided to turn the mode off, as player feedback is indicating that the mode balance is negatively impacting their game experience.We will bring Strikepoint back as soon as we have a resolution.We apologize for the inconvenience and will provide an update as soon as possible. Whats the point of BF Labs? I thought that was to test patches and such before they roll out, talk about horrible quality control, cant even drive a tank now because of the brightness issue, the respawn menu moving around when trying to pick a respawn point is beyond frustrating, i mean do yall just change some code with AI slop then throw it out there for everyone to try and play? Honestly unreal the game has been out a few months shy of a year and yall still cant get the smallest things figured out.",2026-06-12T08:52:09+00:00,,,,https://steamcommunity.com/app/2807960/discussions/0/564785190210277341/
steam,[ATF]Dampfbremse,reply,Battlefield 6,they only test the serversstability thats why we have so much bugs in this game,2026-06-12T10:01:44+00:00,,,,https://steamcommunity.com/app/2807960/discussions/0/564785190210277341/
steam,Dok,reply,Battlefield 6,"SHHEEZTs u wont fix u just keep breaking it or letting it carrie over.. now ur digging up old ♥♥♥♥ and redoing it for more money ... money money money.. Fix if u wnt me to spend money.The dif betweeen pc and the Xbox psp is very far apart.. takes way to much to kill them and i die way to easy.. BS Plus the cheats/cheaters ..i.. << read between the dots... Dice u blow right now .. wont answer ♥♥♥♥ wont fix ♥♥♥♥.. Since ur last fix now i long ass load screens and the start of game verifies my shaders and everytime i start game...takes almost 5 min to get into game now... and load screen will lock me up now as well..Awsome fixYa add more ♥♥♥♥♥♥♥♥.fixes everythingAnd not to let pc players play against ourselves or have a choice who we play cross play or not is a Big kick to the balls...big friking joke .. we got u through all those maps u r redoing remember that!!!???? way to say thanks ...... if u not want PC no more .grow balls and say it !!! Fix what u broke b4 adding new broken lame ♥♥♥♥...Do somthingpeople worried there stats going bad.. in strikepoint ,., WA wa wa ,, mine been ♥♥♥♥♥♥ since the launch of game...went from one bullet killing me to two/three..",2026-06-12T10:54:28+00:00,,,,https://steamcommunity.com/app/2807960/discussions/0/564785190210277341/
steam,drakonas,reply,Battlefield 6,"There is also a start-area movement exploit. Players can hold forward + sprint and spam jump to move themselves ahead of the starting area before the round starts. This gives an unfair advantage and breaks the expected timing and strategy at the beginning of a round. Also please ensure XP collection is correct after the ""XP exploit fix"" some time ago. It seems way too low at the moment.Strikepoint has a dedicated community for players who love one life modes. Please don't take too long with this fix as I was hoping to play the mode with friends who have yet to purchase the game but could try it out during the free period.",2026-06-12T18:13:04+00:00,,,,https://steamcommunity.com/app/2807960/discussions/0/564785190210277341/
steam,PinkPanther,reply,Battlefield 6,"Originally posted by Ganslinger43:We have received reports that Strikepoint is currently encountering several issues, causing the mode to be unstable. While we're investigating what is causing this, we have decided to turn the mode off, as player feedback is indicating that the mode balance is negatively impacting their game experience.We will bring Strikepoint back as soon as we have a resolution.We apologize for the inconvenience and will provide an update as soon as possible. God you guys are so ♥♥♥♥♥♥♥ incompetent, it's amazing.",2026-06-12T18:41:23+00:00,,,,https://steamcommunity.com/app/2807960/discussions/0/564785190210277341/
steam,TheAlpha,reply,Battlefield 6,Just putback the original rules. The mode was amazing and everyone loved the comp aspects of it New Rules reward touching point first to win which is silly. Dont fix whats not broken,2026-06-12T22:12:51+00:00,,,,https://steamcommunity.com/app/2807960/discussions/0/564785190210277341/
steam,Dok,reply,Battlefield 6,Hey thank you for fixing the load screeen deal or maybe i fixed it myself... i dunno either way mine fast again.. .. Now lets Fix cross play deal... Ya ??? Ya ?? U know .. Amaze me morew Please..,2026-06-13T03:52:19+00:00,,,,https://steamcommunity.com/app/2807960/discussions/0/564785190210277341/
steam,eX!LE,reply,Battlefield 6,Let me get this straight: you act super fast when you can shove another BP down our throats but you need 3 days to realize that one of your main game modes is fundamentally broken? If I could only refund this game....,2026-06-13T07:25:17+00:00,,,,https://steamcommunity.com/app/2807960/discussions/0/564785190210277341/
steam,Who Am I,reply,Battlefield 6,Any news?,2026-06-16T16:58:00+00:00,,,,https://steamcommunity.com/app/2807960/discussions/0/564785190210277341/
steam,WHITE-KNIGHT,reply,Battlefield 6,You guys are literally trash. Rip battlefield.,2026-06-17T01:14:43+00:00,,,,https://steamcommunity.com/app/2807960/discussions/0/564785190210277341/
steam,Universoulja,reply,Battlefield 6,Please add killcam or final killcam to strikepoint,2026-06-17T13:20:39+00:00,,,,https://steamcommunity.com/app/2807960/discussions/0/564785190210277341/
steam,drakonas,reply,Battlefield 6,"Some feedback on the mode. Headshots should not be reviveable, max 1 revive on an individual. This may encourage folks to not always run Support class and try other ones as well. Maybe add a game timer for situations were none are pushing, team with the most capture wins.",2026-06-18T15:30:37+00:00,,,,https://steamcommunity.com/app/2807960/discussions/0/564785190210277341/
steam,Karnage,reply,Battlefield 6,One week later and still nothing? All investors should take note of the companies inability to fix minor issues in a timely manner.,2026-06-18T22:45:48+00:00,,,,https://steamcommunity.com/app/2807960/discussions/0/564785190210277341/
steam,English Muffin,post,Battlefield 6,"The more I play the less and less I find myself using assault. If i'm on a vehicle map I'm playing usually Engineer, then recon and lastly, Support. If I'm on an infantry only map I'll usually choose Support, followed by Recon, and lastly Assault. Although Assault and Recon are a bit interchangeable on Infantry maps.My point being that Assault is usually last pic despite having the powerful spawn beacon and increased capture rate. It's a jack of NO trades currently. So thinking on this for a while I have come up with this proposal without adding any new weapons.Give them smoke grenades.Give them C4.Maybe remove the supply pouch from Support and give it to Assault but have a slow resupply and allow only 2.And this one will take a bit of programming but remove Flash and Stun grenades from the game and combine the flash and stun abilities into one new grenade called: Concussion.Concussion grenades: Flash, Stun, and does half the damage of the Frag grenade. Start with 1 and can have up to 2.Possibly remove the fast cap ability if it is now too powerful with these meaningful gadgets.This class used to be my favorite during season 1 but the more I played the more I learned it really is lacking in every area.With these changes it can truly be a jack of all trades and master of none. Able to do a little bit of everything to help out in any situation.I really hope BF Labs can pick this up and run with it.",2026-07-28T13:08:49+00:00,,,,https://steamcommunity.com/app/2807960/discussions/0/581678051258037602/
steam,Sunshine,reply,Battlefield 6,"You are right, hagental and it's probably the most picked class next to medic. I don't think a lot of players know how good the spawn beacon can be as you can continuously assault a flag plus you have to unlock it through challenge's. I think all classes should have smoke but the rest can stay as is. I would argue that the stim is a self revive or exchange it for the ladder.",2026-07-28T13:20:59+00:00,,,,https://steamcommunity.com/app/2807960/discussions/0/581678051258037602/
steam,Phantom Limb,reply,Battlefield 6,"Honestly, assault is fine. The only thing in dire need of changes/buffs is X ability.",2026-07-28T15:44:53+00:00,,,,https://steamcommunity.com/app/2807960/discussions/0/581678051258037602/
steam,P.,reply,Battlefield 6,Every class is fun. Assault is very good to flank & capture points. I would say recon is trollolo class.,2026-07-28T15:56:17+00:00,,,,https://steamcommunity.com/app/2807960/discussions/0/581678051258037602/
steam,[DVDF]Merlin,post,Battlefield 6,"Something I’ve noticed in this Battlefield is the abysmal point return for playing Support. I’ve watched, with growing frustration, Recon players rack up more score points from passive gadgets than the people whose entire job is to keep the team alive and supplied. Why is this still a thing? Did it slip under the radar, or is it deliberate design to punish the class that actually does the work?",2026-07-27T18:18:01+00:00,,,,https://steamcommunity.com/app/2807960/discussions/0/581677784229928064/
steam,Louise the Third,reply,Battlefield 6,"IDK, In Conquest its pretty easy to be at the top of the scoreboard as Support even with an abysmal KDR game.",2026-07-27T18:27:09+00:00,,,,https://steamcommunity.com/app/2807960/discussions/0/581677784229928064/
steam,BFcrakcokaine,reply,Battlefield 6,"Originally posted by Louise the Third:IDK, In Conquest its pretty easy to be at the top of the scoreboard as Support even with an abysmal KDR game. Ikr, Support is the number one class for getting the most XP so long as they cap flags and stick with their teammates.OP is living in some alternative dimension!",2026-07-27T19:25:47+00:00,,,,https://steamcommunity.com/app/2807960/discussions/0/581677784229928064/
steam,the_SLVRFOX,reply,Battlefield 6,"Stick with your team, cap or defend objectives, revive teammates, drop resupply bag at every opportunity, spot enemies every chance you get. If you're the squad leader, mark objectives you or your squad caps. I played Support almost exclusively the first season, frequently in the top 5 or top squad. Really not that hard...EDIT: Try this loadout. Defibs, Resupply Bag, Resupply Pouch, Smoke, gun of choice. Like I said above, always be dropping resupply bag around your teammates. Defib or revive your teammates... toss smoke on top of them if they're in a dangerous spot. But in addition, toss resupply pouches at teammates too.",2026-07-27T19:34:42+00:00,,,,https://steamcommunity.com/app/2807960/discussions/0/581677784229928064/
steam,grimr,reply,Battlefield 6,to get said supply pouch you need to complete the garbage suppork challenge smoke assists. Should get smoke assists from reviving people in smoke duh.,2026-07-28T00:30:39+00:00,,,,https://steamcommunity.com/app/2807960/discussions/0/581677784229928064/
steam,[DVDF]Merlin,reply,Battlefield 6,"Originally posted by the_SLVRFOX:Stick with your team, cap or defend objectives, revive teammates, drop resupply bag at every opportunity, spot enemies every chance you get. If you're the squad leader, mark objectives you or your squad caps. I played Support almost exclusively the first season, frequently in the top 5 or top squad. Really not that hard...EDIT: Try this loadout. Defibs, Resupply Bag, Resupply Pouch, Smoke, gun of choice. Like I said above, always be dropping resupply bag around your teammates. Defib or revive your teammates... toss smoke on top of them if they're in a dangerous spot. But in addition, toss resupply pouches at teammates too. I appreciate the advice, but I’ve been playing Support in every form since Battlefield 1942. I know the role well. If I’m being honest, the meta in the later seasons has clearly favoured Engineer for points — they’re almost always sitting at the top of the leaderboards. That’s been my consistent experience, anyway. Tweak the scoring to properly reward the Support role and more players would actually pick it… and more importantly, they’d drop ammo. This isn’t a dig at any other class per se. Every role matters. I’m not here to start a flame war regarding them.",2026-07-28T08:36:20+00:00,,,,https://steamcommunity.com/app/2807960/discussions/0/581677784229928064/
steam,[PEH]Rab,reply,Battlefield 6,"For what it is worth, I think the OP has a point regarding recons ability to be passively effective and easily score points. I would agree support has to work harder and innately take greater risks to rack up points in comparison. If I look my own stats and gameplay, my score per minute is significantly higher when I play recon (but never as a sniper) compared to other classes (I mainly play either assault or recon, with support being my third role).Recon can put down a TUGS and still get spot assists from it long after they've left, in addition to the wealth of assists it will grant in the moment. Then there's the other gadgets that help them passively gain points, and to top it all off (and this is the biggest moneymaker for me) they need only ADS in a general direction of enemies to auto spot - which is one of the worst mechanics in the game. My KDA is also higher for recon, with the A part being the explanation. I understand recon gadgets are largely focussed on providing assists, but I would still agree with the OP's general sentiment.",2026-07-28T09:12:01+00:00,,,,https://steamcommunity.com/app/2807960/discussions/0/581677784229928064/
steam,Lunaris,reply,Battlefield 6,support has the most useless gadgets in the game. No counter play against vehicles. On conquest you basically have to hide like a rat and pray,2026-07-28T13:00:42+00:00,,,,https://steamcommunity.com/app/2807960/discussions/0/581677784229928064/
steam,[DVDF]Merlin,reply,Battlefield 6,"Originally posted by Lunaris:support has the most useless gadgets in the game. No counter play against vehicles. On conquest you basically have to hide like a rat and pray 🤣 This is true, the second I switch to support I always seem to run smack bang into more tanks.",2026-07-28T15:37:03+00:00,,,,https://steamcommunity.com/app/2807960/discussions/0/581677784229928064/
steam,the_SLVRFOX,reply,Battlefield 6,"Originally posted by DVDFMerlin:Originally posted by the_SLVRFOX:Stick with your team, cap or defend objectives, revive teammates, drop resupply bag at every opportunity, spot enemies every chance you get. If you're the squad leader, mark objectives you or your squad caps. I played Support almost exclusively the first season, frequently in the top 5 or top squad. Really not that hard...EDIT: Try this loadout. Defibs, Resupply Bag, Resupply Pouch, Smoke, gun of choice. Like I said above, always be dropping resupply bag around your teammates. Defib or revive your teammates... toss smoke on top of them if they're in a dangerous spot. But in addition, toss resupply pouches at teammates too. I appreciate the advice, but I’ve been playing Support in every form since Battlefield 1942. I know the role well. If I’m being honest, the meta in the later seasons has clearly favoured Engineer for points — they’re almost always sitting at the top of the leaderboards. That’s been my consistent experience, anyway. Tweak the scoring to properly reward the Support role and more players would actually pick it… and more importantly, they’d drop ammo. This isn’t a dig at any other class per se. Every role matters. I’m not here to start a flame war regarding them. All good. I've also played mostly Support since BF3. I would also recommend Breakthrough, as this game mode tends to funnel players naturally into choke points, giving you more opportunities to supply, rez, etc.",2026-07-28T15:43:48+00:00,,,,https://steamcommunity.com/app/2807960/discussions/0/581677784229928064/
steam,RatBoggles,reply,Battlefield 6,I miss almost always being the top player with a horrid K/d due to healing everyone and everything in other games,2026-07-28T15:48:52+00:00,,,,https://steamcommunity.com/app/2807960/discussions/0/581677784229928064/
steam,the_SLVRFOX,reply,Battlefield 6,"Originally posted by grimr:to get said supply pouch you need to complete the garbage suppork challenge smoke assists. Should get smoke assists from reviving people in smoke duh. I dunno... I unlocked the supply pouch before they made the challenges easier to complete. And I did it legitimately, I might add, not through custom servers.",2026-07-28T15:55:38+00:00,,,,https://steamcommunity.com/app/2807960/discussions/0/581677784229928064/
steam,RSPN_Bean,post,Apex Legends,"If you are experiencing issues purchasing coins for Apex, please post your account details in the thread below so we can look into this further. Thank you!",2026-03-17T20:43:07+00:00,,,,https://steamcommunity.com/app/1172470/discussions/0/800090622901911947/
steam,v3un,reply,Apex Legends,"Can't buy coins, every time I click it a screen pops up and I click authorize then the pop up just disappears and nothing happens. When I go to steam support they just say try again later but i've been trying for the past 50 hours and to no avail.",2026-03-17T21:17:06+00:00,,,,https://steamcommunity.com/app/1172470/discussions/0/800090622901911947/
steam,v3un,reply,Apex Legends,My EA id is SynthFe,2026-03-17T21:21:43+00:00,,,,https://steamcommunity.com/app/1172470/discussions/0/800090622901911947/
steam,MOD_SidZapen,reply,Apex Legends,Originally posted by v3un:My EA id is SynthFe Thanks for the info.,2026-03-18T18:27:00+00:00,,,,https://steamcommunity.com/app/1172470/discussions/0/800090622901911947/
steam,Teammate,reply,Apex Legends,My EA ID is Usemyteammate having the same issue,2026-03-18T23:34:13+00:00,,,,https://steamcommunity.com/app/1172470/discussions/0/800090622901911947/
steam,ChopHeeKub★,reply,Apex Legends,omg same here,2026-03-19T05:26:26+00:00,,,,https://steamcommunity.com/app/1172470/discussions/0/800090622901911947/
steam,MOD_SidZapen,reply,Apex Legends,Originally posted by HeeKuyTedIhereIsud★:omg same here What is your EA ID?,2026-03-19T19:25:16+00:00,,,,https://steamcommunity.com/app/1172470/discussions/0/800090622901911947/
steam,HansWing,reply,Apex Legends,My ID: HansWings,2026-03-20T15:00:04+00:00,,,,https://steamcommunity.com/app/1172470/discussions/0/800090622901911947/
steam,貓 乾,reply,Apex Legends,I cannot buy coins My ID: kammeeeee,2026-03-20T15:06:46+00:00,,,,https://steamcommunity.com/app/1172470/discussions/0/800090622901911947/
steam,翻斗花园突击手牛爷爷,reply,Apex Legends,I haven't received the in-game gold coins after making the payment.,2026-03-20T15:13:13+00:00,,,,https://steamcommunity.com/app/1172470/discussions/0/800090622901911947/
steam,TuT_tracy,reply,Apex Legends,I recharged fifty dollars in two transactions but it hasn't arrived.,2026-03-20T15:27:17+00:00,,,,https://steamcommunity.com/app/1172470/discussions/0/800090622901911947/
steam,zeldam,reply,Apex Legends,"Even though my wallet has enough funds, the purchase of coins is not reflected in the game.",2026-03-20T17:39:42+00:00,,,,https://steamcommunity.com/app/1172470/discussions/0/800090622901911947/
steam,egoisto,reply,Apex Legends,same issue here. still havent received my apex coins. the payment wen through and the transaction said it was a fail. the money was not refunded and the apex coins didnt went through.,2026-03-20T18:03:17+00:00,,,,https://steamcommunity.com/app/1172470/discussions/0/800090622901911947/
steam,MOD_SidZapen,reply,Apex Legends,Hey everyone. I've sent all IDs provided here to the team.,2026-03-20T21:25:20+00:00,,,,https://steamcommunity.com/app/1172470/discussions/0/800090622901911947/
steam,GOW,reply,Apex Legends,I can't buy coins My ID/EA: ImGOW,2026-03-20T22:39:06+00:00,,,,https://steamcommunity.com/app/1172470/discussions/0/800090622901911947/
steam,GOW,reply,Apex Legends,"Originally posted by MOD_SidZapen:Hey everyone. I've sent all IDs provided here to the team. did you send mine?, I currently have $80 in my wallet sitting there and how long will it take to fix?",2026-03-20T23:29:19+00:00,,,,https://steamcommunity.com/app/1172470/discussions/0/800090622901911947/
steam,RSPN_Bean,post,Apex Legends,"Hello! If you are experiencing bugs in our new season: Overclocked, please put them here.",2026-05-05T18:26:43+00:00,,,,https://steamcommunity.com/app/1172470/discussions/0/844005093415130242/
steam,dawndevil_001,reply,Apex Legends,yeah game full of cheats !,2026-05-05T18:28:25+00:00,,,,https://steamcommunity.com/app/1172470/discussions/0/844005093415130242/
steam,Vendetta,reply,Apex Legends,servers aint working at all,2026-05-05T18:28:59+00:00,,,,https://steamcommunity.com/app/1172470/discussions/0/844005093415130242/
steam,Rizzo The Rat,reply,Apex Legends,Servers are down and extreme queue times,2026-05-05T18:31:02+00:00,,,,https://steamcommunity.com/app/1172470/discussions/0/844005093415130242/
steam,RitezM,reply,Apex Legends,Severs aint working got scammed for my apex packs(3) and the game crashed after i get into a match,2026-05-05T18:31:15+00:00,,,,https://steamcommunity.com/app/1172470/discussions/0/844005093415130242/
steam,SuperGurke,reply,Apex Legends,I can´t play a game,2026-05-05T18:32:48+00:00,,,,https://steamcommunity.com/app/1172470/discussions/0/844005093415130242/
steam,yagmi backwards,reply,Apex Legends,Can confirm me an my buddy are fully unable to matchmake on anything for the last 50 minutes. Only able to get in to firing range.,2026-05-05T18:33:26+00:00,,,,https://steamcommunity.com/app/1172470/discussions/0/844005093415130242/
steam,zaza,reply,Apex Legends,yeah in order to find bugs you should actually play :),2026-05-05T18:35:34+00:00,,,,https://steamcommunity.com/app/1172470/discussions/0/844005093415130242/
steam,Dakota,reply,Apex Legends,servers aint working,2026-05-05T18:38:40+00:00,,,,https://steamcommunity.com/app/1172470/discussions/0/844005093415130242/
steam,Senshan,reply,Apex Legends,"Id like to tell you about any bugs i come across, but im having this problem where i cant play the game cause the servers are shot",2026-05-05T18:42:24+00:00,,,,https://steamcommunity.com/app/1172470/discussions/0/844005093415130242/
steam,sider,reply,Apex Legends,my ♥♥♥♥ is small,2026-05-05T18:43:13+00:00,,,,https://steamcommunity.com/app/1172470/discussions/0/844005093415130242/
steam,Wibbletasm,reply,Apex Legends,"Server now work, me sad, me need apex to become a functionally complex individual that can live life.",2026-05-05T18:44:03+00:00,,,,https://steamcommunity.com/app/1172470/discussions/0/844005093415130242/
steam,Diego,reply,Apex Legends,"Waiting for 1h already ?!!! I just wanted to play a game , don`t waste my time in lobby",2026-05-05T18:44:16+00:00,,,,https://steamcommunity.com/app/1172470/discussions/0/844005093415130242/
steam,Tpyxa,reply,Apex Legends,"hmm...Try to keep ur servers up and, maybe, then ull get some feedback xD",2026-05-05T18:45:28+00:00,,,,https://steamcommunity.com/app/1172470/discussions/0/844005093415130242/
steam,MOD_SidZapen,reply,Apex Legends,Hey everyone. We're aware about the server issues.https://steamcommunity.com/games/1172470/announcements/detail/664986477286918682Thanks for your patience.,2026-05-05T18:45:48+00:00,,,,https://steamcommunity.com/app/1172470/discussions/0/844005093415130242/
steam,Tpyxa,reply,Apex Legends,Meanwhile i cannot even start firerange,2026-05-05T18:45:54+00:00,,,,https://steamcommunity.com/app/1172470/discussions/0/844005093415130242/
steam,RSPN_Bean,post,Apex Legends,"Once the above is completed, you can try some of these workarounds found by the community for now:- Add the launch option -no_render_on_input_thread to your game's settings.- Remove Realtek drivers and let Windows install generic ones. Check here.- If you're using a sound card, make sure its drivers are updated (or disconnect it to check if it does something). Example here.- Disable virtualization and X3D Gaming Boost (or Intel Game Boost) in your BIOS, and set up power save mode.- Downgrading your motherboard BIOS to a previous version. (edited)",2025-11-26T21:52:28+00:00,,,,https://steamcommunity.com/app/1172470/discussions/0/695371826098917027/
steam,Minty Freshness,reply,Apex Legends,"error code truckgame told me to update. i update now im out of synch and cant play. fix it. now.oh hey do something about all the ""got gud pros that laser tf out of me"" too while youre at it",2020-12-01T20:29:05+00:00,,,,https://steamcommunity.com/app/1172470/discussions/0/695371826098917027/
steam,nyx,reply,Apex Legends,"Originally posted by respawn_bean:If you are experiencing crashing & troubleshooting Issues, please check out the steps below before making a report!- Your drivers are updated and installed correctly. You can also try rolling them back, and see if that makes a difference. EXTREMLY important to reinstall drivers clean (with DDU, for example) as a simple reinstall doesn't do the job most of the time.- Your Windows version is updated.- You are not undervolting or changing the clock speed of your graphics card.- Your files are not corrupted: verify the integrity of the game files through your game launcher.1. For EA app, go to your library → click on the 3 dots of Apex → Repair2. For Steam, go to your library → right-click on Apex. → Properties → Local Files → Verify integrity of game files.Once the above is completed, you can try some of these workarounds found by the community for now:- Add the launch option -no_render_on_input_thread to your game's settings.- Remove Realtek drivers and let Windows install generic ones. Check here.- If you're using a sound card, make sure its drivers are updated (or disconnect it to check if it does something). Example here.- Disable virtualization and X3D Gaming Boost (or Intel Game Boost) in your BIOS, and set up power save mode.- Downgrading your motherboard BIOS to a previous version. Bro i tried all of this and none of it works.",2025-11-27T21:24:28+00:00,,,,https://steamcommunity.com/app/1172470/discussions/0/695371826098917027/
steam,MOD_SidZapen,reply,Apex Legends,"Originally posted by nyx:Originally posted by respawn_bean:If you are experiencing crashing & troubleshooting Issues, please check out the steps below before making a report!- Your drivers are updated and installed correctly. You can also try rolling them back, and see if that makes a difference. EXTREMLY important to reinstall drivers clean (with DDU, for example) as a simple reinstall doesn't do the job most of the time.- Your Windows version is updated.- You are not undervolting or changing the clock speed of your graphics card.- Your files are not corrupted: verify the integrity of the game files through your game launcher.1. For EA app, go to your library → click on the 3 dots of Apex → Repair2. For Steam, go to your library → right-click on Apex. → Properties → Local Files → Verify integrity of game files.Once the above is completed, you can try some of these workarounds found by the community for now:- Add the launch option -no_render_on_input_thread to your game's settings.- Remove Realtek drivers and let Windows install generic ones. Check here.- If you're using a sound card, make sure its drivers are updated (or disconnect it to check if it does something). Example here.- Disable virtualization and X3D Gaming Boost (or Intel Game Boost) in your BIOS, and set up power save mode.- Downgrading your motherboard BIOS to a previous version. Bro i tried all of this and none of it works. Thanks for trying! Could you share your specs and region please? Also briefly describe your issue just for reference.",2025-11-27T21:26:09+00:00,,,,https://steamcommunity.com/app/1172470/discussions/0/695371826098917027/
steam,Khayorii,reply,Apex Legends,"I also did everything and nothing helped, Windows 11 25H2, RTX 4070, Ryzen 7 5700x3d, 32 GB RAM",2025-11-27T22:41:33+00:00,,,,https://steamcommunity.com/app/1172470/discussions/0/695371826098917027/
steam,Mustang,reply,Apex Legends,"So you are telling me that all my games works perfectly fine with Undervolting, but APEX specifically cannot work decently with it, like seriously?!Because I am getting an pc restart on AMD 7 9800x3d with Aorus 5090.Gsync+Vsync Enabled in Nvidia.My undervolt/overclock950 Mv2950 Hz+1000 Mhz on memory90% Power Limit",2025-11-28T15:18:29+00:00,,,,https://steamcommunity.com/app/1172470/discussions/0/695371826098917027/
steam,MOD_SidZapen,reply,Apex Legends,"Originally posted by Khayorii:I also did everything and nothing helped, Windows 11 25H2, RTX 4070, Ryzen 7 5700x3d, 32 GB RAM What is your region? Also, are you experiencing crashing or performance issues?",2025-11-28T21:51:53+00:00,,,,https://steamcommunity.com/app/1172470/discussions/0/695371826098917027/
steam,Loba2512,reply,Apex Legends,"MY ISSUE STILL HASNT BEEN FIXED FOR A WEEK ALL MAPS HAVE GLITCHING BLUE TEXTURESAll of my maps. All of the game modes have blue textures glitching and flying, literally jittering on my screen. This has been happening for A WEEK, and it can't be solved by restarting my pc or client, or verifying game files. My drive is up-to-date. APEX is the only one having this issue. My other games with high graphics ain't got any issues.The game isn't laggy or crashing. It's just the textures are like this, and I can't play when it's glitching everything, and I can't see anything. This never happened to me before. I played other games, but it's not like this. Only Apex is giving me this much of a headache!!!https://imgur.com/a/Z9GVZth (in-game screenshots)https://imgur.com/a/1RBtUhC (other game modes)I tried contacting EA about this,but I haven't gotten any response.Radeon RX 580 SeriesAMD Ryzen 5 2600X Six-Core Processor (3.60 GHz)RAM 16.0 GBWindows 11 ProThis is the same stuff I have been using for years with no issue in your game. But ever since you updated something a few days ago, the game has been buggy and glitchy. The issue is not on my end.",2025-11-28T22:46:14+00:00,,,,https://steamcommunity.com/app/1172470/discussions/0/695371826098917027/
steam,MOD_SidZapen,reply,Apex Legends,"Originally posted by Loba2512:MY ISSUE STILL HASNT BEEN FIXED FOR A WEEK ALL MAPS HAVE GLITCHING BLUE TEXTURESAll of my maps. All of the game modes have blue textures glitching and flying, literally jittering on my screen. This has been happening for A WEEK, and it can't be solved by restarting my pc or client, or verifying game files. My drive is up-to-date. APEX is the only one having this issue. My other games with high graphics ain't got any issues.The game isn't laggy or crashing. It's just the textures are like this, and I can't play when it's glitching everything, and I can't see anything. This never happened to me before. I played other games, but it's not like this. Only Apex is giving me this much of a headache!!!https://imgur.com/a/Z9GVZth (in-game screenshots)https://imgur.com/a/1RBtUhC (other game modes)I tried contacting EA about this,but I haven't gotten any response.Radeon RX 580 SeriesAMD Ryzen 5 2600X Six-Core Processor (3.60 GHz)RAM 16.0 GBWindows 11 ProThis is the same stuff I have been using for years with no issue in your game. But ever since you updated something a few days ago, the game has been buggy and glitchy. The issue is not on my end. Hi. Have you tried all troubleshooting steps posted on this thread? And any of the workarounds? This is the only report I've seen about this so it could be hardware related. Feel free to let me know if you see any similar reports.I have sent this to the team.",2025-11-29T06:47:07+00:00,,,,https://steamcommunity.com/app/1172470/discussions/0/695371826098917027/
steam,NAHTE,reply,Apex Legends,Apparently this has nothing to do with the motherboard bio or driver version. I've tried other games like valo which consume more CPU than the other games and i got no issue at all. I couldnt launch the game since last patch and only APEX causing the overclock issue. Can someone from the dev look into it?,2025-11-30T14:35:54+00:00,,,,https://steamcommunity.com/app/1172470/discussions/0/695371826098917027/
steam,Vivena777,reply,Apex Legends,"Well I still have a mystery program that since the update keeps an EA games from running but they cannot even tell me what it is, I am so done with this company going elsewhere",2025-11-30T15:31:57+00:00,,,,https://steamcommunity.com/app/1172470/discussions/0/695371826098917027/
steam,Khayorii,reply,Apex Legends,"Originally posted by MOD_SidZapen:Originally posted by Khayorii:I also did everything and nothing helped, Windows 11 25H2, RTX 4070, Ryzen 7 5700x3d, 32 GB RAM What is your region? Also, are you experiencing crashing or performance issues? Poland, I'm experiencing random freezes and fps drops without crashing",2025-11-30T18:49:33+00:00,,,,https://steamcommunity.com/app/1172470/discussions/0/695371826098917027/
steam,Gel Master,reply,Apex Legends,"I am repeatedly crashing on game launch. i cannot get past the splash screen, the game freezes on the waiting for game part. ive tried basically everything short of a fresh windows install. started suddenly on 11/20 update. literally came home, updated apex, changed nothing else, and started getting this problem. had hundreds of hours on the exact same settings/system before this without any issue. im getting a clock timeout error. including:-run as admin-played pubg for a few hours and it runs fine-removed discord, nvidia, and steam overlay-adding -dx12 launch argument-add firewall exceptions to everything-try to start the game while offline-verify EAC integrity using CMD-reinstall on steam -verify game integrity-install on EA-delete and reinstall EAC only-updated bios (was on an old version)-updated GPU driver-lenovo vantage and updated everything that could be updated-removed/disabled overclock/undervolt both on application level (in throttlestop) and bios level (disabled CPU OC/UV in bios)-removed GPU OC as well-verified that other games using EAC start and run correctly-run command console system health check commandssfc /scannow and dism /Online /Cleanup-Image /RestoreHealth-checked samsung storage firmware and errors via magician",2025-11-30T19:42:53+00:00,,,,https://steamcommunity.com/app/1172470/discussions/0/695371826098917027/
steam,Loba2512,reply,Apex Legends,"Originally posted by MOD_SidZapen:Originally posted by Loba2512:MY ISSUE STILL HASNT BEEN FIXED FOR A WEEK ALL MAPS HAVE GLITCHING BLUE TEXTURESAll of my maps. All of the game modes have blue textures glitching and flying, literally jittering on my screen. This has been happening for A WEEK, and it can't be solved by restarting my pc or client, or verifying game files. My drive is up-to-date. APEX is the only one having this issue. My other games with high graphics ain't got any issues.The game isn't laggy or crashing. It's just the textures are like this, and I can't play when it's glitching everything, and I can't see anything. This never happened to me before. I played other games, but it's not like this. Only Apex is giving me this much of a headache!!!https://imgur.com/a/Z9GVZth (in-game screenshots)https://imgur.com/a/1RBtUhC (other game modes)I tried contacting EA about this,but I haven't gotten any response.Radeon RX 580 SeriesAMD Ryzen 5 2600X Six-Core Processor (3.60 GHz)RAM 16.0 GBWindows 11 ProThis is the same stuff I have been using for years with no issue in your game. But ever since you updated something a few days ago, the game has been buggy and glitchy. The issue is not on my end. Hi. Have you tried all troubleshooting steps posted on this thread? And any of the workarounds? This is the only report I've seen about this so it could be hardware related. Feel free to let me know if you see any similar reports.I have sent this to the team. hello update all of the steps in this trend and workarounds didn't work for me. But I solved it! Turns out it was a hardware related that I just needed to update it. Thanks.",2025-12-01T23:55:35+00:00,,,,https://steamcommunity.com/app/1172470/discussions/0/695371826098917027/
steam,PsychoPanda,reply,Apex Legends,Tried all that... Nothing worked. Radeon RX 580 Series12th Gen Intel(R) Core(TM) i5-12400 (2.50 GHz)RAM 16.0 GBWindows 11 Pro (25H2),2025-12-02T20:53:45+00:00,,,,https://steamcommunity.com/app/1172470/discussions/0/695371826098917027/
steam,MOD_SidZapen,reply,Apex Legends,Originally posted by Loba2512:Originally posted by MOD_SidZapen:Hi. Have you tried all troubleshooting steps posted on this thread? And any of the workarounds? This is the only report I've seen about this so it could be hardware related. Feel free to let me know if you see any similar reports.I have sent this to the team. hello update all of the steps in this trend and workarounds didn't work for me. But I solved it! Turns out it was a hardware related that I just needed to update it. Thanks. Glad to hear that!,2025-12-02T22:15:33+00:00,,,,https://steamcommunity.com/app/1172470/discussions/0/695371826098917027/
steam,RSPN_Bean,post,Apex Legends,"To provide better service and gaming experience to our global community, the Apex Legends Steam forum now supports both English and Simplified Chinese.If you need help and support, and prefer to communicate in English or Simplified Chinese, please feel free to start a thread or join the discussion on the discussion board.We also offer official discussion forums and support services in 9 different languages on EA Forums. You are welcome to get more support and services in the EA Forum . English Deutsch Español Français Русский форум Português Język polski Italiano Nederlands How to Navigate the Language Boards: https://game.ea.com/redirect?campaignName=apxl_cmc_steam_multilangsupport_en_howto&clanding=HOWTO&cother=apxl_cmc_steam_multilangsupport_enWe truly appreciate every player's voice. Your thoughts and feedback are incredibly important to us!",2025-07-08T21:05:21+00:00,,,,https://steamcommunity.com/app/1172470/discussions/0/595153917110753309/
steam,Finfid,reply,Apex Legends,Catering to the farmbots.,2025-07-12T20:07:38+00:00,,,,https://steamcommunity.com/app/1172470/discussions/0/595153917110753309/
steam,[猎兽](!!堆芯融毁!!),reply,Apex Legends,谢谢，看得出来重生在作出转变,2025-07-15T04:28:53+00:00,,,,https://steamcommunity.com/app/1172470/discussions/0/595153917110753309/
steam,山崎,reply,Apex Legends,什么时候出传家宝买一送一,2025-07-16T05:37:00+00:00,,,,https://steamcommunity.com/app/1172470/discussions/0/595153917110753309/
steam,闻香识咸鱼,reply,Apex Legends,1,2025-07-30T03:25:59+00:00,,,,https://steamcommunity.com/app/1172470/discussions/0/595153917110753309/
steam,EveryoneHatesMe,reply,Apex Legends,HHH,2025-08-08T23:06:48+00:00,,,,https://steamcommunity.com/app/1172470/discussions/0/595153917110753309/
steam,hypem4x,reply,Apex Legends,dd,2025-08-09T14:29:36+00:00,,,,https://steamcommunity.com/app/1172470/discussions/0/595153917110753309/
steam,Minato友,reply,Apex Legends,xd,2025-09-05T15:12:17+00:00,,,,https://steamcommunity.com/app/1172470/discussions/0/595153917110753309/
steam,howcanigetback,reply,Apex Legends,1,2025-09-09T15:03:05+00:00,,,,https://steamcommunity.com/app/1172470/discussions/0/595153917110753309/
steam,BOHERS,reply,Apex Legends,xd,2025-09-13T17:27:07+00:00,,,,https://steamcommunity.com/app/1172470/discussions/0/595153917110753309/
steam,OnlineGamer,reply,Apex Legends,"Hi,Devs, can you add commercial license option for pc steam cafe?",2025-09-17T18:26:42+00:00,,,,https://steamcommunity.com/app/1172470/discussions/0/595153917110753309/
steam,我来当绿色忍者.,reply,Apex Legends,111,2025-09-19T04:09:34+00:00,,,,https://steamcommunity.com/app/1172470/discussions/0/595153917110753309/
steam,上帝Spec,reply,Apex Legends,xd,2025-10-10T16:06:32+00:00,,,,https://steamcommunity.com/app/1172470/discussions/0/595153917110753309/
steam,𝓼𝔁𝓽𝔁𝓹𝓻𝓲𝓿,reply,Apex Legends,the best game,2025-10-21T18:17:38+00:00,,,,https://steamcommunity.com/app/1172470/discussions/0/595153917110753309/
steam,Rowan Venus,reply,Apex Legends,I would like to play Apex legends but I can`t. I always get an integrity error 0x8000002 pop up any way to fix this? I know its probably the anti cheat system but I have no clue what needs uninstalled.,2025-10-23T02:10:53+00:00,,,,https://steamcommunity.com/app/1172470/discussions/0/595153917110753309/
steam,pppa,reply,Apex Legends,你們真的有玩過APEX嗎 遊戲卡成那樣 到底,2025-11-05T10:04:38+00:00,,,,https://steamcommunity.com/app/1172470/discussions/0/595153917110753309/
steam,Bloompkh.tv,post,Apex Legends,maybe nerf re45? it not ok 3 bullet 55 dmg,2026-07-25T20:03:59+00:00,,,,https://steamcommunity.com/app/1172470/discussions/0/592936781602672071/
steam,MOD_SidZapen,reply,Apex Legends,Hey there. Could you elaborate further? Would also love to get more insight from the community on this topic.,2026-07-26T22:11:50+00:00,,,,https://steamcommunity.com/app/1172470/discussions/0/592936781602672071/
steam,SoloEmilio_MnK,reply,Apex Legends,"the recoil needs to be doubled. no reason for a handgun to shoot with so little recoil. damage needs to be gutted. 3 bursted before u can even turn around, the TTK is waaaay to fast on the re45. its way to close to the ""play this gun or turn off the game"" threshold.",2026-07-27T23:01:35+00:00,,,,https://steamcommunity.com/app/1172470/discussions/0/592936781602672071/
steam,Pot Noodle,reply,Apex Legends,skill issue unfortunately,2026-07-28T12:30:46+00:00,,,,https://steamcommunity.com/app/1172470/discussions/0/592936781602672071/
steam,蕎麥 🐕‍🦺,reply,Apex Legends,"i havent been here for a while so why did then even reworked it into energy burst gun from just fully auto P2020? they can just revert it back to what it was originallyother than that its a literal crutch gun for early/mid game, there are a few games where i ran 2x RE-45s for cheap damage/insta downs, not worth using it beyond 20-30m though",2026-07-28T15:24:55+00:00,,,,https://steamcommunity.com/app/1172470/discussions/0/592936781602672071/
steam,HONORIFICABILITUDINITATIBUS,post,Apex Legends,"Lately I've noticed that shots aren't registering. There's no damage from them. This happens for about two weeks. Have you had this situation and am I the only one who's encountered this? It doesn't happen often, but it still happens once in a while.note this happens in wildcard mode mainly",2026-07-28T13:52:22+00:00,,,,https://steamcommunity.com/app/1172470/discussions/0/592937047299228585/
steam,蕎麥 🐕‍🦺,reply,Apex Legends,"very rarely in BR, it happens when either server gets borked or i have connection issues",2026-07-28T15:20:25+00:00,,,,https://steamcommunity.com/app/1172470/discussions/0/592937047299228585/
steam,bielms,post,Apex Legends,"I heard there are a lot of hackers in the game, and the matchmaking it's kinda dead. But still the 10th game most played on steam.I want to start playing again, but I don't want to get frustrated by potential hackers and poor-quality matches.",2026-07-24T21:07:40+00:00,,,,https://steamcommunity.com/app/1172470/discussions/0/592936492464297739/
steam,HeadHunterrJr™,reply,Apex Legends,reinstalled yesterday after not playing for 2 years and regret it. still experiencing same issues/bugs as of 4 years ago,2026-07-24T21:13:01+00:00,,,,https://steamcommunity.com/app/1172470/discussions/0/592936492464297739/
steam,蕎麥 🐕‍🦺,reply,Apex Legends,"not really worth it if you play ranked above gold, pubs and silver-gold elo is somewhat fun",2026-07-24T21:22:56+00:00,,,,https://steamcommunity.com/app/1172470/discussions/0/592936492464297739/
steam,Tiny Nyxa,reply,Apex Legends,Originally posted by HeadHunterrJr™:reinstalled yesterday after not playing for 2 years and regret it. still experiencing same issues/bugs as of 4 years ago and those bugs are?,2026-07-24T21:26:37+00:00,,,,https://steamcommunity.com/app/1172470/discussions/0/592936492464297739/
steam,MOD_SidZapen,reply,Apex Legends,Originally posted by HeadHunterrJr™:reinstalled yesterday after not playing for 2 years and regret it. still experiencing same issues/bugs as of 4 years ago Could you please list down said bugs and issues?,2026-07-25T00:14:57+00:00,,,,https://steamcommunity.com/app/1172470/discussions/0/592936492464297739/
steam,MOD_SidZapen,reply,Apex Legends,"We are aware of the complaints regarding bad actors and matchmaking. Our team is constantly implementing news methods/tools and tests to improve this experience. We recently concluded a matchmaking tests that restricted Diamond and the ranks above to solo queuing only, for example.In Season 26, the team rolled out a new bot detection model and expanded DMA detections in collaboration with EAC with the intention of disrupting the market for pre-leveled accounts. These measures should make it significantly harder for cheaters to operate and should improve the overall health of the lobbies.Here's our full post with more data for you to review: https://steamcommunity.com/games/1172470/announcements/detail/497214077375874823?snr=2___Over these last few months, the anti-cheat team has been validating a new detection system which resulted in identifying and removing 1,000 accounts for using unauthorized software/gameplay enhancements, in its first week alone! These bans also targeted Xim and Titan users.Recently as well, we decided that the use of “jitter aim” and/or RC filters to exploit aim assist systems and negate recoil on controllers is unequivocally considered cheating. We are taking a firm stance against players using these cheats and are taking action to stop them. More details here:https://steamcommunity.com/games/1172470/announcements/detail/688635449342696562To wrap up, and since the end of April, we have executed nearly 6,000 hardware bans across PC and console. While the majority of those bans impacted players on PC, we are actively increasing our utilization of hardware bans on consoles.https://steamcommunity.com/games/1172470/announcements/detail/674000199448790792",2026-07-25T00:18:35+00:00,,,,https://steamcommunity.com/app/1172470/discussions/0/592936492464297739/
steam,蕎麥 🐕‍🦺,reply,Apex Legends,"Originally posted by MOD_SidZapen:In Season 26, the team rolled out a new bot detection model and expanded DMA detections in collaboration with EAC with the intention of disrupting the market for pre-leveled accounts. These measures should make it significantly harder for cheaters to operate and should improve the overall health of the lobbies. does apex require you to have TPM and secure boot bios options? if not it definitely should be implemented, at least it can thin down the $2-10 cheat options",2026-07-25T00:32:10+00:00,,,,https://steamcommunity.com/app/1172470/discussions/0/592936492464297739/
steam,9,reply,Apex Legends,"Originally posted by bielms:I heard there are a lot of hackers in the game, and the matchmaking it's kinda dead. But still the 10th game most played on steam.I want to start playing again, but I don't want to get frustrated by potential hackers and poor-quality matches. If you're a patient person who has profound control over your state of mind.... If you'd play just to play...not to win.. .... If you're perfectly fine with unfairness and countless games where you're guaranteed to lose before the match even starts..... If you're okay with toxic teammates that also don't play as a team..... If you're okay with abilities first, gunplay a very distant second... If you're okay with lag/server issues.... If you're okay having to play as certain legends and run specific guns to even have a chance at winning.... if you're a person who just wants to play just to play then absolutely, get back into the game. However, if you're a person who likes things to make sense and be balanced/fair then I highly recommend not picking the game back up.",2026-07-25T00:47:44+00:00,,,,https://steamcommunity.com/app/1172470/discussions/0/592936492464297739/
steam,9,reply,Apex Legends,"Originally posted by MOD_SidZapen:Originally posted by HeadHunterrJr™:reinstalled yesterday after not playing for 2 years and regret it. still experiencing same issues/bugs as of 4 years ago Could you please list down said bugs and issues? Loba's bracelet canceling when it hits terrain that isn't perfect. This could be solved by making the bracelet's landing spot adjust by a foot or two automatically before the cancel happens. At the very least there shouldn't be a finger waging ""no"" animation because no one cares about the finger wag while they are getting shot. Seriously, this either needs to be fixed or Loba needs a rework to something that actually functions correctly.",2026-07-25T00:57:33+00:00,,,,https://steamcommunity.com/app/1172470/discussions/0/592936492464297739/
steam,Prince Ian,reply,Apex Legends,"Originally posted by MOD_SidZapen:We are aware of the complaints regarding bad actors and matchmaking. Our team is constantly implementing news methods/tools and tests to improve this experience. We recently concluded a matchmaking tests that restricted Diamond and the ranks above to solo queuing only, for example.In Season 26, the team rolled out a new bot detection model and expanded DMA detections in collaboration with EAC with the intention of disrupting the market for pre-leveled accounts. These measures should make it significantly harder for cheaters to operate and should improve the overall health of the lobbies.Here's our full post with more data for you to review: https://steamcommunity.com/games/1172470/announcements/detail/497214077375874823?snr=2___Over these last few months, the anti-cheat team has been validating a new detection system which resulted in identifying and removing 1,000 accounts for using unauthorized software/gameplay enhancements, in its first week alone! These bans also targeted Xim and Titan users.Recently as well, we decided that the use of “jitter aim” and/or RC filters to exploit aim assist systems and negate recoil on controllers is unequivocally considered cheating. We are taking a firm stance against players using these cheats and are taking action to stop them. More details here:https://steamcommunity.com/games/1172470/announcements/detail/688635449342696562To wrap up, and since the end of April, we have executed nearly 6,000 hardware bans across PC and console. While the majority of those bans impacted players on PC, we are actively increasing our utilization of hardware bans on consoles.https://steamcommunity.com/games/1172470/announcements/detail/674000199448790792 thats nice but then how am I going to play ranked with my gf when we reach diamond? We're currently plat 1 and soon as we reach diamond we're just going to quit because we cant play together.",2026-07-25T01:46:40+00:00,,,,https://steamcommunity.com/app/1172470/discussions/0/592936492464297739/
steam,DiviisioN,reply,Apex Legends,"Originally posted by MOD_SidZapen:Originally posted by HeadHunterrJr™:reinstalled yesterday after not playing for 2 years and regret it. still experiencing same issues/bugs as of 4 years ago Could you please list down said bugs and issues? For example one of the bugs, Season 25 Diamond Badge or other showing as Rookie Badge, and/or Level Badge shows as Level 1 badge sometimes as well for the several Seasons nowhttps://steamcommunity.com/sharedfiles/filedetails/?id=3706485664",2026-07-25T02:10:19+00:00,,,,https://steamcommunity.com/app/1172470/discussions/0/592936492464297739/
steam,gnarlyfranko,reply,Apex Legends,"No, wait for new season, now it's Axel/Seer/Valk overpowered slop, it's very annoying season and one of the most unbalanced so far",2026-07-25T11:08:22+00:00,,,,https://steamcommunity.com/app/1172470/discussions/0/592936492464297739/
steam,srcq,reply,Apex Legends,"Originally posted by MOD_SidZapen:Originally posted by HeadHunterrJr™:reinstalled yesterday after not playing for 2 years and regret it. still experiencing same issues/bugs as of 4 years ago Could you please list down said bugs and issues? Maybe you could start fixing the issues with your servers?Why do I constantly get ""0/59"" client-side packet loss on us-central-1? It’s 100% not my router or internet connection—I don't have these problems on other servers (aside from ping), and my connection is excellent in other games, unlike in this pathetic excuse for a game... Right now, I’m forced to play on us-east-1 with 125 ping just to get a more stable connection...",2026-07-25T11:35:56+00:00,,,,https://steamcommunity.com/app/1172470/discussions/0/592936492464297739/
steam,CblP-0|0y0|0E/\,reply,Apex Legends,game good !devs not,2026-07-25T11:45:19+00:00,,,,https://steamcommunity.com/app/1172470/discussions/0/592936492464297739/
steam,Xuddish,reply,Apex Legends,"i think it is great game for most people, if you are low or high skill the matchmaking is always worse. for me as average skill it get good matchmaking. and i only play trios.i do not think any other game mode is a good idea.",2026-07-25T12:03:22+00:00,,,,https://steamcommunity.com/app/1172470/discussions/0/592936492464297739/
steam,OldSkull,reply,Apex Legends,Haters gonna hate in all sides at all hours.Game is good and better than others.,2026-07-25T12:53:50+00:00,,,,https://steamcommunity.com/app/1172470/discussions/0/592936492464297739/
steam,кронос,post,Apex Legends,"plugged in controller after 3 years, instant 10 kill gamelmaoooo",2026-07-27T10:26:34+00:00,,,,https://steamcommunity.com/app/1172470/discussions/0/592936781602774136/
steam,alekseybrayant,reply,Apex Legends,"Поддерживаю, когда уже это говно ослабят",2026-07-27T17:13:07+00:00,,,,https://steamcommunity.com/app/1172470/discussions/0/592936781602774136/
steam,srcq,reply,Apex Legends,"0.3 в пк лобби, типы все еще ноют увы, занерфленный аа ваши кривые ручки не исправит",2026-07-27T17:40:41+00:00,,,,https://steamcommunity.com/app/1172470/discussions/0/592936781602774136/
steam,gnarlyfranko,reply,Apex Legends,"Originally posted by chad:0.3 в пк лобби, типы все еще ноют :Valakas_haha:увы, занерфленный аа ваши кривые ручки не исправит У тюбика больше половины про сцены и предаторов с мышки перешли неожиданно на геЙпад, а он говорит про кривые руки, которые как раз у додисов, которым нужна ИИ помощь, просто чтобы попасть в кого-то, во рофл",2026-07-27T18:30:19+00:00,,,,https://steamcommunity.com/app/1172470/discussions/0/592936781602774136/
steam,srcq,reply,Apex Legends,"Originally posted by gnarlyfranko:Originally posted by chad:0.3 в пк лобби, типы все еще ноют увы, занерфленный аа ваши кривые ручки не исправит У тюбика больше половины про сцены и предаторов с мышки перешли неожиданно на геЙпад, а он говорит про кривые руки, которые как раз у додисов, которым нужна ИИ помощь, просто чтобы попасть в кого-то, во рофл Другалек, жидкого надавил...Речи о про сцене и слабости роллера не былоЯ лишь подчеркнул факт, что бездари, ноющие на аа, даже после нерфа этого самого аа, останутся бездарями... если конечно сами не захотят импрувнуться вместо нытья, но тут маловероятно, ибо ныть проще, увынск",2026-07-27T18:38:16+00:00,,,,https://steamcommunity.com/app/1172470/discussions/0/592936781602774136/
steam,srcq,reply,Apex Legends,"Originally posted by chad:Originally posted by gnarlyfranko:У тюбика больше половины про сцены и предаторов с мышки перешли неожиданно на геЙпад, а он говорит про кривые руки, которые как раз у додисов, которым нужна ИИ помощь, просто чтобы попасть в кого-то, во рофл Другалек, жидкого надавил...Речи о про сцене и слабости роллера не былоЯ лишь подчеркнул факт, что бездари, ноющие на аа, даже после нерфа этого самого аа, останутся бездарями... если конечно сами не захотят импрувнуться вместо нытья, но тут маловероятно, ибо ныть проще, увынск И да, роллер как импут - сильный, спору нет. Но это НЕ автокерри, беря роллер в руки, чел не станет сразу вторым Халом или кем-то еще)И да про помощь ИИ, жду клип, где с мнк на стрелочках камерой водишь и -200 даешь, иначе тейк г0вна не стоит даже",2026-07-27T18:43:16+00:00,,,,https://steamcommunity.com/app/1172470/discussions/0/592936781602774136/
steam,gnarlyfranko,reply,Apex Legends,"Originally posted by chad:Originally posted by chad:Другалек, жидкого надавил...Речи о про сцене и слабости роллера не былоЯ лишь подчеркнул факт, что бездари, ноющие на аа, даже после нерфа этого самого аа, останутся бездарями... если конечно сами не захотят импрувнуться вместо нытья, но тут маловероятно, ибо ныть проще, увынск :Valakas_haha: И да, роллер как импут - сильный, спору нет. Но это НЕ автокерри, беря роллер в руки, чел не станет сразу вторым Халом или кем-то еще)И да про помощь ИИ, жду клип, где с мнк на стрелочках камерой водишь и -200 даешь, иначе тейк г0вна не стоит даже Авто КЕРРИ даже рейдж чит не будет являться в кривых руках, если возьмешь среднего игрока МнК и среднего геЙпадера, уже давно проверили - средний геЙпадер будет точнее и сильнее. Да-да, гейпадом так сложно управлять, аж равносильно, как стрелочками на клавиатуре, кулстори.",2026-07-27T18:51:35+00:00,,,,https://steamcommunity.com/app/1172470/discussions/0/592936781602774136/
steam,gnarlyfranko,reply,Apex Legends,"Originally posted by chad:Originally posted by gnarlyfranko:У тюбика больше половины про сцены и предаторов с мышки перешли неожиданно на геЙпад, а он говорит про кривые руки, которые как раз у додисов, которым нужна ИИ помощь, просто чтобы попасть в кого-то, во рофл Другалек, жидкого надавил...Речи о про сцене и слабости роллера не былоЯ лишь подчеркнул факт, что бездари, ноющие на аа, даже после нерфа этого самого аа, останутся бездарями... если конечно сами не захотят импрувнуться вместо нытья, но тут маловероятно, ибо ныть проще, увынск :Valakas_haha: На него ноют большая часть коммьюнити ПК, о чем ты, тут не кривые руки, а то что ты савм гоняешь с этим говном и радуешься, причем ранг неважен, от лохов, до мастеров и предов, все указывают на проблему АА, что два года назад указывали, что сейчас.",2026-07-27T18:53:01+00:00,,,,https://steamcommunity.com/app/1172470/discussions/0/592936781602774136/
steam,srcq,reply,Apex Legends,"Originally posted by gnarlyfranko:Originally posted by chad:Другалек, жидкого надавил...Речи о про сцене и слабости роллера не былоЯ лишь подчеркнул факт, что бездари, ноющие на аа, даже после нерфа этого самого аа, останутся бездарями... если конечно сами не захотят импрувнуться вместо нытья, но тут маловероятно, ибо ныть проще, увынск На него ноют большая часть коммьюнити ПК, о чем ты, тут не кривые руки, а то что ты савм гоняешь с этим говном и радуешься, причем ранг неважен, от лохов, до мастеров и предов, все указывают на проблему АА, что два года назад указывали, что сейчас. Так его и так до 0.3 занерфили в пк лобби, у консолей он от 0.6 до 0.3 скачет в зависимости от лобби и настроек самой консоли, а мнк-нытиков до сих пор рветЯ сам раньше на мнк играл, причем большую часть времени это был основной импут, но я никогда не ныл на типов с рулями, ибо мне фулл по}{уй было, я играл, я учился быть лучше и только, а пересел относительно недавно, потому что увы, данная помойка стала настолько скучной, что только освоение нового импута для меня имело интерес существования здесь, который кстати тоже угасает, ибо коммуна с каждым годом все больше г0вноедами становится",2026-07-27T19:06:03+00:00,,,,https://steamcommunity.com/app/1172470/discussions/0/592936781602774136/
steam,srcq,reply,Apex Legends,"Originally posted by chad:Originally posted by gnarlyfranko:На него ноют большая часть коммьюнити ПК, о чем ты, тут не кривые руки, а то что ты савм гоняешь с этим говном и радуешься, причем ранг неважен, от лохов, до мастеров и предов, все указывают на проблему АА, что два года назад указывали, что сейчас. Так его и так до 0.3 занерфили в пк лобби, у консолей он от 0.6 до 0.3 скачет в зависимости от лобби и настроек самой консоли, а мнк-нытиков до сих пор рветЯ сам раньше на мнк играл, причем большую часть времени это был основной импут, но я никогда не ныл на типов с рулями, ибо мне фулл по}{уй было, я играл, я учился быть лучше и только, а пересел относительно недавно, потому что увы, данная помойка стала настолько скучной, что только освоение нового импута для меня имело интерес существования здесь, который кстати тоже угасает, ибо коммуна с каждым годом все больше г0вноедами становится И да, как я писал выше, убери эти 70% рулей из игры, мнк-мясо как сосало, так и будет сосать, только уже не сильным мнк и роллерам, а чисто мнк, но там и поныть уже нельзя будет на импут, хотя найдут оправдание своей слабости)Считаю, надо закончить, даже от таких срачей уже интереса не чувствую(",2026-07-27T19:19:26+00:00,,,,https://steamcommunity.com/app/1172470/discussions/0/592936781602774136/
steam,gnarlyfranko,reply,Apex Legends,"Originally posted by chad:Originally posted by gnarlyfranko:На него ноют большая часть коммьюнити ПК, о чем ты, тут не кривые руки, а то что ты савм гоняешь с этим говном и радуешься, причем ранг неважен, от лохов, до мастеров и предов, все указывают на проблему АА, что два года назад указывали, что сейчас. Так его и так до 0.3 занерфили в пк лобби, у консолей он от 0.6 до 0.3 скачет в зависимости от лобби и настроек самой консоли, а мнк-нытиков до сих пор рветЯ сам раньше на мнк играл, причем большую часть времени это был основной импут, но я никогда не ныл на типов с рулями, ибо мне фулл по}{уй было, я играл, я учился быть лучше и только, а пересел относительно недавно, потому что увы, данная помойка стала настолько скучной, что только освоение нового импута для меня имело интерес существования здесь, который кстати тоже угасает, ибо коммуна с каждым годом все больше г0вноедами становится Ну отлично, что его занизили, только проблема не ушла, я тебе говорю, одно дело об этом ноют ребята, по типу платины и ниже, но когда буквально пол коммьюнити об этом толдычит, это уже не просто рант дурачков с 0.6КД, тут полноценный трабл, кто-то меньше ноет, кто-то больше ноет, кто-то не ноет, логично, тем более сверху накидывая нынешнюю проблему с предаторами геЙпадерами, которые через раз там бегают с кронусом или зеном, который выкручивает ассист сверху, так еще и убирает отдачу. Тут же еще баазр за то, что бы их просто выкинули с Пк лобби, глобально мне насрать кто как играет, но я не хочу сидеть и пересматривать, как у чувака в ближнем бою просто магнитится прицел на мне, хоть ты обскачись, как ""немоскаль"", и данные файты в близи это в принципе 90% апекса, и там где Мнкшник промахнется в близи, геЙпадеру поможет подкрутить его иишка в его удивительном агрегате, я лучше фулл лобби предаторов ловить буду всегда, чем бегать против этих, хотя бы будет чему научиться, а не выявить мысль, что возможно пора в близи просто брать контоллер в руки и играть по тем же правилам.",2026-07-27T19:21:15+00:00,,,,https://steamcommunity.com/app/1172470/discussions/0/592936781602774136/
steam,gnarlyfranko,reply,Apex Legends,"Originally posted by chad:Originally posted by chad:Так его и так до 0.3 занерфили в пк лобби, у консолей он от 0.6 до 0.3 скачет в зависимости от лобби и настроек самой консоли, а мнк-нытиков до сих пор рветЯ сам раньше на мнк играл, причем большую часть времени это был основной импут, но я никогда не ныл на типов с рулями, ибо мне фулл по}{уй было, я играл, я учился быть лучше и только, а пересел относительно недавно, потому что увы, данная помойка стала настолько скучной, что только освоение нового импута для меня имело интерес существования здесь, который кстати тоже угасает, ибо коммуна с каждым годом все больше г0вноедами становится И да, как я писал выше, убери эти 70% рулей из игры, мнк-мясо как сосало, так и будет сосать, только уже не сильным мнк и роллерам, а чисто мнк, но там и поныть уже нельзя будет на импут, хотя найдут оправдание своей слабости)Считаю, надо закончить, даже от таких срачей уже интереса не чувствую( Ну так рантов от обычных нубисов я почти и не вижу, понятное дело всегда найдется тот, кто наноет, но сравнивая сколько я видел ""нытья"" по поводу рукожопости людей и попкогорения на геймпады, ну это небо и земля по количеству.",2026-07-27T19:24:13+00:00,,,,https://steamcommunity.com/app/1172470/discussions/0/592936781602774136/
steam,Goldzero1,reply,Apex Legends,yes,2026-07-27T19:58:08+00:00,,,,https://steamcommunity.com/app/1172470/discussions/0/592936781602774136/
steam,The Fuggler,reply,Apex Legends,"Huh, I just used Kbm for the first time in game and JEEZ movement and accuracy are easy on there 😂 12 kills first game, yet sure nerf aa for the ignorant kids",2026-07-27T20:29:16+00:00,,,,https://steamcommunity.com/app/1172470/discussions/0/592936781602774136/
steam,.txc,reply,Apex Legends,"Originally posted by The Fuggler:Huh, I just used Kbm for the first time in game and JEEZ movement and accuracy are easy on there 😂 12 kills first game, yet sure nerf aa for the ignorant kids the difference is that you need to learn it on mnk.. aim assist is something they give u for free.",2026-07-27T20:44:10+00:00,,,,https://steamcommunity.com/app/1172470/discussions/0/592936781602774136/
steam,RaginSam,reply,Apex Legends,"Rotational assist doesn't belong in FPS games, and certainly not in Apex at this point. Also, watch any random person using a controller, they can move nearly 1:1 to any mouse player, but for some reason they get free assistance? I bet if you were to remove the UI from a video, most people wouldn't be able to tell the difference between inputs concerning movement.",2026-07-27T22:13:12+00:00,,,,https://steamcommunity.com/app/1172470/discussions/0/592936781602774136/
steam,m3giddo,post,Apex Legends,I HOPE RESPAWN HAVE A WAY WHERE RP CAN BE REFUNDED DUE TO THEIR SERVER EXPLODING ON THEIR FACES. I HAVE HARD TIME CLIMBING UP ONLY TO LOSE HUGE RP DUE TO ♥♥♥♥♥♥♥ SERVER ISSUES. THEN YOU ISSUE ME A PENALTY OF FORFEITED MATCH? WHEN YOUR SERVERS ARE THE ONE CAUSED IT? ♥♥♥♥♥♥♥ ♥♥♥♥♥♥♥♥,2026-07-28T11:59:16+00:00,,,,https://steamcommunity.com/app/1172470/discussions/0/592937047299222380/
steam,¿?,reply,Apex Legends,"same ♥♥♥♥ just happened to me,-182 rp, this game is a ♥♥♥♥♥♥♥ joke bro. filled with cheaters everywhere and all they do is make the experience worse",2026-07-28T13:38:36+00:00,,,,https://steamcommunity.com/app/1172470/discussions/0/592937047299222380/
steam,¿?,post,Apex Legends,"how is it possible that apex decides to kick me out of a game, when i try to reconnect it stalls for 5 minutes and then takes me back to the lobby and deducts 200 ♥♥♥♥♥♥♥ rp from my account?? u guys have to be high if ur forcing players to dc and taking away 200 rp",2026-07-28T13:37:28+00:00,,,,https://steamcommunity.com/app/1172470/discussions/0/592937047299227748/
steam,Dungeon Master,post,Apex Legends,Сейчас золото 3,2026-07-28T13:35:33+00:00,,,,https://steamcommunity.com/app/1172470/discussions/0/592937047299227658/
steam,vbifivich,post,Apex Legends,При запуске пишет перегрузка и бесконечная загрузка,2026-07-28T13:17:10+00:00,,,,https://steamcommunity.com/app/1172470/discussions/0/592937047299226307/
steam,fvde,post,Apex Legends,"Help pleaseReally fking tired of seeing nothing right in front of me and then of course dying, while the enemies could see me through whatever they want no matter what it is: bushes, fog, rain, walls (i dont think these are cheaters every time, more likely they are using the right settings)",2026-07-28T13:09:21+00:00,,,,https://steamcommunity.com/app/1172470/discussions/0/592937047299225949/
steam,Anixsemp,post,Apex Legends,Здесь мы собираемся большими компаниями чтобы поиграть в разные кооперативные и мультиплеер игры https://discord.gg/c3qaRgFFHJ,2026-07-28T12:43:08+00:00,,,,https://steamcommunity.com/app/1172470/discussions/0/592937047299224612/
steam,jfaucher1945,post,Apex Legends,im saying this cuz edgerunners collabed with apex,2026-07-28T12:41:35+00:00,,,,https://steamcommunity.com/app/1172470/discussions/0/592937047299224530/
steam,Freezer Rabbit,post,The Sims 4,"Sul Sul, Simmers!Welcome! Whether you're here to ask a question, share your latest build, swap gameplay tips, or talk all things The Sims 4, we're glad you're here.We want this to be a place where everyone feels comfortable joining the conversation. Alongside the Steam Community Rules, these guidelines help keep discussions respectful, helpful, and focused on the game. While they won't cover every situation, our moderators may step in if behavior is harmful, disruptive, or makes the community less welcoming. Help Us Keep Discussions Helpful Search before posting, you might find your answer right away. Give your discussion a clear title. Include enough detail for others to jump in. Stay on topic so conversations are easy to follow. Report rule-breaking behavior. Content We Don't AllowThe following content may be removed immediately and can result in account action. Discrimination or hate speech. That means no sexism, racism, or attacks on identity. Link to, discuss, promote pirated content, activities such as software piracy, ""hacks"", ""torrents"", game ""cracks"", and/or harmful content: Such as Trojan horses or other malware. That's not allowed and will result in account action. Troll, bait or flame. This includes deliberately trying to cause an argument by making sarcastic, off-topic, rude or disruptive posts, and discussions. Do anything illegal. To ensure everyone feels safe, it’s important that you follow the local laws when playing our games. This not only includes keeping things legal, but reporting anything you see that breaks the law or promotes doing so. This means no: identity theft, identity fraud, swatting, doxxing, stalking, making personal threats, blackmail and extortion. Posting anything that references adult materials. This includes linking to or naming adult-themed mods for games. We've got young gamers on here, too. Asking for or giving out CD-Keys/Product Codes. Missing the code for your game? Head to help.ea.com to contact us. Exception: If you’d like to host a giveaway, please be sure to write a disclaimer that this is not affiliated with EA. Coin Buying / Selling / Promoting / Gambling. Content involving threats, encouragement of self-harm or danger to personal safety may be removed and escalated to moderators. If you see concerning behavior, please report it. Need Help? Reporting Bugs or Technical IssuesIf you've run into a bug or need technical support, please post on the official The Sims 4 Forums. This helps make sure your report reaches the right teams and can be properly tracked.👉 The Sims 4 ForumsJoin Our DiscordLooking for community events, build inspiration, gameplay discussions, or challenges? We'd love to have you.👉 The Sims Discord[discord.gg]",2026-07-21T17:30:47+00:00,,,,https://steamcommunity.com/app/1222670/discussions/0/576047946418649481/
steam,Nyx,post,The Sims 4,This game is not for the gamers anymore. It is for ceo's and shareholders. The devs are being pushed to do things to meet a requirement by this. You all need to gather and figure something out cause it will only get worse. This game is beyond broken.,2026-07-26T16:11:09+00:00,,,,https://steamcommunity.com/app/1222670/discussions/0/591810883669312142/
steam,FauxFurry,reply,The Sims 4,"That is not how a free market works. You have to go now if you do not like what EA is doing with the franchise (or rather, what their parent companies have allowed them to do). Find a product which does for you what theirs could not. If enough people do so, then maybe EA will be sold off again to a parent company which commands them to engage in business practices that are more in keeping with your preferences.",2026-07-27T01:39:36+00:00,,,,https://steamcommunity.com/app/1222670/discussions/0/591810883669312142/
steam,PIT_DEFENDER,reply,The Sims 4,"Originally posted by FauxFurry:That is not how a free market works. You have to go now if you do not like what EA is doing with the franchise (or rather, what their parent companies have allowed them to do). Find a product which does for you what theirs could not. If enough people do so, then maybe EA will be sold off again to a parent company which commands them to engage in business practices that are more in keeping with your preferences. One could argue that the real way free market works, is one company eventually controls enough of it to force you into buying their slop or pass on an activity altogether ;p At least thats how it feels to me ;p",2026-07-27T17:21:24+00:00,,,,https://steamcommunity.com/app/1222670/discussions/0/591810883669312142/
steam,Xautos,reply,The Sims 4,Originally posted by Nyx:This game is not for the gamers anymore. It is for ceo's and shareholders. The devs are being pushed to do things to meet a requirement by this. You all need to gather and figure something out cause it will only get worse. This game is beyond broken. Of course it's beyond broken and nothing these devs are ever going to fix the mess they caused and neither do they truly care.,2026-07-27T18:59:34+00:00,,,,https://steamcommunity.com/app/1222670/discussions/0/591810883669312142/
steam,PIT_DEFENDER,reply,The Sims 4,"Originally posted by Xautos:Originally posted by Nyx:This game is not for the gamers anymore. It is for ceo's and shareholders. The devs are being pushed to do things to meet a requirement by this. You all need to gather and figure something out cause it will only get worse. This game is beyond broken. Of course it's beyond broken and nothing these devs are ever going to fix the mess they caused and neither do they truly care. Also I am guessing the devs who are trying to fix all these bugs arent the ones who created them, and it also looks like they try making workarounds rather than proper fixes which only causes more bugs ;p This is not looking good ;p",2026-07-27T23:25:33+00:00,,,,https://steamcommunity.com/app/1222670/discussions/0/591810883669312142/
steam,FauxFurry,reply,The Sims 4,"Originally posted by PIT_DEFENDER:Originally posted by FauxFurry:That is not how a free market works. You have to go now if you do not like what EA is doing with the franchise (or rather, what their parent companies have allowed them to do). Find a product which does for you what theirs could not. If enough people do so, then maybe EA will be sold off again to a parent company which commands them to engage in business practices that are more in keeping with your preferences. One could argue that the real way free market works, is one company eventually controls enough of it to force you into buying their slop or pass on an activity altogether ;p At least thats how it feels to me ;p No one can force you into buying anything but that goes double for something that is not a necessity. Just don't buy a video game that you don't want to buy. If InZoi or ParaLives has enough of what you are looking for, then support them so that those alternatives become even more enticing to more people than it is now.",2026-07-28T02:40:19+00:00,,,,https://steamcommunity.com/app/1222670/discussions/0/591810883669312142/
steam,Xautos,reply,The Sims 4,"Originally posted by PIT_DEFENDER:Originally posted by Xautos:Of course it's beyond broken and nothing these devs are ever going to fix the mess they caused and neither do they truly care. Also I am guessing the devs who are trying to fix all these bugs arent the ones who created them, and it also looks like they try making workarounds rather than proper fixes which only causes more bugs ;p This is not looking good ;p it has been 12 years since, i wouldn't expect the same developers to be around in all that time, life has a habit of getting in the way.that's the problem when you are layering new stuff on top of the old stuff that was never fixed, it actually means drilling down to get at the old stuff and laying new stuff back on top and how far down does one have to go to sort it out.finding workarounds is not fixing the issue, it's a cheap way to pretending they fixed it by using other means to cure the symptom and not the cause, though the cause will always remain.Most new developers coming in probably wouldn't understand the way a previous individual developers worked their magic to put it all into action and even if they did, they may not be allowed to sort it out because it costs them money.cheapskates looking for an easy way out instead of making an effort they caused in the first place by not sorting it out. that's the problem with EA, corporate arrogance and narrowminded business appoach they believe is the way to solve everything until they realise one day what a mess they left behind...the irony in all that is, they have all this DEI stuff going on while they act like that.. i mean if the hypocrisy occured to you then just what else are they playing double standards at? and here we are with a game in a real mess while claiming its the best thing since the invention of sliced bread.",2026-07-28T09:37:46+00:00,,,,https://steamcommunity.com/app/1222670/discussions/0/591810883669312142/
steam,PIT_DEFENDER,reply,The Sims 4,"Originally posted by FauxFurry:Originally posted by PIT_DEFENDER:One could argue that the real way free market works, is one company eventually controls enough of it to force you into buying their slop or pass on an activity altogether ;p At least thats how it feels to me ;p No one can force you into buying anything but that goes double for something that is not a necessity. Just don't buy a video game that you don't want to buy. If InZoi or ParaLives has enough of what you are looking for, then support them so that those alternatives become even more enticing to more people than it is now. Better yet just strip naked and go live in the forest, why have anything at all, its not like anyone forces us to do that xD",2026-07-28T09:52:43+00:00,,,,https://steamcommunity.com/app/1222670/discussions/0/591810883669312142/
steam,Llynard Druschba RU,reply,The Sims 4,"@Nyx If you want to Play ""Sims4"" in a better way, you should forget about EA. Try InZoi or Paralifes. Paralifes is early access, i Konw, BUT they REALLY Care about the Comunity ! AND they WANT modders to be part of the Programmingprocess. After just 2 Month since Release the Early Access the game is MUCH Better Sims 4 ever was. I spend 1200² TOO MUCH on Sims4 !!! Paralifes was under 40€ and you will get EVERYTHING that will released later FREE.",2026-07-28T14:56:18+00:00,,,,https://steamcommunity.com/app/1222670/discussions/0/591810883669312142/
steam,Xautos,reply,The Sims 4,"i'm not concerned about EA wanting to shut me up, not like in the past, now there is Inzoi and Paralives, and you have tinylife out there as well, there are alternative options in the making and it's no longer a punishing practice of being forced to dance to EA's line they want to promote on their forums any more, because now the options exist and suddenly none of that matters.That stupid permanent ban one of them put on me on their forum looks ridicious today for sure. Shows them what logic is to them when they can't figure out i was actually trying to provide another point of view and they saw it as a challenge to their authority instead. if they had only noticed what i was writing instead of what they were projecting from themselves, they would have noticed, oh look there is a whole world out there and the USA is not the center of the universe.",2026-07-28T15:23:45+00:00,,,,https://steamcommunity.com/app/1222670/discussions/0/591810883669312142/
steam,choijaoh,post,The Sims 4,จะเล่นเกมส์ พอเข้าแล้วขึ้นว่าเชื่อมต่อกับ EA ไม่ได้ ลบลงใหม่หลายรอบแล้ว ได้บ้างไม่ได้บ้าง อยากเล่นเกมส์ก็เล่นไม่ได้ เบื่อ EA มาก แก้ยังไงได้อีกบ้างคะ ท้อ เล่นไม่ได้มาเป็นเดือนละ,2026-07-28T13:20:03+00:00,,,,https://steamcommunity.com/app/1222670/discussions/0/591811150340980616/
steam,marymarialex,post,The Sims 4,game just added to my married man love with random sim with complicated relathionship. he was veeery happy xDreloaded last save cause it's really weird. wth is that bug? xD,2026-07-27T17:25:52+00:00,,,,https://steamcommunity.com/app/1222670/discussions/0/591810883669389757/
steam,miamew3,reply,The Sims 4,Do you have Lovestruck dlc?If so did he go on a ''get to know you'' date? Or agreed to meet a secret admirer via phone call.,2026-07-27T17:44:59+00:00,,,,https://steamcommunity.com/app/1222670/discussions/0/591810883669389757/
steam,marymarialex,reply,The Sims 4,Originally posted by miamew3:Do you have Lovestruck dlc?If so did he go on a ''get to know you'' date? Or agreed to meet a secret admirer via phone call. i have this dlc but i didn't have this call. it appeared from nowhere :(,2026-07-28T06:13:10+00:00,,,,https://steamcommunity.com/app/1222670/discussions/0/591810883669389757/
steam,Xeriath,reply,The Sims 4,"I think you mean this bug here: https://forums.ea.com/idea/the-sims-4-bug-reports-en/npcs-randomly-generate-romantic-relationships-disregards-orientation/12466387It is pretty random and rare, I got it once for one of my Sims and I fixed it through delete this *new* romance. I don't use mods.",2026-07-28T11:20:06+00:00,,,,https://steamcommunity.com/app/1222670/discussions/0/591810883669389757/
steam,Cactusike,post,The Sims 4,Hey so this is a problem that started recently that i CANNOT find the answer for on how to fix. My Sims 4 wont connect to the internet and i cant look at the Gallery or anything that needs me to be online. if anyone has any ideas i would enjoy the help. Some of the things i have tried include: Uninstalling and re installing Checking firewall perms making sure my EA account is linked Changing WIFI networksClearing Cash,2026-07-28T02:35:11+00:00,,,,https://steamcommunity.com/app/1222670/discussions/0/591811150340949962/
steam,larry_roberts,reply,The Sims 4,"Found this, hope it will be of some use:https://www.bing.com/search?q=sims+4+won%27t+connect+to+internet&refig=6a688c3c50c945a280e9b2751ebf0943&mkt=en-gb&ocid=U519DHP&FPIG=5ABE13E2E8914A73AF2271ECF763B8AB&first=21&FORM=PORE",2026-07-28T11:10:54+00:00,,,,https://steamcommunity.com/app/1222670/discussions/0/591811150340949962/
steam,Lady Aeleanor,post,The Sims 4,"It works the first or second time you do a search. Then - even if you don't type any Search Criteria, it hourglasses for a minute or so and says ""No Results Found"". It's been like this for years.",2026-07-26T14:30:01+00:00,,,,https://steamcommunity.com/app/1222670/discussions/0/591810883669305798/
steam,Nyx,reply,The Sims 4,As long as EA owns this game it will be constantly broken and full of garbage.,2026-07-26T18:03:52+00:00,,,,https://steamcommunity.com/app/1222670/discussions/0/591810883669305798/
steam,warmachine124124,reply,The Sims 4,"The bug is usually caused by EA server outages, broken filters, or outdated game files, if it is a server outage just wait a bit and try again. Other fixes could be:Clear Game Cache: Delete the localthumbcache.package file located in your Documents\Electronic Arts\The Sims 4 folder to clear corrupted temporary UI data.Reset Search Query: Avoid using complex filters or spaces in search terms; try typing names as a single continuous word (e.g., searching ""gothfamily"" instead of ""Goth Family"").Check Connection: Toggle your game from online to offline mode, restart your client, and reconnect to ensure it isn't a localized handshake drop.I know the frustration is persistent because the bug is old, but I hope these fixes work for you!",2026-07-27T02:46:10+00:00,,,,https://steamcommunity.com/app/1222670/discussions/0/591810883669305798/
steam,larry_roberts,reply,The Sims 4,The Gallery works fine for me.,2026-07-27T10:48:50+00:00,,,,https://steamcommunity.com/app/1222670/discussions/0/591810883669305798/
steam,FauxFurry,reply,The Sims 4,Originally posted by larry_roberts:The Gallery works fine for me. Same here. It might help to have system specs for everyone who has run across some bug or other to know how much is a flaw in the game itself and how much is the result of incompatibilities.,2026-07-27T11:09:25+00:00,,,,https://steamcommunity.com/app/1222670/discussions/0/591810883669305798/
steam,Lady Aeleanor,reply,The Sims 4,"Originally posted by larry_roberts:The Gallery works fine for me. Doing a search once, maybe twice, and seems to work fine. A third or fourth time, and it hourglasses maybe about 30 seconds, and returns a ""no results"" flag. It can be the exact same search criteria or a different one. If you search the web, there are many, many people have this exact same issue. The suggestions of doing a game file verification, and clearing the 'localthumbcache' don't make any difference. I can't even recall a time when this didn't happen. And I've been playing this game 3-4 years. EA also have acknowledged that this is an issue for lots of people.",2026-07-27T12:09:40+00:00,,,,https://steamcommunity.com/app/1222670/discussions/0/591810883669305798/
steam,Phae,reply,The Sims 4,I really wish they would. Sometimes it works for a short time then no search works & not all . At times my own gallery does not show all that I have. This has been going on for months.,2026-07-27T15:32:54+00:00,,,,https://steamcommunity.com/app/1222670/discussions/0/591810883669305798/
steam,James3157,reply,The Sims 4,"Originally posted by Lady Aeleanor:Originally posted by larry_roberts:The Gallery works fine for me. Doing a search once, maybe twice, and seems to work fine. A third or fourth time, and it hourglasses maybe about 30 seconds, and returns a ""no results"" flag. It can be the exact same search criteria or a different one. If you search the web, there are many, many people have this exact same issue. The suggestions of doing a game file verification, and clearing the 'localthumbcache' don't make any difference. I can't even recall a time when this didn't happen. And I've been playing this game 3-4 years. EA also have acknowledged that this is an issue for lots of people. I suspect it is because EA has been so busy with trying to get new features to The SIms 4 past early access as the cause for delaying of fixing the gallery bugs. Not only is the gallery bugged, but I also noticed infants cannot learn how to stand anymore which is a new bug and not an old one in addition to the marriage bug also being a new bug where you have type in ""CaS.fulleditmode"" to change partners to spouses and a rebirth bug with the last of which mentioned I mentioned here is probably an old bug and not a new bug. I have noticed at least four bugs recently and at least two of them (marriage bug and learning how to stand bug) are new. Learn how to stand is a minor bug for infants and it is dlc related, but I am hoping it gets fixed eventually.",2026-07-27T17:11:25+00:00,,,,https://steamcommunity.com/app/1222670/discussions/0/591810883669305798/
steam,miamew3,reply,The Sims 4,"Originally posted by James3157:but I also noticed infants cannot learn how to stand anymore which is a new bug Well that explains a lot. Between 2 families with total of 4 infants not a single one learned how to stand, thought i was doing something wrong... didnt even cross my mind at the time that it may be a bug.",2026-07-27T17:17:48+00:00,,,,https://steamcommunity.com/app/1222670/discussions/0/591810883669305798/
steam,PIT_DEFENDER,reply,The Sims 4,"Well everytime a new patch comes out they say they fixed it this time around, dont know what to make of that tho",2026-07-27T17:18:24+00:00,,,,https://steamcommunity.com/app/1222670/discussions/0/591810883669305798/
steam,James3157,reply,The Sims 4,"Originally posted by miamew3:Well that explains a lot. Between 2 families with total of 4 infants not a single one learned how to stand, thought i was doing something wrong... didnt even cross my mind at the time that it may be a bug. Normally infants can learn how to stand from the crib making it easier to learn how to stand, but not anymore. Like I said it is a new bug and an annoying one, but minor. The rebirth (not new), gallery, and marriage (new) bugs are worse bugs in my opinion. My infant still got the top notch infant trait however upon reaching toddler even without unlocking the learn how to stand interaction. I aged up my infant two days early from a birthday cake on normal lifespan because infant is my second least favorite lifestage on The SIms 4 (after newborn) and you are only supposed to age up infants if all of their are needs are shown in green assuming that a player owns Growing Together. Reason why when I adopt a child on The SIms 4 I skip newborns and infants and have an overall tendency to adopt child sims instead of toddlers (3rd least favorite lifestage but currently not bugged).",2026-07-27T17:22:38+00:00,,,,https://steamcommunity.com/app/1222670/discussions/0/591810883669305798/
steam,SidZapen,reply,The Sims 4,"Originally posted by James3157:Originally posted by Lady Aeleanor:Doing a search once, maybe twice, and seems to work fine. A third or fourth time, and it hourglasses maybe about 30 seconds, and returns a ""no results"" flag. It can be the exact same search criteria or a different one. If you search the web, there are many, many people have this exact same issue. The suggestions of doing a game file verification, and clearing the 'localthumbcache' don't make any difference. I can't even recall a time when this didn't happen. And I've been playing this game 3-4 years. EA also have acknowledged that this is an issue for lots of people. I suspect it is because EA has been so busy with trying to get new features to The SIms 4 past early access as the cause for delaying of fixing the gallery bugs. Not only is the gallery bugged, but I also noticed infants cannot learn how to stand anymore which is a new bug and not an old one in addition to the marriage bug also being a new bug where you have type in ""CaS.fulleditmode"" to change partners to spouses and a rebirth bug with the last of which mentioned I mentioned here is probably an old bug and not a new bug. I have noticed at least four bugs recently and at least two of them (marriage bug and learning how to stand bug) are new. Learn how to stand is a minor bug for infants and it is dlc related, but I am hoping it gets fixed eventually. Hey there. Not quite. Different teams work on different areas of the game. Also, the development team releases fixes as soon as they know the root cause, are able to reproduce the issue, and can deliver the fix safely.The issue reported by the OP might be related to this tracked bug. The other bugs that you mentioned can be also found (and verified by the team) in our forum here:- Rebirth Bug- Infant Standing Bug- Marriage BugThank you all for your patience and support.",2026-07-28T01:17:41+00:00,,,,https://steamcommunity.com/app/1222670/discussions/0/591810883669305798/
steam,James3157,reply,The Sims 4,"Originally posted by SidZapen:Hey there. Not quite. Different teams work on different areas of the game. Also, the development team releases fixes as soon as they know the root cause, are able to reproduce the issue, and can deliver the fix safely.The issue reported by the OP might be related to this tracked bug. The other bugs that you mentioned can be also found (and verified by the team) in our forum here:- Rebirth Bug- Infant Standing Bug- Marriage BugThank you all for your patience and support. Thanks for letting us know, but why has nobody commented on that link since 8 months ago about the gallery bug? The gallery is still bugged.",2026-07-28T03:11:57+00:00,,,,https://steamcommunity.com/app/1222670/discussions/0/591810883669305798/
steam,Mr.(ant) tennas ^~^,post,The Sims 4,"dont have any mods, the only pack i have is taking the reins, yes it was happening before the uptade it happens much more. helppppppp, i cant play the game anymoreeeeee",2026-07-27T15:49:45+00:00,,,,https://steamcommunity.com/app/1222670/discussions/0/591810883669383105/
steam,Electrocutie,reply,The Sims 4,"I cant even get the game to load in, it says its doing it then stops. Its been like this for several days now and i verfied files and even did a reinstall. Nothings working.",2026-07-27T17:18:46+00:00,,,,https://steamcommunity.com/app/1222670/discussions/0/591810883669383105/
steam,KillerKoala,reply,The Sims 4,Me too,2026-07-27T17:47:55+00:00,,,,https://steamcommunity.com/app/1222670/discussions/0/591810883669383105/
steam,SidZapen,reply,The Sims 4,Hey! You can try deleting the localthumbcache.package file located in your Documents\Electronic Arts\The Sims 4 folderAlso be sure to give this guide a check.And head to our bug forum if that doesn't work. :),2026-07-28T02:35:00+00:00,,,,https://steamcommunity.com/app/1222670/discussions/0/591810883669383105/
steam,lyjemm,post,The Sims 4,"whenever i tried to change a house using gallery lots and exited to manage world my game gets stuck in loading screen. i have mods but so far none of the mods are having a problem with other stuff, just this thing and its hella annoying",2026-07-27T10:46:21+00:00,,,,https://steamcommunity.com/app/1222670/discussions/0/591810883669366262/
steam,SidZapen,reply,The Sims 4,Would highly advise to turn off mods first and then report back.,2026-07-28T02:34:23+00:00,,,,https://steamcommunity.com/app/1222670/discussions/0/591810883669366262/
steam,Nol29,post,The Sims 4,"So I downloaded the new update this morning. My game worked perfectly fine before I did. Now I can't even play.Basically, when I click start on both steam and ea, the game will begin loading as usual until the ea charging screen disapears. The ea app will suddently come back on the screen and steam comes back to how it was before I started the game.I have tried starting it from my desktop, uninstalling and installing the game. It did not help.I do not have any mods or cc so it cannot be because of that.Has anyone else gotten this problem ? Were you able to fix it ? If so, how did you do it ?Thank you in advance and have a nice day.",2026-07-22T15:21:06+00:00,,,,https://steamcommunity.com/app/1222670/discussions/0/591810592556247073/
steam,Balu,reply,The Sims 4,"same here, i got a message windows blocked some functionality, but dont know what exactly",2026-07-22T15:44:32+00:00,,,,https://steamcommunity.com/app/1222670/discussions/0/591810592556247073/
steam,Mohae,reply,The Sims 4,windows blocked game bc of Trojan:Script/Phonzy.B!ml,2026-07-22T15:47:09+00:00,,,,https://steamcommunity.com/app/1222670/discussions/0/591810592556247073/
steam,eeeleni95,reply,The Sims 4,the same happened to me. Did anyone fix it?,2026-07-22T15:55:38+00:00,,,,https://steamcommunity.com/app/1222670/discussions/0/591810592556247073/
steam,ashleighjreeve94,reply,The Sims 4,"Same here, i just went to go on and the game won't open...",2026-07-22T15:59:21+00:00,,,,https://steamcommunity.com/app/1222670/discussions/0/591810592556247073/
steam,DonVitoCZ,reply,The Sims 4,"Tried all the instructions on clearing the EA app cache, running as administrator, verified files integrity several times - and still when trying to launch Sims4 I only get the EA app flashing in the tray",2026-07-22T16:32:14+00:00,,,,https://steamcommunity.com/app/1222670/discussions/0/591810592556247073/
steam,Tet,reply,The Sims 4,"they are investigating this issue, there is a pinned post in The Sims 4 Technical Issues forums.Apparently Windows is flagging TS4_Launcher_x64.exe as Trojan, I wonder what EA changed in the exe...",2026-07-22T16:49:17+00:00,,,,https://steamcommunity.com/app/1222670/discussions/0/591810592556247073/
steam,luluxu20,reply,The Sims 4,"The same thing is happening to me: Windows Defender detected a Trojan in the game's .exe file, and I can't play. The main menu doesn't appear. I need a solution as soon as possible.",2026-07-22T16:56:14+00:00,,,,https://steamcommunity.com/app/1222670/discussions/0/591810592556247073/
steam,lukas.meier.pdm,reply,The Sims 4,same here,2026-07-22T17:08:45+00:00,,,,https://steamcommunity.com/app/1222670/discussions/0/591810592556247073/
steam,"Azenoth, The Dark Lord",reply,The Sims 4,"same problem, i cant even start the game",2026-07-22T20:35:39+00:00,,,,https://steamcommunity.com/app/1222670/discussions/0/591810592556247073/
steam,LuvDisBug31,reply,The Sims 4,"Same thing happened to me just a bit ago. Tried everything like it said and nothing still. Hopefully, they can fix it sooner rather than later",2026-07-22T20:39:43+00:00,,,,https://steamcommunity.com/app/1222670/discussions/0/591810592556247073/
steam,Oliveander,reply,The Sims 4,same thing is happening to me.,2026-07-22T21:17:05+00:00,,,,https://steamcommunity.com/app/1222670/discussions/0/591810592556247073/
steam,eurocitywow,reply,The Sims 4,It's happening to me too.,2026-07-22T21:29:21+00:00,,,,https://steamcommunity.com/app/1222670/discussions/0/591810592556247073/
steam,auten902,reply,The Sims 4,same here! hopefully fixed soon!,2026-07-22T21:37:45+00:00,,,,https://steamcommunity.com/app/1222670/discussions/0/591810592556247073/
steam,Simmer Berkay,reply,The Sims 4,"Apparently, The Sims team is aware of the issue, everyone. The launch problem affecting some PC players is caused by a digital signature issue, and a fix is expected to arrive in the coming days.The fix will only update the launcher, so the game version won’t change and your mods won’t be affected.",2026-07-22T21:43:43+00:00,,,,https://steamcommunity.com/app/1222670/discussions/0/591810592556247073/
steam,Simmer Berkay,reply,The Sims 4,"Originally posted by auten902:same here! hopefully fixed soon! Apparently, The Sims team is aware of the issue, everyone. The launch problem affecting some PC players is caused by a digital signature issue, and a fix is expected to arrive in the coming days.The fix will only update the launcher, so the game version won’t change and your mods won’t be affected.",2026-07-22T21:43:50+00:00,,,,https://steamcommunity.com/app/1222670/discussions/0/591810592556247073/
steam,Jaakko.Jalo06,post,The Sims 4,"The Sims 4 is the ultimate digital playground for micro-management, creative storytelling, and world-building. For over a decade, players have spent thousands of hours (and collectively millions of dollars) constructing virtual lives, designing meticulously detailed homes, and orchestrating complex multi-generational family dramas.But there is a deep, frustrating irony at the heart of this sandbox. While players are busy cleaning up their Sims' lives and organizing their homes, the game itself is forced to run on Microsoft Windows—an operating system cluttered with corporate bloat, invasive tracking, and forced background processes. EA and Maxis need to make a drastic, forward-thinking decision for the longevity of the franchise: Drop Windows support entirely and make The Sims 4 a native Linux exclusive.Here is why The Sims 4 needs to leave Windows behind:1. Free Up System RAM for Massive Mod Folders and CCThe true lifeblood of The Sims 4 is its community-created Custom Content (CC) and massive gameplay scripts (like MC Command Center or slice-of-life mods). It is incredibly common for dedicated Simmers to have Mod folders weighing 20GB, 50GB, or even over 100GB. The Linux Advantage: Windows 11 hogs a massive portion of your system memory just to run baseline background telemetry, integrated advertisements, and OS widgets. Moving The Sims 4 exclusively to lightweight Linux distributions frees up vital system memory and CPU cycles. That reclaimed hardware power goes directly into rendering heavily modded alpha CC and tracking complex neighborhood-stories scripts without the infamous simulation lag.2. Permanently Bypass Fragile Windows Launcher HurdlesAsk any PC Simmer what the most frustrating part of playing the game is, and they won't say the expansion pack prices—they will say the EA App. The mandatory EA launcher on Windows is notorious for breaking after system updates, throwing cryptic cache errors, and getting stuck in infinite loop updates that prevent the game from even booting. The Linux Fix: Standardizing the game within a flat, containerized Linux runtime environment allows Maxis to build a highly optimized, lightweight delivery method. By stripping away legacy Windows API dependencies and the bloated desktop variants of corporate launchers, launching the game becomes instant, reliable, and completely under the player’s control.3. Embrace Handheld Sovereignty and Steam Deck Verified PlayThe way people play life simulators has fundamentally changed. The Sims 4 has exploded in popularity on handheld PCs like Valve's Steam Deck (which runs natively on Linux-based SteamOS). The Realization: Simmers love curling up on the couch or playing on the go, but the game still suffers from clunky Windows-centric cursor translations and launcher crashes on handhelds. Dropping Windows entirely allows Maxis to re-architect the user interface, touch-screen responses, and controller templates natively for Linux display servers, turning the game into the definitive portable life simulator.4. Direct the Creative Community Toward Digital FreedomThe Sims community is one of the most creative, expressive, and fiercely independent groups in all of gaming. They build entirely custom websites, organize massive modding networks, and value personal expression. Forcing this deeply creative demographic to sit inside Microsoft’s corporate, data-harvesting ecosystem is an insult to the spirit of the community. Moving to an open-source platform aligns the game's architecture with the community's creative independence. Shift-Click the OS, Select ""Delete"": You don't tolerate a cluttered, broken house in The Sims—you open Build Mode and clean it up. It’s time to apply that same rule to the desktop. Kill the Windows support, evict Microsoft from your hardware, and move the entire neighborhood over to Linux.For a closer look at the technical side of the community, this Sims 4 Linux Compatibility Guide breaks down how players have been using Valve's Proton to bypass Windows hurdles and run the game on alternative platforms.",2026-07-18T00:02:16+00:00,,,,https://steamcommunity.com/app/1222670/discussions/0/576047359821356439/
steam,Daedrius,reply,The Sims 4,"I'm good. Thanks, though. https://www.youtube.com/watch?v=pUSEZuzqGaQ",2026-07-18T01:31:20+00:00,,,,https://steamcommunity.com/app/1222670/discussions/0/576047359821356439/
steam,Jolie Rouge,reply,The Sims 4,Make DOS great again!,2026-07-18T03:09:24+00:00,,,,https://steamcommunity.com/app/1222670/discussions/0/576047359821356439/
steam,Fiona the gamer,reply,The Sims 4,"No more stuff packs, kits are ok.",2026-07-27T00:00:05+00:00,,,,https://steamcommunity.com/app/1222670/discussions/0/576047359821356439/
steam,Dumb Robot,reply,The Sims 4,"That's pretty funny. The old saying is, if you wanna get replies, post something wrong on the internet. And abandoning the windows market for the 4% Linux market is pretty funny. You can't even get linux native apps to run all every distribution.",2026-07-27T06:43:55+00:00,,,,https://steamcommunity.com/app/1222670/discussions/0/576047359821356439/
steam,Xautos,reply,The Sims 4,"Originally posted by Dumb Robot:That's pretty funny. The old saying is, if you wanna get replies, post something wrong on the internet. And abandoning the windows market for the 4% Linux market is pretty funny. You can't even get linux native apps to run all every distribution. 4%? oh it has gained 2% traction the last few years. good.Got to start somewhere and if MS keeps loading their new OS'es down with even more telemetry and bloat and then bind you to a contract that says that the softwares is rented to you and you only have limited rights with it, watch that % skyrocket. You'd be surprised what the right trigger to the right circumstance can produce.",2026-07-27T09:14:20+00:00,,,,https://steamcommunity.com/app/1222670/discussions/0/576047359821356439/
steam,Jolie Rouge,reply,The Sims 4,"Originally posted by Xautos:Originally posted by Dumb Robot:That's pretty funny. The old saying is, if you wanna get replies, post something wrong on the internet. And abandoning the windows market for the 4% Linux market is pretty funny. You can't even get linux native apps to run all every distribution. 4%? oh it has gained 2% traction the last few years. good.Got to start somewhere and if MS keeps loading their new OS'es down with even more telemetry and bloat and then bind you to a contract that says that the softwares is rented to you and you only have limited rights with it, watch that % skyrocket. You'd be surprised what the right trigger to the right circumstance can produce. That's the moment when I'll buy a Mac.Perhaps it would make MS rethink their actions when people start to abandon Windows for other OS.",2026-07-27T09:56:32+00:00,,,,https://steamcommunity.com/app/1222670/discussions/0/576047359821356439/
steam,Xautos,reply,The Sims 4,"Originally posted by Jolie Rouge:Originally posted by Xautos:4%? oh it has gained 2% traction the last few years. good.Got to start somewhere and if MS keeps loading their new OS'es down with even more telemetry and bloat and then bind you to a contract that says that the softwares is rented to you and you only have limited rights with it, watch that % skyrocket. You'd be surprised what the right trigger to the right circumstance can produce. That's the moment when I'll buy a Mac.Perhaps it would make MS rethink their actions when people start to abandon Windows for other OS. MacOS is a good alternative as well, as long as the share goes away from Windows i don't have any issue with it as a Linux user the last 6 years and a half.",2026-07-27T18:47:32+00:00,,,,https://steamcommunity.com/app/1222670/discussions/0/576047359821356439/
steam,yodainasock,post,The Sims 4,"I've placed my stairs as normal, no obstructions and when you page up to the next floor there is no hole in the ground showing the stairs . I hope you know what I mean by this. It's like the stairs have glitched. Can anyone offer an explanation or fix please?",2026-07-26T14:38:30+00:00,,,,https://steamcommunity.com/app/1222670/discussions/0/591810883669306295/
steam,miamew3,reply,The Sims 4,Do you have a picture of what you mean?Also are the stairs you are using cc?.... maybe they need updating,2026-07-26T23:03:50+00:00,,,,https://steamcommunity.com/app/1222670/discussions/0/591810883669306295/
steam,warmachine124124,reply,The Sims 4,"miamew3 could be right if it is CC, could you give us some more info?",2026-07-27T02:47:51+00:00,,,,https://steamcommunity.com/app/1222670/discussions/0/591810883669306295/
steam,Phae,reply,The Sims 4,I think they mean that there is no opening to actually go up/down stairs.,2026-07-27T15:00:52+00:00,,,,https://steamcommunity.com/app/1222670/discussions/0/591810883669306295/
steam,iris.glacia,post,The Sims 4,"Hi. How can I make my game work again? I do not own any packs and I am not using mods. I already tried deleting and re-installing the EA app (that worked in the past) but it's not working now. EA's support is a disgraceful, useless, worthless AI chat that gets caught in a loop and doesn't provide answers.",2026-07-22T18:40:13+00:00,,,,https://steamcommunity.com/app/1222670/discussions/0/591810592556260363/
steam,toria,reply,The Sims 4,Mine is broken too! i'm trying to find a solution but the game won't open,2026-07-22T19:25:38+00:00,,,,https://steamcommunity.com/app/1222670/discussions/0/591810592556260363/
steam,DeepDopeBoi,reply,The Sims 4,win defence flagged it as Trojan:Win32/Phonzyaka open script for external use (cdm commands from other devices),2026-07-22T19:32:18+00:00,,,,https://steamcommunity.com/app/1222670/discussions/0/591810592556260363/
steam,"Azenoth, The Dark Lord",reply,The Sims 4,whats happend? i cant even start the game,2026-07-22T20:34:38+00:00,,,,https://steamcommunity.com/app/1222670/discussions/0/591810592556260363/
steam,Simmer Berkay,reply,The Sims 4,"Apparently, The Sims team is aware of the issue, everyone. The launch problem affecting some PC players is caused by a digital signature issue, and a fix is expected to arrive in the coming days.The fix will only update the launcher, so the game version won’t change and your mods won’t be affected.",2026-07-22T21:46:17+00:00,,,,https://steamcommunity.com/app/1222670/discussions/0/591810592556260363/
steam,Simmer Berkay,reply,The Sims 4,"Originally posted by toria:Mine is broken too! i'm trying to find a solution but the game won't open Apparently, The Sims team is aware of the issue, everyone. The launch problem affecting some PC players is caused by a digital signature issue, and a fix is expected to arrive in the coming days.The fix will only update the launcher, so the game version won’t change and your mods won’t be affected.",2026-07-22T21:46:23+00:00,,,,https://steamcommunity.com/app/1222670/discussions/0/591810592556260363/
steam,Simmer Berkay,reply,The Sims 4,"Originally posted by DeepDopeBoi:win defence flagged it as Trojan:Win32/Phonzyaka open script for external use (cdm commands from other devices) Apparently, The Sims team is aware of the issue, everyone. The launch problem affecting some PC players is caused by a digital signature issue, and a fix is expected to arrive in the coming days.The fix will only update the launcher, so the game version won’t change and your mods won’t be affected.",2026-07-22T21:46:28+00:00,,,,https://steamcommunity.com/app/1222670/discussions/0/591810592556260363/
steam,iris.glacia,reply,The Sims 4,"Originally posted by Simmer Berkay:Originally posted by DeepDopeBoi:win defence flagged it as Trojan:Win32/Phonzyaka open script for external use (cdm commands from other devices) Apparently, The Sims team is aware of the issue, everyone. The launch problem affecting some PC players is caused by a digital signature issue, and a fix is expected to arrive in the coming days.The fix will only update the launcher, so the game version won’t change and your mods won’t be affected. Thank you. But it seems like their patch is not much better. There seems to be a new update and it's faulty too. It won't install correctly. Trying to fix this as we speak but hope is low.",2026-07-23T18:13:42+00:00,,,,https://steamcommunity.com/app/1222670/discussions/0/591810592556260363/
steam,MarissaxxxJe,reply,The Sims 4,I had an update version now and it works!,2026-07-23T19:12:30+00:00,,,,https://steamcommunity.com/app/1222670/discussions/0/591810592556260363/
steam,Brockavitch,reply,The Sims 4,failed launch still down?,2026-07-24T03:11:10+00:00,,,,https://steamcommunity.com/app/1222670/discussions/0/591810592556260363/
steam,ApexFishy14,reply,The Sims 4,"Originally posted by iris.glacia:Hi. How can I make my game work again? I do not own any packs and I am not using mods. I already tried deleting and re-installing the EA app (that worked in the past) but it's not working now. EA's support is a disgraceful, useless, worthless AI chat that gets caught in a loop and doesn't provide answers. Originally posted by toria:Mine is broken too! i'm trying to find a solution but the game won't open Originally posted by DeepDopeBoi:win defence flagged it as Trojan:Win32/Phonzyaka open script for external use (cdm commands from other devices) Originally posted by Azenoth, The Dark Lord:whats happend? i cant even start the game Hi all, we understand this issue can be very frustrating. As mentioned here[x.com], the team is aware of the issue and are working on a fix. We appreciate your patience during this time.",2026-07-24T03:57:44+00:00,,,,https://steamcommunity.com/app/1222670/discussions/0/591810592556260363/
steam,Nyx,reply,The Sims 4,I hate EA,2026-07-24T17:29:17+00:00,,,,https://steamcommunity.com/app/1222670/discussions/0/591810592556260363/
steam,Lord ProtectoR,reply,The Sims 4,Originally posted by Nyx:I hate EA Контора пидорасов,2026-07-24T17:55:00+00:00,,,,https://steamcommunity.com/app/1222670/discussions/0/591810592556260363/
steam,hax,reply,The Sims 4,Ditto. Failing to launch. No mods or DLC's,2026-07-25T12:06:53+00:00,,,,https://steamcommunity.com/app/1222670/discussions/0/591810592556260363/
steam,Acrid,reply,The Sims 4,"re-installed it yesterday, no mods no DLCs, no issues here.",2026-07-25T13:05:43+00:00,,,,https://steamcommunity.com/app/1222670/discussions/0/591810592556260363/
steam,BQuisty,reply,The Sims 4,"Originally posted by hax:Ditto. Failing to launch. No mods or DLC's Sorry to hear you're running into this. When you have a chance, could you try the troubleshooting steps shared here? A few of the workarounds may help get everything back on track and working as expected.",2026-07-25T15:12:29+00:00,,,,https://steamcommunity.com/app/1222670/discussions/0/591810592556260363/
steam,Lady Aeleanor,post,The Sims 4,"1. She floats along instead of walking.2. She endlessly showers. Never stops. Resetting does nothing. Also, she doesn't remove clothing when showering. She doesn't even do the ""whirling"" to undress.3. Smoke is endlessly pouring out of her legs/feet. I know this is an effect from Grim's Goulish Guitar. But she isn't playing it. She doesn't even have it.4. A thing I noticed right away, is that on her menu fly-out, there is NO option to modify her in CAS. I have MC Command Center, so I used that to get her into CAS. The only thing I can think of is that this trait or effect was on the Sim when I downloaded her. But I couldn't see anything unusual in CAS.Anyone have any ideas? I don't have much DLC. Nothing of an Occult Nature.",2026-07-26T13:37:32+00:00,,,,https://steamcommunity.com/app/1222670/discussions/0/591810883669302486/
steam,Lady Aeleanor,reply,The Sims 4,"None of my other Sims in the same game save are doing anything weird like this.I tried to find the Gallery Sim again, but I don't know where to look in the Gallery. I recall that this Sim showed up under ""Hashtag: #Creepy"". But I tried that criteria again, and it didn't show anything useful. The Sim was female, and every criteria had her in a base game gold cowboy/girl outfit, and her skin was also gold.",2026-07-26T13:52:36+00:00,,,,https://steamcommunity.com/app/1222670/discussions/0/591810883669302486/
steam,BQuisty,reply,The Sims 4,"Originally posted by Lady Aeleanor:1. She floats along instead of walking.2. She endlessly showers. Never stops. Resetting does nothing. Also, she doesn't remove clothing when showering. She doesn't even do the ""whirling"" to undress.3. Smoke is endlessly pouring out of her legs/feet. I know this is an effect from Grim's Goulish Guitar. But she isn't playing it. She doesn't even have it.4. A thing I noticed right away, is that on her menu fly-out, there is NO option to modify her in CAS. I have MC Command Center, so I used that to get her into CAS. The only thing I can think of is that this trait or effect was on the Sim when I downloaded her. But I couldn't see anything unusual in CAS.Anyone have any ideas? I don't have much DLC. Nothing of an Occult Nature. Hi Lady Aeleanor,Please attempt resetting your user files as described in this post. You won't lose anything. Just make sure not to delete any files and make a backup.After renaming, repair your game by right-clicking on the game.Try a new game with nothing added back first (start new game). If it works, put back your save game and try again. If it still works, you can start putting stuff back. Options.ini (or just reset all your settings manually) Tray Folder Screenshots/Videos/Custom music Rest of the save games (leave out slot_00000001.save, which is the autosave and no longer needed - if you still have it) Custom content like clothing, hair, skins, makeup.... Mods (one by one, making sure they all still work)The rest does not need putting back, cause they are mostly cache files that recreate or log files that are not needed for the game.",2026-07-26T15:36:45+00:00,,,,https://steamcommunity.com/app/1222670/discussions/0/591810883669302486/
steam,BumpInTheNight,reply,The Sims 4,"Originally posted by BQuisty:Originally posted by Lady Aeleanor:1. She floats along instead of walking.2. She endlessly showers. Never stops. Resetting does nothing. Also, she doesn't remove clothing when showering. She doesn't even do the ""whirling"" to undress.3. Smoke is endlessly pouring out of her legs/feet. I know this is an effect from Grim's Goulish Guitar. But she isn't playing it. She doesn't even have it.4. A thing I noticed right away, is that on her menu fly-out, there is NO option to modify her in CAS. I have MC Command Center, so I used that to get her into CAS. The only thing I can think of is that this trait or effect was on the Sim when I downloaded her. But I couldn't see anything unusual in CAS.Anyone have any ideas? I don't have much DLC. Nothing of an Occult Nature. Hi Lady Aeleanor,Please attempt resetting your user files as described in this post. You won't lose anything. Just make sure not to delete any files and make a backup.After renaming, repair your game by right-clicking on the game.Try a new game with nothing added back first (start new game). If it works, put back your save game and try again. If it still works, you can start putting stuff back. Options.ini (or just reset all your settings manually) Tray Folder Screenshots/Videos/Custom music Rest of the save games (leave out slot_00000001.save, which is the autosave and no longer needed - if you still have it) Custom content like clothing, hair, skins, makeup.... Mods (one by one, making sure they all still work)The rest does not need putting back, cause they are mostly cache files that recreate or log files that are not needed for the game. This is all terrible advice vs the described issue.Lady Aeleanor it sounds like someone added a bunch of odd hidden traits to that Sim, if you shift-click the Sim there's cheat commands to view and even remove traits on Sims, I'm sure it'll be obvious which ones aren't really meant to be added to normal PC Sims. If you really want to salvage that Sim that'd be what I'd do.",2026-07-26T16:03:54+00:00,,,,https://steamcommunity.com/app/1222670/discussions/0/591810883669302486/
steam,Lady Aeleanor,reply,The Sims 4,"This is all terrible advice vs the described issue.Lady Aeleanor it sounds like someone added a bunch of odd hidden traits to that Sim, if you shift-click the Sim there's cheat commands to view and even remove traits on Sims, I'm sure it'll be obvious which ones aren't really meant to be added to normal PC Sims. If you really want to salvage that Sim that'd be what I'd do. Hmm. Appreciate your reply and the suggestion. I'll have a look. I do have the option there, so I will give that a try. I'll post whatever I find, if it resolves the issue. I do want to salvage this Sim, because I always spend a LOT of time re-shaping and building Sims to my preferences and my liking. I had already put a couple of hours into her before I plugged her into a new Household in my ongoing save, only to find this odd behaviour, I usually don't bother with Gallery Sims, and tend to focus on Sims from LL. But, this is the first time I have experienced anything like this with a Sim from the Gallery.Thanks again.",2026-07-26T16:45:02+00:00,,,,https://steamcommunity.com/app/1222670/discussions/0/591810883669302486/
steam,BumpInTheNight,reply,The Sims 4,"Originally posted by Lady Aeleanor:This is all terrible advice vs the described issue.Lady Aeleanor it sounds like someone added a bunch of odd hidden traits to that Sim, if you shift-click the Sim there's cheat commands to view and even remove traits on Sims, I'm sure it'll be obvious which ones aren't really meant to be added to normal PC Sims. If you really want to salvage that Sim that'd be what I'd do. Hmm. Appreciate your reply and the suggestion. I'll have a look. I do have the option there, so I will give that a try. I'll post whatever I find, if it resolves the issue. I do want to salvage this Sim, because I always spend a LOT of time re-shaping and building Sims to my preferences and my liking. I had already put a couple of hours into her before I plugged her into a new Household in my ongoing save, only to find this odd behaviour, I usually don't bother with Gallery Sims, and tend to focus on Sims from LL. But, this is the first time I have experienced anything like this with a Sim from the Gallery.Thanks again. You're welcome and best of luck, I've never had to do that myself but I understand what can and can't be saved to a sim vs what can't stick to them so it has to be a pile of abnormal base-game traits doing all of that.",2026-07-26T18:59:19+00:00,,,,https://steamcommunity.com/app/1222670/discussions/0/591810883669302486/
steam,Lady Aeleanor,reply,The Sims 4,"Originally posted by BumpInTheNight:You're welcome and best of luck, I've never had to do that myself but I understand what can and can't be saved to a sim vs what can't stick to them so it has to be a pile of abnormal base-game traits doing all of that. For reasons unknown, I was unable to identify the hidden Traits, even although I was able to access the spot to find them. When I selected ""Show Hidden"" none of the hidden traits could possibly be the culprits, and in fact - I also had those. I recall that the original Sim had at least 2 DLCs I didn't own - and one of them was Strangerville and another that I recall had occult features. Likely, the uploader had established those Traits before uploading the Sim to the Gallery. So..... to make a long story short, I ended up pulling in another Sim from my Library to the Household, and then recreating her. I got her surprisingly close to the original Sim I downloaded, and then just used MC Command Center to copy her Outfit Categories. Couldn't even tell the difference when I was done.All's well that ends well.",2026-07-26T20:20:14+00:00,,,,https://steamcommunity.com/app/1222670/discussions/0/591810883669302486/
steam,BumpInTheNight,reply,The Sims 4,"Originally posted by Lady Aeleanor:Originally posted by BumpInTheNight:You're welcome and best of luck, I've never had to do that myself but I understand what can and can't be saved to a sim vs what can't stick to them so it has to be a pile of abnormal base-game traits doing all of that. For reasons unknown, I was unable to identify the hidden Traits, even although I was able to access the spot to find them. When I selected ""Show Hidden"" none of the hidden traits could possibly be the culprits, and in fact - I also had those. I recall that the original Sim had at least 2 DLCs I didn't own - and one of them was Strangerville and another that I recall had occult features. Likely, the uploader had established those Traits before uploading the Sim to the Gallery. So..... to make a long story short, I ended up pulling in another Sim from my Library to the Household, and then recreating her. I got her surprisingly close to the original Sim I downloaded, and then just used MC Command Center to copy her Outfit Categories. Couldn't even tell the difference when I was done.All's well that ends well. Glad and you're right in pointing that out about traits that you may not own the associated DLC but they are probably baked into the core game so they could appear in sims saved with them despite you can't see them. Very interesting I didn't think of that angle.Did you know by the way that MCCC can also copy all those details from one Sim to another as well? I've done that a few times to make a physical clone of a sim.",2026-07-26T20:42:38+00:00,,,,https://steamcommunity.com/app/1222670/discussions/0/591810883669302486/
steam,Cavaliere,post,The Sims 4,"♥♥♥♥♥ EA GAME IS SUCKS I'VE NEVER GET EMAIL LOGIN FROM EA, BUT WHEN I LOGIN WITH ANOTHER EMAIL ITS APPEAR BUT IT CAN'T LOGIN BCS THIS ♥♥♥♥♥♥♥♥♥♥♥♥♥ SAYS LINKED ACCOUNT FOUND, ♥♥♥♥♥ MY ACC WITH LINKED ACCOUNT IS YOU NEVER SEND ME LOGIN CODE, BUT ANOTHER CODE YOU APPEAR ON MY EMAIL, ♥♥♥♥♥♥♥♥♥♥♥♥♥ EA YOU SUCKS I CURSE YOU CEO AND STAFF EA GAME IS THEIR ♥♥♥♥ AND ♥♥♥♥♥ GET EXPLODE",2026-07-26T19:18:31+00:00,,,,https://steamcommunity.com/app/1222670/discussions/0/591810883669324949/
steam,Lady Aeleanor,reply,The Sims 4,Um.......okay.,2026-07-26T20:22:26+00:00,,,,https://steamcommunity.com/app/1222670/discussions/0/591810883669324949/
steam,mewtwo,post,The Sims 4,"hey yall, does anyone else have the problem with game closing by itself after few minutes? i checked and updated all my mods, repaired the game and tried closing all the side programs so only the sims 4 would be running without anything in the background. nothing really worked :p",2026-07-26T10:23:47+00:00,,,,https://steamcommunity.com/app/1222670/discussions/0/591810883669291882/
steam,BumpInTheNight,reply,The Sims 4,"The obvious next step is launch it without any of your mods and see if it does the same thing still. Its always that one mod you forget about, especially if this is new behavior after the update this week. I know I had two UI mods that needed updating and one of them wasn't on Scarlet's list yet so I didn't think to check for it.",2026-07-26T12:32:14+00:00,,,,https://steamcommunity.com/app/1222670/discussions/0/591810883669291882/
steam,BQuisty,reply,The Sims 4,"Originally posted by mewtwo:hey yall, does anyone else have the problem with game closing by itself after few minutes? i checked and updated all my mods, repaired the game and tried closing all the side programs so only the sims 4 would be running without anything in the background. nothing really worked :p Hi there,Sorry to hear that you're dealing with this. You can try deleting the localthumbcache.package file located in your Documents\Electronic Arts\The Sims 4 folderAlso, be sure to check out this guide. Head to our official bug forum if that doesn't work.",2026-07-26T15:41:15+00:00,,,,https://steamcommunity.com/app/1222670/discussions/0/591810883669291882/
steam,SydneyAngel,post,EA Sports College Football 27,???,2026-07-28T18:42:47+00:00,,,,https://steamcommunity.com/app/4032350/discussions/0/594062953095934829/
steam,Platinum,reply,Madden NFL 27,facts bro,2026-07-28T18:47:07+00:00,,,,https://steamcommunity.com/app/3940610/discussions/0/594062684485393637/
steam,Bitvar,reply,Battlefield 6,Brutal,2026-07-28T16:46:57+00:00,,,,https://steamcommunity.com/app/2807960/discussions/0/581677784229939742/
steam,Yasha,post,Battlefield 6,Spawn.Run around for five minutes.Get domed in the head by a dude I never saw.Spawn.Run around for five minutes.Get domed in the head by a dude I never saw.Spawn.Run around for five minutes.Get domed in the head by a dude I never saw.Spawn.Run around for five minutes.Get domed in the head by a dude I never saw.Spawn.Run around for five minutes.Get domed in the head by a dude I never saw.Spawn...............,2026-07-28T03:42:10+00:00,,,,https://steamcommunity.com/app/2807960/discussions/0/581678051258012442/
steam,TheRaienryuu,reply,Battlefield 6,"Sounds like you're bad. If you're walking around for minutes with no other action than getting sniped after a while, you're also definitely not contributing for the team/getting on or near an objective.Yes, some maps are definitely more annoying to traverse at times. However 80%+ of the time you should have no issue getting somewhere. Unless you're dumb enough to spawn in bum fook nowhere and decide to walk everywhere without using cover proper. Or just hop in a vehicle/bike/quad/boat",2026-07-28T03:50:18+00:00,,,,https://steamcommunity.com/app/2807960/discussions/0/581678051258012442/
steam,Yasha,reply,Battlefield 6,"Originally posted by TheRaienryuu:Sounds like you're bad. If you're walking around for minutes with no other action than getting sniped after a while, you're also definitely not contributing for the team/getting on or near an objective.Yes, some maps are definitely more annoying to traverse at times. However 80%+ of the time you should have no issue getting somewhere. Unless you're dumb enough to spawn in bum fook nowhere and decide to walk everywhere without using cover proper. Or just hop in a vehicle/bike/quad/boat What's the point of going anywhere when I just get domed in the head by a dude I never saw at the end anyway? I mostly stick to casual breakthrough tbh because there I'm not getting insta-lasered to death the entire round with like 1 kill to my name.",2026-07-28T03:52:52+00:00,,,,https://steamcommunity.com/app/2807960/discussions/0/581678051258012442/
steam,WooF,reply,Battlefield 6,GO back to Fortnite kid,2026-07-28T03:58:35+00:00,,,,https://steamcommunity.com/app/2807960/discussions/0/581678051258012442/
steam,Cigarette,reply,Battlefield 6,"Originally posted by Yasha:Originally posted by TheRaienryuu:Sounds like you're bad. If you're walking around for minutes with no other action than getting sniped after a while, you're also definitely not contributing for the team/getting on or near an objective.Yes, some maps are definitely more annoying to traverse at times. However 80%+ of the time you should have no issue getting somewhere. Unless you're dumb enough to spawn in bum fook nowhere and decide to walk everywhere without using cover proper. Or just hop in a vehicle/bike/quad/boat What's the point of going anywhere when I just get domed in the head by a dude I never saw at the end anyway? I mostly stick to casual breakthrough tbh because there I'm not getting insta-lasered to death the entire round with like 1 kill to my name. I mean, thats basicly every FPS game with a big map...Breakthrough is a fun gamemode because its purely a ""hold the line or fall back"" ordeal, where you defend or attack.Escelation, personally to me, is the BEST game mode, because the match starts with only light transport vehicles, and as it progresses, you are given more and more vehicles untill either side caputres the majority points three times",2026-07-28T05:11:24+00:00,,,,https://steamcommunity.com/app/2807960/discussions/0/581678051258012442/
steam,Ray,reply,Battlefield 6,Focus on point capturing rather than running around. Engineer class overall is the best starting class for vehicles and infantry. Destroy tanks with rpg and kill snipers with rpg as well.,2026-07-28T05:15:41+00:00,,,,https://steamcommunity.com/app/2807960/discussions/0/581678051258012442/
steam,Burlokk,reply,Battlefield 6,"Originally posted by Yasha:Originally posted by TheRaienryuu:Sounds like you're bad. If you're walking around for minutes with no other action than getting sniped after a while, you're also definitely not contributing for the team/getting on or near an objective.Yes, some maps are definitely more annoying to traverse at times. However 80%+ of the time you should have no issue getting somewhere. Unless you're dumb enough to spawn in bum fook nowhere and decide to walk everywhere without using cover proper. Or just hop in a vehicle/bike/quad/boat What's the point of going anywhere when I just get domed in the head by a dude I never saw at the end anyway? I mostly stick to casual breakthrough tbh because there I'm not getting insta-lasered to death the entire round with like 1 kill to my name. You are literally telling us its you who are bad at the game, not the gamemode.",2026-07-28T06:57:55+00:00,,,,https://steamcommunity.com/app/2807960/discussions/0/581678051258012442/
steam,globefish23,reply,Battlefield 6,Originally posted by WooF:GO back to Fortnite kid OP would run around for 10 minutes before getting domed in the head by a dude they never saw.,2026-07-28T08:45:21+00:00,,,,https://steamcommunity.com/app/2807960/discussions/0/581678051258012442/
steam,[KLAP] Pilzquadrat,reply,Battlefield 6,You need to get a feel for paths/clutch points. It seems like you have 0 (zero) map awareness.,2026-07-28T08:59:01+00:00,,,,https://steamcommunity.com/app/2807960/discussions/0/581678051258012442/
steam,Defective PSP UMD DISC,reply,Battlefield 6,"If you go out in the open, you're pretty much guaranteed to die...🤷‍♂️I'm saying this as someone who sucks and never directly goes into capturing checkpoints.Well at least not without a vehicle of some kind",2026-07-28T16:34:18+00:00,,,,https://steamcommunity.com/app/2807960/discussions/0/581678051258012442/
steam,Burlokk,reply,Battlefield 6,"Originally posted by KLAP Pilzquadrat:You need to get a feel for paths/clutch points. It seems like you have 0 (zero) map awareness. To be fair to OP, BF6 maps overall sucks with that things and you have entry points about everywhere except at few places.",2026-07-28T17:06:25+00:00,,,,https://steamcommunity.com/app/2807960/discussions/0/581678051258012442/
steam,Firehex,reply,Battlefield 6,"Don't play too big maps, train in city maps, get better =)",2026-07-28T17:11:42+00:00,,,,https://steamcommunity.com/app/2807960/discussions/0/581678051258012442/
steam,Zack,reply,Battlefield 6,Originally posted by Yasha:Spawn.Run around for five minutes.Get domed in the head by a dude I never saw.Spawn.Run around for five minutes.Get domed in the head by a dude I never saw.Spawn.Run around for five minutes.Get domed in the head by a dude I never saw.Spawn.Run around for five minutes.Get domed in the head by a dude I never saw.Spawn.Run around for five minutes.Get domed in the head by a dude I never saw.Spawn............... Try Conquest Iberian Offensive. Closed range map and more interesting for Infantry.,2026-07-28T17:19:09+00:00,,,,https://steamcommunity.com/app/2807960/discussions/0/581678051258012442/
steam,Where'sMySupersuit!!,reply,Battlefield 6,People play Conquest??...,2026-07-28T17:19:47+00:00,,,,https://steamcommunity.com/app/2807960/discussions/0/581678051258012442/
steam,usa423,reply,Battlefield 6,"Originally posted by Yasha:Spawn.Run around for five minutes.Get domed in the head by a dude I never saw.Spawn.Run around for five minutes.Get domed in the head by a dude I never saw.Spawn.Run around for five minutes.Get domed in the head by a dude I never saw.Spawn.Run around for five minutes.Get domed in the head by a dude I never saw.Spawn.Run around for five minutes.Get domed in the head by a dude I never saw.Spawn............... Conquest is to me the best mode on Battlefield. Multiple vehicles, land sea and air, capturing points / getting flags. A true team atmosphere, and when not a steam roll can be one of the best video game experiences (imho) outside of the earty 80s arcade games. Destructible environments add a variable of uniqueness for each game. Levelution is cool dont get me wrong, but its on rails essentially, making it a sight seeing thing like a ghost house ride at a theme park. Not like individual things the player interacts with. I also think this and the water gave Battlefield 4 much of its longevity and replay value.""Run around for five minutes."" Battlefield 4 remedied this by having little stuff all over the maps, motorcycles, jet skis and rhibs for water maps, jeeps. And that is the thing, I think it was just the idea of interaction of being able to walk up and press E and interact. Elevators, Doors, little bulldozes/ back hoes, Cars, Trucks,",2026-07-28T17:26:38+00:00,,,,https://steamcommunity.com/app/2807960/discussions/0/581678051258012442/
steam,JackHorner,reply,Battlefield 6,Originally posted by Where'sMySupersuit!!:People play Conquest??... you best be trollin son,2026-07-28T17:27:57+00:00,,,,https://steamcommunity.com/app/2807960/discussions/0/581678051258012442/
steam,nkr_DK,post,Battlefield 6,"We criticize the game, a few praise the game, but is anyone at EA listening to this forum? - No they have frozen their plan for BF6 and are already moving forward with plans for BF 7",2026-07-28T18:15:55+00:00,,,,https://steamcommunity.com/app/2807960/discussions/0/581678051258058063/
steam,Chalupacabra,reply,Battlefield 6,"EA does not care about what we say. They have a few goons monitoring the forums, but they cherrypick topics to respond to, rarely respond to major issues like crossplay, and seem like they're using AI in their responses. We're all just screaming into the void here.",2026-07-28T19:38:08+00:00,,,,https://steamcommunity.com/app/2807960/discussions/0/581678051258058063/
steam,RxAxT,reply,Battlefield 6,"They even ignore their own forums, seem to like discord though and CoD streamers",2026-07-28T19:59:04+00:00,,,,https://steamcommunity.com/app/2807960/discussions/0/581678051258058063/
steam,bleach demon,reply,Battlefield 6,This comment is awaiting analysis by our automated content check system. It will be temporarily hidden until we verify that it does not contain harmful content (e.g. links to websites that attempt to steal information).,2026-07-28T20:21:57+00:00,,,,https://steamcommunity.com/app/2807960/discussions/0/581678051258058063/
steam,Bad Distraction Carnifex,reply,Battlefield 6,"They have CMs who participate, amalgamate and pass on feedback to the devs. I wouldn't be surprised if a dev or two lurked too and just refuses to interact with us for, well, let's be real, obvious reasons lol.",2026-07-28T20:30:18+00:00,,,,https://steamcommunity.com/app/2807960/discussions/0/581678051258058063/
steam,Awpenheimer,post,Battlefield 6,"Its some kind of COD-style, laggy piece of ♥♥♥♥ side hustle.",2026-07-28T18:32:25+00:00,,,,https://steamcommunity.com/app/2807960/discussions/0/581678051258059253/
steam,Phantom Limb,reply,Battlefield 6,Have you actually played any recent cod to make assumptions though?,2026-07-28T18:34:12+00:00,,,,https://steamcommunity.com/app/2807960/discussions/0/581678051258059253/
steam,Xyrhox,reply,Battlefield 6,This game is just to sell Call of Duty!,2026-07-28T18:48:38+00:00,,,,https://steamcommunity.com/app/2807960/discussions/0/581678051258059253/
steam,Louise the Third,reply,Battlefield 6,Its the best BF since BF4.,2026-07-28T18:51:22+00:00,,,,https://steamcommunity.com/app/2807960/discussions/0/581678051258059253/
steam,Professor Apa,reply,Battlefield 6,Originally posted by Louise the Third:Its the best BF since BF4. Nah Hardline beats most BF by far,2026-07-28T18:55:58+00:00,,,,https://steamcommunity.com/app/2807960/discussions/0/581678051258059253/
steam,Louise the Third,reply,Battlefield 6,Originally posted by Professor Apa:Originally posted by Louise the Third:Its the best BF since BF4. Nah Hardline beats most BF by far It definitely beats out BF1 BFV and 2042.,2026-07-28T18:59:15+00:00,,,,https://steamcommunity.com/app/2807960/discussions/0/581678051258059253/
steam,Reinhard Van Astrea,reply,Battlefield 6,Wow,2026-07-28T19:54:03+00:00,,,,https://steamcommunity.com/app/2807960/discussions/0/581678051258059253/
steam,𝑲,reply,Battlefield 6,Originally posted by Professor Apa:Originally posted by Louise the Third:Its the best BF since BF4. Nah Hardline beats most BF by far Nothing quite like chasing a bank robber with cash flying out of his duffel bag and tasing him to find out where his associates are.,2026-07-28T20:01:03+00:00,,,,https://steamcommunity.com/app/2807960/discussions/0/581678051258059253/
steam,GoofyZ (NL),reply,Battlefield 6,I think it's the best. Little bit more big ocean maps with island and we are set!,2026-07-28T20:03:10+00:00,,,,https://steamcommunity.com/app/2807960/discussions/0/581678051258059253/
steam,PanzerFoster,reply,Battlefield 6,"It reminds me a lot of MW19, which was a good game, but not really what I wanted from BF.",2026-07-28T20:04:15+00:00,,,,https://steamcommunity.com/app/2807960/discussions/0/581678051258059253/
steam,Quids-In,reply,Battlefield 6,Battlefield 6 is on big bullet sponge,2026-07-28T20:16:20+00:00,,,,https://steamcommunity.com/app/2807960/discussions/0/581678051258059253/
steam,Matrooper,reply,Battlefield 6,"No, it's actually good now, like bf4",2026-07-28T20:30:14+00:00,,,,https://steamcommunity.com/app/2807960/discussions/0/581678051258059253/
steam,Dominic,post,Battlefield 6,Subsonic really feels like it needs something to make it stand out more aside from just being a worse suppressor. Making it tracerless could do that,2026-07-22T16:53:06+00:00,,,,https://steamcommunity.com/app/2807960/discussions/0/581677493394670092/
steam,JackHorner,reply,Battlefield 6,i dont even understand the point of it its so weak,2026-07-22T17:02:40+00:00,,,,https://steamcommunity.com/app/2807960/discussions/0/581677493394670092/
steam,Dominic,reply,Battlefield 6,Originally posted by JackHorner:i dont even understand the point of it its so weak yeah i could maybe see running it normally if it cost the same as default ammo on everything (5 points) but its just a$$ and having tracer rounds on everygun and every bullet type is both dumb (logically) and defeats the whole point of stealthly style gameplay because everyone will see where you shooting from anyway,2026-07-22T17:07:49+00:00,,,,https://steamcommunity.com/app/2807960/discussions/0/581677493394670092/
steam,TheBlueFox,reply,Battlefield 6,"I was using the suppressor with subsonic ammo on a DMR, the new VSS, I headshot a guy while I was neck deep in a bush and his friend immediately turned and beamed me instantly. He was like 30m awayEither he was cheating which is somewhat unlikely, or he saw the tracers from my rounds",2026-07-22T17:45:16+00:00,,,,https://steamcommunity.com/app/2807960/discussions/0/581677493394670092/
steam,JackHorner,reply,Battlefield 6,"Originally posted by TheBlueFox:I was using the suppressor with subsonic ammo on a DMR, the new VSS, I headshot a guy while I was neck deep in a bush and his friend immediately turned and beamed me instantly. He was like 30m awayEither he was cheating which is somewhat unlikely, or he saw the tracers from my rounds I dont think the sub sonic or the suppressors get rid of the directional white ( thing that shows up on your screen when you get shot.. unfortunately. Theres far too many indicators to help people see the enemy.",2026-07-22T17:51:52+00:00,,,,https://steamcommunity.com/app/2807960/discussions/0/581677493394670092/
steam,EA_Shepard,reply,Battlefield 6,"The tradeoff between stealth and weapon performance has sparked quite a few discussions already, and I can see why tracer visibility is part of that conversation.If subsonic ammo became tracerless, would that be enough on its own to make you consider using it more often, or would it still need additional tuning?And yes, I agree, there are too many indicators imo.",2026-07-22T17:57:51+00:00,,,,https://steamcommunity.com/app/2807960/discussions/0/581677493394670092/
steam,Dominic,reply,Battlefield 6,"Originally posted by EA_Shepard:If subsonic ammo became tracerless, would that be enough on its own to make you consider using it more often, or would it still need additional tuning?I would definately experiment with it alot more. i feel like it would be something that youd have to actually gather ingame data on how it tracerless performs to see if additional tuning is needed though because its hard to speculate the actual impact having tracerless ammo would have in matches at scale",2026-07-22T18:22:46+00:00,,,,https://steamcommunity.com/app/2807960/discussions/0/581677493394670092/
steam,chopper,reply,Battlefield 6,in most cases the muzzle velocity penalty is an absolute no-go for subsonic ammo. I don't think I found a single use case for that ammo yet,2026-07-22T18:38:28+00:00,,,,https://steamcommunity.com/app/2807960/discussions/0/581677493394670092/
steam,EA_Shepard,reply,Battlefield 6,"Originally posted by Dominic:Originally posted by EA_Shepard:If subsonic ammo became tracerless, would that be enough on its own to make you consider using it more often, or would it still need additional tuning?I would definately experiment with it alot more. i feel like it would be something that youd have to actually gather ingame data on how it tracerless performs to see if additional tuning is needed though because its hard to speculate the actual impact having tracerless ammo would have in matches at scale You're right. You would need to gather more data on it. That is one of the things that I have seen throughout my time in the industry. When someone says change this, or we say okay, how would you do this? Someone has to test it, and that takes time. Its good think about what type of scale that would require. It's a good talking point and feedback to send over, though. Sometimes I see a response on whether that would work, or hey, I test it, but it's still worthy of sending over.",2026-07-26T18:04:18+00:00,,,,https://steamcommunity.com/app/2807960/discussions/0/581677493394670092/
steam,Volf,reply,Battlefield 6,Tracerless and slightly faster velocity.,2026-07-26T18:07:50+00:00,,,,https://steamcommunity.com/app/2807960/discussions/0/581677493394670092/
steam,EA_Shepard,reply,Battlefield 6,"Originally posted by Volf:Tracerless and slightly faster velocity. Do you feel tracerless alone would be enough first, or do you think the current tradeoffs still leave it too weak?",2026-07-26T18:12:27+00:00,,,,https://steamcommunity.com/app/2807960/discussions/0/581677493394670092/
steam,Volf,reply,Battlefield 6,"Originally posted by EA_Shepard:Originally posted by Volf:Tracerless and slightly faster velocity. Do you feel tracerless alone would be enough first, or do you think the current tradeoffs still leave it too weak? I think tracerless will help in some scenarios/fights staying hidden but the velocity penalty just seems a bit steep still. No tracer should help more in close fights and velocity when pushing distance. Another velocity alternative would be reducing cost of subsonic attachments so people would use a bigger mag to compensate for missing more shots at range.",2026-07-26T18:25:23+00:00,,,,https://steamcommunity.com/app/2807960/discussions/0/581677493394670092/
steam,EA_Shepard,reply,Battlefield 6,"Originally posted by Volf:Originally posted by EA_Shepard:Do you feel tracerless alone would be enough first, or do you think the current tradeoffs still leave it too weak? I think tracerless will help in some scenarios/fights staying hidden but the velocity penalty just seems a bit steep still. No tracer should help more in close fights and velocity when pushing distance. Another velocity alternative would be reducing cost of subsonic attachments so people would use a bigger mag to compensate for missing more shots at range. Good point. You're looking at two different ways of making subsonic ammo more appealing without completely changing its role.If you had to choose one, would you rather see the tradeoff adjusted through weapon stats or attachment cost?",2026-07-26T18:30:13+00:00,,,,https://steamcommunity.com/app/2807960/discussions/0/581677493394670092/
steam,Volf,reply,Battlefield 6,"Originally posted by EA_Shepard:Originally posted by Volf:I think tracerless will help in some scenarios/fights staying hidden but the velocity penalty just seems a bit steep still. No tracer should help more in close fights and velocity when pushing distance. Another velocity alternative would be reducing cost of subsonic attachments so people would use a bigger mag to compensate for missing more shots at range. Good point. You're looking at two different ways of making subsonic ammo more appealing without completely changing its role.If you had to choose one, would you rather see the tradeoff adjusted through weapon stats or attachment cost? For me personally I'd be fine with either. I think they both serve the same roll which is accuracy, one should help lead targets better which should help ammo conservation and the other allows people to have more forgiveness on missing shots.Also on an unrelated note. Any chance you guys can also look into using the recon drone and how many points it rewards for gun leveling if any at all? I've had more than a few games with 100+ assists and I've barely been able to progress the new guns when using it. I'd assume it's because my gun isn't physically active in my hands while the drone is up in the air but it would be nice to get score/points and leveling that way instead of being focused only on kills.",2026-07-26T18:38:26+00:00,,,,https://steamcommunity.com/app/2807960/discussions/0/581677493394670092/
steam,EA_Shepard,reply,Battlefield 6,"Originally posted by Volf:Originally posted by EA_Shepard:Good point. You're looking at two different ways of making subsonic ammo more appealing without completely changing its role.If you had to choose one, would you rather see the tradeoff adjusted through weapon stats or attachment cost? For me personally I'd be fine with either. I think they both serve the same roll which is accuracy, one should help lead targets better which should help ammo conservation and the other allows people to have more forgiveness on missing shots.Also on an unrelated note. Any chance you guys can also look into using the recon drone and how many points it rewards for gun leveling if any at all? I've had more than a few games with 100+ assists and I've barely been able to progress the new guns when using it. I'd assume it's because my gun isn't physically active in my hands while the drone is up in the air but it would be nice to get score/points and leveling that way instead of being focused only on kills. Appreciate the breakdown on these. Makes a lot of sense, depending on how stealthy you want to tune your loadout.100+ spot assists in a single match is massive squad support! 🎯You hit the nail on the head regarding how progression works. Right now, Weapon XP is tied directly to combat damage, kills, and assists dealt with the weapon itself, while Recon Drone spot assists feed into your overall Match Score and Class progression. So even though you're practically handing your squad kills on a silver platter while piloting, the game registers the drone as a gadget capability rather than weapon combat.That kind of heavy intel playstyle is huge for flipping contested objectives. When you're running that spotter role, do you usually like pairing the drone with a suppressed stealth build when you step out on foot, or do you prefer holding a DMR/Sniper to mark and pick off targets yourself?",2026-07-28T18:33:05+00:00,,,,https://steamcommunity.com/app/2807960/discussions/0/581677493394670092/
steam,TL,reply,Battlefield 6,"I like the concept that Subsonic should be Tracerless though. Velocity penalty is huge and hits long range accuracy, plus hit indicators already reveal location making ambushes hard. Tracerless would help ambushing groups of 2+ spread out players, even if the target player has indicators to knows direction and fires back to alert teammates. but it still helps a bit.But I also wonder if it would affect the VSSM, because it'd give VSSM a long range buff, assuming VSSM ammo is counted as Subsonic.",2026-07-28T20:20:41+00:00,,,,https://steamcommunity.com/app/2807960/discussions/0/581677493394670092/
steam,旅人,reply,Apex Legends,1,2025-09-09T15:03:05+00:00,,,,https://steamcommunity.com/app/1172470/discussions/0/595153917110753309/
steam,кронос,post,Apex Legends,Get this fkin aim assist out of the gameisn't it ironic that the input made for games has an assist option meanwhile the input not made for games doesn't?,2026-07-28T20:33:42+00:00,,,,https://steamcommunity.com/app/1172470/discussions/0/592937047299258949/
steam,кронос,reply,Apex Legends,"And if you're gonna keep aim assist this strong, at least make enemy visibility betterPros switching to controller should allso be concerning",2026-07-28T20:34:50+00:00,,,,https://steamcommunity.com/app/1172470/discussions/0/592937047299258949/
steam,ManongGardGG,post,Apex Legends,specifically the Steam Deck,2026-07-28T20:17:04+00:00,,,,https://steamcommunity.com/app/1172470/discussions/0/592937047299257453/
steam,Cano,post,Apex Legends,"I have the problem that the game closes without saying anything and it happens to me since I bought the battle pass, the game simply closes without giving any crash message... I have to wait literally more than 12 hours to be able to play again, every time I finish completing the daily missions and advance in my battle pass the same thing happens to it, it crashes without even letting me do anything, before I ""fixed"" it by changing the language of the game from Spanish to English but now that doesn't even help me... Does the same thing happen to anyone?",2026-07-19T00:52:30+00:00,,,,https://steamcommunity.com/app/1172470/discussions/0/574921762383398338/
steam,No Souls Unturned.,reply,Apex Legends,"yeah i just crash too, weird it happen while on the event",2026-07-19T02:50:31+00:00,,,,https://steamcommunity.com/app/1172470/discussions/0/574921762383398338/
steam,MOD_SidZapen,reply,Apex Legends,"The best way to provide the team quality reports is by completing these troubleshooting steps thoroughly, and then post the following information over in this thread if nothing works:- Driver Version- Specs- Region- Windows VersionWe also gathered some workarounds over there, which could be helpful if basic troubleshooting doesn't work.",2026-07-19T18:53:49+00:00,,,,https://steamcommunity.com/app/1172470/discussions/0/574921762383398338/
steam,Cano,reply,Apex Legends,"- Driver Version: AMD Software Adrenaline 25.5.1- Specs: Graphic card RX 570 8gb, Ryzen 5 3500, 16gb Ram 2400hz and the game is on Kingstone SSD 447 gb- Region: SA- Windows Version: Windows 10 Pro",2026-07-20T22:31:33+00:00,,,,https://steamcommunity.com/app/1172470/discussions/0/574921762383398338/
steam,RaginSam,reply,Apex Legends,This season broke the game. Still having issues.,2026-07-21T06:07:42+00:00,,,,https://steamcommunity.com/app/1172470/discussions/0/574921762383398338/
steam,Tro,reply,Apex Legends,"yea same, had 2 random crashes today, 1 mid game and 1 when my squad got eliminated and about to queue the game just froze, task manager says it's still running but the game just froze..",2026-07-21T09:12:29+00:00,,,,https://steamcommunity.com/app/1172470/discussions/0/574921762383398338/
steam,MOD_SidZapen,reply,Apex Legends,"Originally posted by Cano:- Driver Version: AMD Software Adrenaline 25.5.1- Specs: Graphic card RX 570 8gb, Ryzen 5 3500, 16gb Ram 2400hz and the game is on Kingstone SSD 447 gb- Region: SA- Windows Version: Windows 10 Pro Your drivers are not to to date. Try clean updating and let me know of it goes.Originally posted by RaginSam:This season broke the game. Still having issues. What is your driver version? These issues can vary a lot depending on player set up.",2026-07-21T16:01:46+00:00,,,,https://steamcommunity.com/app/1172470/discussions/0/574921762383398338/
steam,RaginSam,reply,Apex Legends,"Originally posted by MOD_SidZapen:Originally posted by Cano:- Driver Version: AMD Software Adrenaline 25.5.1- Specs: Graphic card RX 570 8gb, Ryzen 5 3500, 16gb Ram 2400hz and the game is on Kingstone SSD 447 gb- Region: SA- Windows Version: Windows 10 Pro Your drivers are not to to date. Try clean updating and let me know of it goes.Originally posted by RaginSam:This season broke the game. Still having issues. What is your driver version? These issues can vary a lot depending on player set up. For my GPU, it's 610.74. Which is the most current. This is the frustrating part though... it has nothing, or at least very little to do with drivers. So when you guys keep hammering on that point, it honestly feels like you guys don't know what's going on. And that scares me. I'm seeing lot's of threads all over the place from weeks ago, and a lot of the OP's are still having issues. Respawn did something with the graphics this past season, did they not? The game looks different. The lightening behaves a lot differently now. Maybe it's tied to that?So the game has been crashing only since this past season for me and has persisted through several driver updates. The problem is following the game, not my hardware, and definitely not my drivers. It's just really frustrating because I'm not seeing any communication on the progress for this issue. It feels like it's being ignored. I know that's not the case, or I hope not, but is there any information of this being a priority?",2026-07-21T19:19:57+00:00,,,,https://steamcommunity.com/app/1172470/discussions/0/574921762383398338/
steam,AXISAGA,reply,Apex Legends,"Originally posted by RaginSam:Originally posted by MOD_SidZapen:Your drivers are not to to date. Try clean updating and let me know of it goes.What is your driver version? These issues can vary a lot depending on player set up. For my GPU, it's 610.74. Which is the most current. This is the frustrating part though... it has nothing, or at least very little to do with drivers. So when you guys keep hammering on that point, it honestly feels like you guys don't know what's going on. And that scares me. I'm seeing lot's of threads all over the place from weeks ago, and a lot of the OP's are still having issues. Respawn did something with the graphics this past season, did they not? The game looks different. The lightening behaves a lot differently now. Maybe it's tied to that?So the game has been crashing only since this past season for me and has persisted through several driver updates. The problem is following the game, not my hardware, and definitely not my drivers. It's just really frustrating because I'm not seeing any communication on the progress for this issue. It feels like it's being ignored. I know that's not the case, or I hope not, but is there any information of this being a priority? 610.74 is unstable. I am looking for my problem (stay in loading) so I tried to upgrade my driver to the latest version-610.74 yesterday and found out more problem happened, such as game start to report error, graphic chocking and monitor come black for seconds and so on...Before that my game's just show an disconnect phenomenon with no error warning.So your problem may just the latest driver sucks, choose a stable version(recommend drivers based on different GPUs' performance ) can solve it.",2026-07-24T03:53:30+00:00,,,,https://steamcommunity.com/app/1172470/discussions/0/574921762383398338/
steam,RaginSam,reply,Apex Legends,"Originally posted by AXISAGA:Originally posted by RaginSam:For my GPU, it's 610.74. Which is the most current. This is the frustrating part though... it has nothing, or at least very little to do with drivers. So when you guys keep hammering on that point, it honestly feels like you guys don't know what's going on. And that scares me. I'm seeing lot's of threads all over the place from weeks ago, and a lot of the OP's are still having issues. Respawn did something with the graphics this past season, did they not? The game looks different. The lightening behaves a lot differently now. Maybe it's tied to that?So the game has been crashing only since this past season for me and has persisted through several driver updates. The problem is following the game, not my hardware, and definitely not my drivers. It's just really frustrating because I'm not seeing any communication on the progress for this issue. It feels like it's being ignored. I know that's not the case, or I hope not, but is there any information of this being a priority? 610.74 is unstable. I am looking for my problem (stay in loading) so I tried to upgrade my driver to the latest version-610.74 yesterday and found out more problem happened, such as game start to report error, graphic chocking and monitor come black for seconds and so on...Before that my game's just show an disconnect phenomenon with no error warning.So your problem may just the latest driver sucks, choose a stable version(recommend drivers based on different GPUs' performance ) can solve it. Thanks for that information. I'll try that if I run into problems again. My problem persisted through multiple driver updates. Not saying I don't believe you, but I also didn't see anything posted about that specific driver. Usually I find others stating something like that in forums. Where did you see that? I'll have to check in wherever you got that from since I apparently missed it. The solution so far has been from using this command ""-no_render_on_input_thread"". It was posted in the troubleshooting thread. So far I haven't had any mid game crashes.",2026-07-24T04:22:58+00:00,,,,https://steamcommunity.com/app/1172470/discussions/0/574921762383398338/
steam,MOD_SidZapen,reply,Apex Legends,"Originally posted by RaginSam:Originally posted by MOD_SidZapen:Your drivers are not to to date. Try clean updating and let me know of it goes.What is your driver version? These issues can vary a lot depending on player set up. For my GPU, it's 610.74. Which is the most current. This is the frustrating part though... it has nothing, or at least very little to do with drivers. So when you guys keep hammering on that point, it honestly feels like you guys don't know what's going on. And that scares me. I'm seeing lot's of threads all over the place from weeks ago, and a lot of the OP's are still having issues. Respawn did something with the graphics this past season, did they not? The game looks different. The lightening behaves a lot differently now. Maybe it's tied to that?So the game has been crashing only since this past season for me and has persisted through several driver updates. The problem is following the game, not my hardware, and definitely not my drivers. It's just really frustrating because I'm not seeing any communication on the progress for this issue. It feels like it's being ignored. I know that's not the case, or I hope not, but is there any information of this being a priority? Because this is not a common issue and like I stated above, it varies a lot depending on each player set up. I for instance don't see this issue at all.That doesn't mean that we'll disregard these reports. We're still actively collecting player information for the team to look for a possible cause.Originally posted by RaginSam:Originally posted by AXISAGA:610.74 is unstable. I am looking for my problem (stay in loading) so I tried to upgrade my driver to the latest version-610.74 yesterday and found out more problem happened, such as game start to report error, graphic chocking and monitor come black for seconds and so on...Before that my game's just show an disconnect phenomenon with no error warning.So your problem may just the latest driver sucks, choose a stable version(recommend drivers based on different GPUs' performance ) can solve it. Thanks for that information. I'll try that if I run into problems again. My problem persisted through multiple driver updates. Not saying I don't believe you, but I also didn't see anything posted about that specific driver. Usually I find others stating something like that in forums. Where did you see that? I'll have to check in wherever you got that from since I apparently missed it. The solution so far has been from using this command ""-no_render_on_input_thread"". It was posted in the troubleshooting thread. So far I haven't had any mid game crashes. Appreciate this information as well. We'll update y'all once we have more information.",2026-07-25T00:28:42+00:00,,,,https://steamcommunity.com/app/1172470/discussions/0/574921762383398338/
steam,AXISAGA,reply,Apex Legends,"Originally posted by RaginSam:Originally posted by AXISAGA:610.74 is unstable. I am looking for my problem (stay in loading) so I tried to upgrade my driver to the latest version-610.74 yesterday and found out more problem happened, such as game start to report error, graphic chocking and monitor come black for seconds and so on...Before that my game's just show an disconnect phenomenon with no error warning.So your problem may just the latest driver sucks, choose a stable version(recommend drivers based on different GPUs' performance ) can solve it. Thanks for that information. I'll try that if I run into problems again. My problem persisted through multiple driver updates. Not saying I don't believe you, but I also didn't see anything posted about that specific driver. Usually I find others stating something like that in forums. Where did you see that? I'll have to check in wherever you got that from since I apparently missed it. The solution so far has been from using this command ""-no_render_on_input_thread"". It was posted in the troubleshooting thread. So far I haven't had any mid game crashes. Of course. Here're some links you can check.https://www.bilibili.com/video/BV1a9EE69Ei1/?spm_id_from=333.337.search-card.all.click&vd_source=40ff6266f454104ba6fbaf312b6a7ecchttps://www.bilibili.com/video/BV11jMq6vEFk/?spm_id_from=333.337.search-card.all.click&vd_source=40ff6266f454104ba6fbaf312b6a7ecchttps://www.bilibili.com/video/BV1x4Gm6VEDV/?spm_id_from=333.337.search-card.all.click&vd_source=40ff6266f454104ba6fbaf312b6a7eccAnd if you want to see some YTB videos just search keywords like ""610""""unstable""""crash"" and you will get something useful.Best wishes to you.",2026-07-25T13:30:00+00:00,,,,https://steamcommunity.com/app/1172470/discussions/0/574921762383398338/
steam,RaginSam,reply,Apex Legends,"Still having issues.- Installed a known stable driver from Nvidia- Put ""-no_render_on_input_thread"" in game launch optionsAlso, this problem does seem to be a common issue. I've seen multiple Reddit threads, post on Steam, comments under posts of YT videos, and have talked to people in game that are encountering sudden crashes as well. So while it's not universally an issue, it's quite game breaking to have the game client randomly crash. I'll reiterate once more, the problem has followed numerous GPU driver updates at this point, and seems to have started with this last season. Something was changed regarding how the game renders shaders or lighting, clearly the game looks different than a couple of seasons ago. The problem is Apex, other games never crash.Prior to this season, I've crashed maybe a dozen times. This season, I've crashed a dozen times in a week. The problem is this season.",2026-07-27T03:31:00+00:00,,,,https://steamcommunity.com/app/1172470/discussions/0/574921762383398338/
steam,MOD_SidZapen,reply,Apex Legends,"Originally posted by RaginSam:Still having issues.- Installed a known stable driver from Nvidia- Put ""-no_render_on_input_thread"" in game launch optionsAlso, this problem does seem to be a common issue. I've seen multiple Reddit threads, post on Steam, comments under posts of YT videos, and have talked to people in game that are encountering sudden crashes as well. So while it's not universally an issue, it's quite game breaking to have the game client randomly crash. I'll reiterate once more, the problem has followed numerous GPU driver updates at this point, and seems to have started with this last season. Something was changed regarding how the game renders shaders or lighting, clearly the game looks different than a couple of seasons ago. The problem is Apex, other games never crash.Prior to this season, I've crashed maybe a dozen times. This season, I've crashed a dozen times in a week. The problem is this season. What I meant by common is universal. Did you ensure installing said drivers with DDU?",2026-07-27T19:38:31+00:00,,,,https://steamcommunity.com/app/1172470/discussions/0/574921762383398338/
steam,RaginSam,reply,Apex Legends,"Yes.The command seemed to help, but not solve the issue. That seems to be the most impactful thing I've done so far. Nothing on my end changed at the beginning of the season, and that's when the problem started showing up. I sincerely don't believe it's a driver issue causing this.",2026-07-27T19:45:01+00:00,,,,https://steamcommunity.com/app/1172470/discussions/0/574921762383398338/
steam,MOD_SidZapen,reply,Apex Legends,"Originally posted by RaginSam:Yes.The command seemed to help, but not solve the issue. That seems to be the most impactful thing I've done so far. Nothing on my end changed at the beginning of the season, and that's when the problem started showing up. I sincerely don't believe it's a driver issue causing this. Thank you for the report. Will share updates when I have them.",2026-07-28T19:31:49+00:00,,,,https://steamcommunity.com/app/1172470/discussions/0/574921762383398338/
steam,eldehri,post,Apex Legends,"RULES:Trades accepted for cards of equal or slightly higher market value.If Steam Guard isn't enabled, two extra cheap cards should be given, since there is a 15-day waiting period.Trades priced below the market rate are limited to a maximum of one per card, provided the price is not excessively low.",2026-07-28T17:11:55+00:00,,,,https://steamcommunity.com/app/1172470/discussions/0/592937047299241375/
steam,Varyans,reply,Apex Legends,Why without Steam Guard?,2026-07-28T18:47:20+00:00,,,,https://steamcommunity.com/app/1172470/discussions/0/592937047299241375/
steam,1-mf,post,Apex Legends,"I'm getting melted in seconds from level 30-40-50 with insane movements and no-recoil... 50% smurff accounts, 50% pure cheaters. Cheaters don't even hide it and their names are on cyrilic or symbols. I don't know why there are report options like - smurfing and cheating if they are not taking any actions. I mean for cheaters we know they don't really care but will be super cool if they ban smurf and his main acc just to troll him like he does.",2026-07-28T17:42:00+00:00,,,,https://steamcommunity.com/app/1172470/discussions/0/592937047299243934/
steam,broke,reply,Apex Legends,the only problem i got is getting someone in my team that trying to act tough and think they r the best player in the world . those guy are the worst,2026-07-28T18:38:41+00:00,,,,https://steamcommunity.com/app/1172470/discussions/0/592937047299243934/
steam,visualTerror,reply,Apex Legends,скилл ишью тебе тока в лобби к себе подобным играть,2026-07-28T16:22:17+00:00,,,,https://steamcommunity.com/app/1172470/discussions/0/592937047299227658/
steam,Dungeon Master,reply,Apex Legends,"830 уровень учетной записи, если что",2026-07-28T16:24:04+00:00,,,,https://steamcommunity.com/app/1172470/discussions/0/592937047299227658/
steam,Daylond Nerris,reply,Apex Legends,золото 2. ранее брал платину,2026-07-28T16:32:02+00:00,,,,https://steamcommunity.com/app/1172470/discussions/0/592937047299227658/
steam,Dungeon Master,reply,Apex Legends,Originally posted by Daylond Nerris:золото 2. ранее брал платину через часа полтора пошли,2026-07-28T16:36:20+00:00,,,,https://steamcommunity.com/app/1172470/discussions/0/592937047299227658/
steam,クリセム,post,Apex Legends,"Приветствую, недавно решил вернуться в игру и пинг скачет постоянно с 120 до 150, как понимаю это вообще стабильно у всехУ вас как с пингом? Провайдер - Ростелеком.",2026-07-26T19:05:52+00:00,,,,https://steamcommunity.com/app/1172470/discussions/0/592936781602734614/
steam,NinjaChilla,reply,Apex Legends,140 150 130 120,2026-07-27T18:30:39+00:00,,,,https://steamcommunity.com/app/1172470/discussions/0/592936781602734614/
steam,クリセム,reply,Apex Legends,Originally posted by NinjaChilla:140 150 130 120 Неприятненько,2026-07-27T18:34:49+00:00,,,,https://steamcommunity.com/app/1172470/discussions/0/592936781602734614/
steam,visualTerror,reply,Apex Legends,сотка ростики,2026-07-28T16:19:05+00:00,,,,https://steamcommunity.com/app/1172470/discussions/0/592936781602734614/
steam,NinjaChilla,reply,Apex Legends,"Originally posted by クリセム:Originally posted by NinjaChilla:140 150 130 120 Неприятненько :Sadnessisnottheenemy: ясен ♥♥♥. Ну а что поделать, поможет только переезд в другой регион",2026-07-28T16:34:09+00:00,,,,https://steamcommunity.com/app/1172470/discussions/0/592936781602734614/
steam,Rock Klub Sosni,post,Apex Legends,"Проблема такая, при заходе в апекс, пропадает звук наглухо, появляется как только выхожу с игры, как чинить данную проблему?На ютубе и форумах нет решения моей проблемы.",2026-03-30T16:44:59+00:00,,,,https://steamcommunity.com/app/1172470/discussions/0/800091752203639619/
steam,Dmitry.AI,reply,Apex Legends,такая же проблема,2026-04-24T18:56:07+00:00,,,,https://steamcommunity.com/app/1172470/discussions/0/800091752203639619/
steam,V3XX,reply,Apex Legends,"Сейчас разработчики посоветуют откатить драйвера, поменять настройки и откатить прошивку BIOS - всё чято угодно, только не признавать наличие проблемы со звуком.",2026-04-24T19:27:15+00:00,,,,https://steamcommunity.com/app/1172470/discussions/0/800091752203639619/
steam,MrAres,reply,Apex Legends,Пупупу беда тоже самая,2026-04-27T18:42:32+00:00,,,,https://steamcommunity.com/app/1172470/discussions/0/800091752203639619/
steam,nighttasha,reply,Apex Legends,все еще нету решения?,2026-07-28T16:19:24+00:00,,,,https://steamcommunity.com/app/1172470/discussions/0/800091752203639619/
steam,visualTerror,reply,Apex Legends,"Originally posted by V3XX:Сейчас разработчики посоветуют откатить драйвера, поменять настройки и откатить прошивку BIOS - всё чято угодно, только не признавать наличие проблемы со звуком. а не схавать ли разработчикам моего ♥♥♥ и не сделать ♥♥♥♥ нормальную игру которой уже ♥♥♥♥ 7 лет",2026-07-28T16:21:20+00:00,,,,https://steamcommunity.com/app/1172470/discussions/0/800091752203639619/
steam,visualTerror,post,Apex Legends,игра хуеты постоянно фризит фпс в нуле на 13600к я вам че ♥♥♥♥♥ должегн 9800хзд покупать контора пидорасов ♥♥♥♥ просто слов НЕТУ,2026-07-28T16:18:21+00:00,,,,https://steamcommunity.com/app/1172470/discussions/0/592937047299237220/
steam,17 Предупредитель,post,Apex Legends,"Играя за Валькирию я могу взлететь используя Z, запустить с воздуха ракеты во врага и приземлиться прямо на него чтоб запушить и уничтожить всю их команду. ОДНО НО: по приземлении я не могу 2-3 секунды брать оружие, за это время меня просто стропилят в жопу и я не могу ничего с этим поделать.",2026-07-28T05:04:18+00:00,,,,https://steamcommunity.com/app/1172470/discussions/0/592937047299204228/
steam,alekseybrayant,reply,Apex Legends,"Мужик, это ослабили специально, потому что это механику почти все мейнеры Вальки абьюзили и в хвост, и в гриву. Ты понимаешь, что ты раньше из-за этого мог просто на легке делать килл, просто из-за того что ты на ульте залетел кому-то за шиворот и попал в него ракетами, так он ещё и в стане, и он тебе нихера не может сделать. Ты вот ответь, это справедливо?",2026-07-28T08:00:55+00:00,,,,https://steamcommunity.com/app/1172470/discussions/0/592937047299204228/
steam,Дренажные работы СПБ,reply,Apex Legends,"чел хочет кликнуть две кнопки и выиграть файт. а что, звучит очень сбалансированно. к твоему сведению, это намеренный нерф, который был ОЧЕНЬ к месту с этой валька-метой",2026-07-28T08:24:52+00:00,,,,https://steamcommunity.com/app/1172470/discussions/0/592937047299204228/
steam,17 Предупредитель,reply,Apex Legends,"говно решение, есть другие персонажи с не менее хорошими способностями для комбы. При этом, данным персонажам не делают кд",2026-07-28T09:05:09+00:00,,,,https://steamcommunity.com/app/1172470/discussions/0/592937047299204228/
steam,visualTerror,reply,Apex Legends,"Originally posted by 17 Предупредитель:говно решение, есть другие персонажи с не менее хорошими способностями для комбы. При этом, данным персонажам не делают кд у той же рейфы кд после инвиза ♥♥♥ зн сколько так что не ной",2026-07-28T16:15:58+00:00,,,,https://steamcommunity.com/app/1172470/discussions/0/592937047299204228/
steam,James3157,post,The Sims 4,"I mentioned it earlier but even though a link was provided to me about the gallery bugs nobody has said anything about it on EA's website for 8 months. The gallery is obviously broken right now, but there is an old link that nobody has spoken about on for 8 months. I should not have to search the gallery just a few times before ""no results found"" pop up shows up and it happens every single time.The gallery has been bugged for at least a few months now meaning that is not a new bug. The gallery bug is really bad and should be fixed sooner rather than later. I should not have to exit The Sims 4 after every time I see ""no results found"" and come back so that way I can properly search the gallery again for possibly downloading sims, lots, and lots. I will provide the link in comment section below, but nobody has commented on it for 8 months.",2026-07-28T17:33:10+00:00,,,,https://steamcommunity.com/app/1222670/discussions/0/591811150340996680/
steam,James3157,reply,The Sims 4,"Here is the link provided, but surprisingly it has only a few comments. https://forums.ea.com/idea/the-sims-4-bug-reports-en/navigating-between-filters-and-browsing-show-no-results-in-gallery/12886938?topicRepliesSort=postTimeDesc",2026-07-28T17:34:18+00:00,,,,https://steamcommunity.com/app/1222670/discussions/0/591811150340996680/
steam,James3157,reply,The Sims 4,"I just want to make a correction that more comments have made more recent than 8 months ago, but the most recent was from 2 months ago and another from 20 days ago. Both comments have zero likes. On the link it says that the gallery bug is verified, but taking EA a long time to fix it. I am also surprised at how low the votes are. Just 16 votes and should be a lot higher.",2026-07-28T17:59:41+00:00,,,,https://steamcommunity.com/app/1222670/discussions/0/591811150340996680/
steam,Atomeric,post,EA Sports College Football 27,"What's the main multiplayer mode people actually play? Road to CFP seems to have long wait times, typically around a minute or more, which has me wondering if people are playing Ultimate Team instead. This is my first EA sports game so I'm still figuring out what stuff is.",2026-07-29T02:12:17+00:00,,,,https://steamcommunity.com/app/4032350/discussions/0/583929927904015365/
steam,SydneyAngel,post,EA Sports College Football 27,Cant play Ranked CUt so whats the point. No anwsers no solutions that work.,2026-07-28T22:04:04+00:00,,,,https://steamcommunity.com/app/4032350/discussions/0/594062953095948276/
steam,Durka Durka,post,EA Sports College Football 27,"I have been playing for a while and for the last few hours I have been playing with no audio at all. I did not touch any settings on the game or my PC and the audio decided to cut out completely. Does anyone else have this same problem or any potential fix?For more context, audio works fine on every other game and app on my PC, but for some reason I am getting no audio at all with this game. Was working fine for 8+ hours of gameplay",2026-07-09T01:15:00+00:00,,,,https://steamcommunity.com/app/4032350/discussions/0/573794767997206311/
steam,Durka Durka,reply,EA Sports College Football 27,"Yes I did, still no luck. Changed it to what it should be and restarted the game with no luck",2026-07-09T02:40:36+00:00,,,,https://steamcommunity.com/app/4032350/discussions/0/573794767997206311/
steam,BurstShotzX,reply,Battlefield 6,"That isn't the only Gun it effects, there are other ones just saying. I won't say them on here for reasons alone.",2026-07-28T21:34:39+00:00,,,,https://steamcommunity.com/app/2807960/discussions/0/581677784229939742/
steam,KaraG0Z,reply,Battlefield 6,fix netcode and hitreg please. we dont care attchments,2026-07-28T22:33:01+00:00,,,,https://steamcommunity.com/app/2807960/discussions/0/581677784229939742/
steam,Chalupacabra,reply,Battlefield 6,"Funny how quick we are to identify and remove this as an issue, but we don't care about controllers which have the same effect on all guns plus lock-on.",2026-07-29T00:48:18+00:00,,,,https://steamcommunity.com/app/2807960/discussions/0/581677784229939742/
steam,Edward Blom,post,Battlefield 6,"I've played this game since release and i had no issues with aiming until now.I'm a casual with 2.0 K/D, nothing fancy but after the changes in gunplay late season 3 aiming feels so damn off all of a sudden.Is it just that my muscle memory is still with the pre gunplay update and i didn't get used to the new weapon handling?Does anyone else struggle after the changes or is it just me?",2026-07-28T23:53:43+00:00,,,,https://steamcommunity.com/app/2807960/discussions/0/581678128090322836/
steam,Potato,reply,Battlefield 6,"Yup. It's completely screwed, I also used to be a casual with 2.0 K/D, not that it matters in battlefield games when you play conquest, but lately my games have been bad because of how strange the combat is, rarely do I win gunfights nowadays, so maybe I need to re-learn the recoil pattern or something or the netcode is broken yet again despite me playing in good pings (20 to 80ms).",2026-07-29T00:17:57+00:00,,,,https://steamcommunity.com/app/2807960/discussions/0/581678128090322836/
steam,Some Black Dude,reply,Battlefield 6,Hitreg and recoil changes have killed the gameplay overall.,2026-07-29T00:37:29+00:00,,,,https://steamcommunity.com/app/2807960/discussions/0/581678128090322836/
steam,Chalupacabra,reply,Battlefield 6,Just plug in a controller and let it aim for you.,2026-07-29T00:48:58+00:00,,,,https://steamcommunity.com/app/2807960/discussions/0/581678128090322836/
steam,Nafiganza,reply,Battlefield 6,"Don't get used to it, everything will change again in the next update anyway. It's a vicious cycle",2026-07-29T01:24:02+00:00,,,,https://steamcommunity.com/app/2807960/discussions/0/581678128090322836/
steam,Maximum Rambo,reply,Battlefield 6,Yeah defo since last gunplay update my kills have went to ♥♥♥♥. Im usually 1.9kd to 2.2 kd. Im finding it very hard to get a decent aim. Some games feel good others feel like ive just started the game.Then you see ranks below 50 running and gunning like shroud i dont get it. your either on the good or the bad side of the hit reg.,2026-07-29T01:42:56+00:00,,,,https://steamcommunity.com/app/2807960/discussions/0/581678128090322836/
steam,LuckySlushy,reply,Battlefield 6,Am a new player and i have no problems aiming either on controller or mouse and keyboard,2026-07-29T02:12:35+00:00,,,,https://steamcommunity.com/app/2807960/discussions/0/581678128090322836/
steam,Strife,post,Battlefield 6,bots can aim tank turrets down through the body of the tank. All tanks are the same. There is no turret stop for bots? Humans cant aim the turret down through the body of the tank.,2026-07-29T01:54:42+00:00,,,,https://steamcommunity.com/app/2807960/discussions/0/581678128090329039/
steam,кронос,post,Battlefield 6,title,2026-07-28T22:53:56+00:00,,,,https://steamcommunity.com/app/2807960/discussions/0/581678128090319366/
steam,JackHorner,reply,Battlefield 6,YESthe game is stating to get really good with the new maps and the changes.,2026-07-28T23:07:03+00:00,,,,https://steamcommunity.com/app/2807960/discussions/0/581678128090319366/
steam,KaraG0Z,reply,Battlefield 6,"Originally posted by кронос:title there are some problems you should know. netcode,hitreg,footstep and vehicles sound , invis clymore, when you quit game you will stuck black screen, TTK, BLOOM and more and more.. its up to you",2026-07-28T23:09:30+00:00,,,,https://steamcommunity.com/app/2807960/discussions/0/581678128090319366/
steam,Mamushi,reply,Battlefield 6,nope game still has a lot of issues. Wait a little bit longer and maybe it will be less of a buggy mess.,2026-07-28T23:12:02+00:00,,,,https://steamcommunity.com/app/2807960/discussions/0/581678128090319366/
steam,Sgt. YippyYap,reply,Battlefield 6,No do not buy. The game is not worth it even if it was free,2026-07-28T23:13:30+00:00,,,,https://steamcommunity.com/app/2807960/discussions/0/581678128090319366/
steam,TomE,reply,Battlefield 6,no,2026-07-28T23:18:25+00:00,,,,https://steamcommunity.com/app/2807960/discussions/0/581678128090319366/
steam,Bad Distraction Carnifex,reply,Battlefield 6,At 50% off it's a good investment. The campaign is decent though short and you can tell parts have been cut out of it.There's also no official vs bots mode but there are things like Casual Breakthrough which mixes bots with players.,2026-07-28T23:31:43+00:00,,,,https://steamcommunity.com/app/2807960/discussions/0/581678128090319366/
steam,Mamushi,reply,Battlefield 6,Originally posted by Bad Distraction Carnifex:At 50% off it's a good investment. The campaign is decent though short and you can tell parts have been cut out of it.There's also no official vs bots mode but there are things like Casual Breakthrough which mixes bots with players. You people and throwing the word investment around when you will never get a proper return. lol,2026-07-28T23:34:32+00:00,,,,https://steamcommunity.com/app/2807960/discussions/0/581678128090319366/
steam,Bad Distraction Carnifex,reply,Battlefield 6,Originally posted by Mamushi:Originally posted by Bad Distraction Carnifex:At 50% off it's a good investment. The campaign is decent though short and you can tell parts have been cut out of it.There's also no official vs bots mode but there are things like Casual Breakthrough which mixes bots with players. You people and throwing the word investment around when you will never get a proper return. lol g8 b8 m8 8/8,2026-07-28T23:42:41+00:00,,,,https://steamcommunity.com/app/2807960/discussions/0/581678128090319366/
steam,1_Useless_Community,reply,Battlefield 6,Never buy this game it makes you sick.,2026-07-28T23:43:26+00:00,,,,https://steamcommunity.com/app/2807960/discussions/0/581678128090319366/
steam,bleach demon,reply,Battlefield 6,"only buy this game if you want most of your shots not registering , like being on the losing end of desync to consoles , are going to use a controller for the free aimbot, and like being in constant one sided matches { either losing or winning } neither of which are fun. maybe in like 2 years once all the bugs are ironed out and all the dma cheat users have moved on to the next new fps will this game be good.",2026-07-28T23:57:22+00:00,,,,https://steamcommunity.com/app/2807960/discussions/0/581678128090319366/
steam,Qtael,reply,Battlefield 6,"yes, best bf in years !",2026-07-28T23:59:46+00:00,,,,https://steamcommunity.com/app/2807960/discussions/0/581678128090319366/
steam,Da_Doctor_Drew,reply,Battlefield 6,no its still so ass lmao,2026-07-29T00:01:30+00:00,,,,https://steamcommunity.com/app/2807960/discussions/0/581678128090319366/
steam,Sniper,reply,Battlefield 6,"NOOOOOOOOOOOOOOOOOOOOOOOOOOOOOOOOOOOOOOOOOOOOOOOOOOOOOOOOOOOOOOOOOOOOOOOOOOOOOOOOOOOOOOOOOOOOOOOOOOOOOOOOOOOOOOOOOOOOOOOOOOOOOOOOOOOOOOOOOOOOOOOOOOOOOOOOOOOOOOOOOOOOOOOOOOOOOOOOOOOOOOOOOOOOOOOOOOOOOOOOOOOOOOO. This game is the largest piece of BS I've ever played.. You will hate yourself for purchasing this unless you like being instantly killed as soon as you spawn. It's literally unplayable. If this is the ""best"" bf in years, I'd hate to see the worst. I will NEVER, I repeat, NEVER buy another BF game period. Good luck BF players, why you like it, beats the hell out of me. Over priced piece of trash game.",2026-07-29T00:40:21+00:00,,,,https://steamcommunity.com/app/2807960/discussions/0/581678128090319366/
steam,JackHorner,reply,Battlefield 6,yes buy,2026-07-29T00:47:28+00:00,,,,https://steamcommunity.com/app/2807960/discussions/0/581678128090319366/
steam,Corgi,reply,Battlefield 6,"Yes game is fun, Very worth a 50% off.",2026-07-29T00:49:15+00:00,,,,https://steamcommunity.com/app/2807960/discussions/0/581678128090319366/
steam,HanYolo,post,Battlefield 6,A good heli pilot ruins the game for quite literally everyone. Quit catering to the 1% at the expense of the 99%.,2026-07-22T14:43:51+00:00,,,,https://steamcommunity.com/app/2807960/discussions/0/581677493394660809/
steam,Mitzuriki,reply,Battlefield 6,or ask the jet mfers to actually intercept. Or hop on the jet yourself. The only way to piss off heli pilots tbh,2026-07-22T14:51:10+00:00,,,,https://steamcommunity.com/app/2807960/discussions/0/581677493394660809/
steam,gunitmob411,reply,Battlefield 6,We need closed classes again and give soflam to both assault and support,2026-07-22T15:11:53+00:00,,,,https://steamcommunity.com/app/2807960/discussions/0/581677493394660809/
steam,Skullmonkey,reply,Battlefield 6,"Look, I just need to get my autistic need to fly great machines thorugh the sky out of me ok! Can't a man just enjoy flying people from A to B to G and now H and I while dodging rpgs and doing some fancy flying!",2026-07-22T15:44:35+00:00,,,,https://steamcommunity.com/app/2807960/discussions/0/581677493394660809/
steam,The Alchemist,reply,Battlefield 6,"the only thing they need to do to fix this, is make the countermeasure cooldown twice as long. A lot of pilots fly high, make a run, countermeasure, go below radar, wait for cooldown, rinse repeat.",2026-07-22T15:48:08+00:00,,,,https://steamcommunity.com/app/2807960/discussions/0/581677493394660809/
steam,EA_Shepard,reply,Battlefield 6,"Hey, folks.There are a few different areas being discussed here, but they all come back to the same goal: making vehicle fights feel rewarding for both pilots and the players trying to counter them. 👈Some of you feel below radar is the main issue, while others think the bigger factor is how counters like jets, SOFLAM, or countermeasure timing fit into that interaction.For those of you who spend time on both sides, what feels like the biggest factor during those engagements? Is it below radar itself, the availability of counters, or how often helicopters can reset and make another pass?",2026-07-22T18:17:43+00:00,,,,https://steamcommunity.com/app/2807960/discussions/0/581677493394660809/
steam,OldPayphone,reply,Battlefield 6,"Originally posted by EA_Shepard:Hey, folks.There are a few different areas being discussed here, but they all come back to the same goal: making vehicle fights feel rewarding for both pilots and the players trying to counter them. 👈Some of you feel below radar is the main issue, while others think the bigger factor is how counters like jets, SOFLAM, or countermeasure timing fit into that interaction.For those of you who spend time on both sides, what feels like the biggest factor during those engagements? Is it below radar itself, the availability of counters, or how often helicopters can reset and make another pass? Countermeasures against Helicopters are a joke. It should not require a full squad dedicating all their attention on one helicopter to bring it down. It should only take one or two players with an Igla to bring it down. It doesn't make sense that helicopters can spam their own counter measures non stop that completely negate all effort from players trying to kill them on the ground. At this point, players have to rely on RPG's, you know, the weapons meant for TANKS to hopefully snipe helicopters out of the sky since lock on missile launchers are so laughably useless and perform poorly in their only role in the game. And even then the helicopters can take a whole hit of from an RPG which again shows how overpowered Helicopters are health wise on top of their other many overpwoered characteristics.All my Conquest matches are dominated by these Helicopter pilots going 70-1 every game and it's absurd that you devs do absolutely nothing about it. On the newest map especially where it's more open. I die more times to helicopter overpowered strafing than anything else hands down. You guys need to nerf helicopters badly.All Helicopters need a nerf to weapon damage, the rate they can spam their counter measures, and respawn timers. The transport chopper needs a nerf to it's side mini guns especially.Of all the Battlefield games I have ever played, the overpowered Helicopter superiority is the absolute worst I have ever seen. There's a reason why there are so many players begging for you devs to nerf the absurdly overpowered helicopters.",2026-07-22T18:46:24+00:00,,,,https://steamcommunity.com/app/2807960/discussions/0/581677493394660809/
steam,The Alchemist,reply,Battlefield 6,"Originally posted by EA_Shepard:Hey, folks.There are a few different areas being discussed here, but they all come back to the same goal: making vehicle fights feel rewarding for both pilots and the players trying to counter them. 👈Some of you feel below radar is the main issue, while others think the bigger factor is how counters like jets, SOFLAM, or countermeasure timing fit into that interaction.For those of you who spend time on both sides, what feels like the biggest factor during those engagements? Is it below radar itself, the availability of counters, or how often helicopters can reset and make another pass? Below radar is a joke. I can understand for the IGLA since it is radar guided. That being said, the stinger is HEAT SEEKING, using IR/UV to track its target. So once its fired and they ""go below radar"" that should not matter one ounce. It locks onto the heat source.",2026-07-22T19:59:32+00:00,,,,https://steamcommunity.com/app/2807960/discussions/0/581677493394660809/
steam,Duke of Ankh Cmdr. Sir Sam Vimes,reply,Battlefield 6,"Below radar either needs to be removed, or IGLAs need to be un-flareable.",2026-07-22T20:00:48+00:00,,,,https://steamcommunity.com/app/2807960/discussions/0/581677493394660809/
steam,Feathers McGraw,reply,Battlefield 6,"Originally posted by EA_Shepard:Hey, folks.There are a few different areas being discussed here, but they all come back to the same goal: making vehicle fights feel rewarding for both pilots and the players trying to counter them. 👈Some of you feel below radar is the main issue, while others think the bigger factor is how counters like jets, SOFLAM, or countermeasure timing fit into that interaction.For those of you who spend time on both sides, what feels like the biggest factor during those engagements? Is it below radar itself, the availability of counters, or how often helicopters can reset and make another pass? It's a mix of both below radar and countermeasures rendering even a half decent pilot immune to most dedicated anti air weapons, rendering them useless. The countermeasure cooldown needs to be increased and the altitude to be below radar needs to be decreased in order to prevent them from being pretty much immune to AA missiles.Engineers already have to make a trade-off between fighting tanks and aircraft, but if they choose to counter aircraft they get nothing for their trade-off, instead having to resort to RPGs and AT4s.",2026-07-22T20:04:59+00:00,,,,https://steamcommunity.com/app/2807960/discussions/0/581677493394660809/
steam,The Alchemist,reply,Battlefield 6,"Originally posted by Luna Lovegood:Below radar either needs to be removed, or IGLAs need to be un-flareable. Nah they can flare it since the IGLA relies on radar and IR. Flares putting out a heat source with minor radar disruption and the IR locking onto the stronger source. Making it have a chance to hit would be the better option. So it would be balanced.",2026-07-22T20:06:34+00:00,,,,https://steamcommunity.com/app/2807960/discussions/0/581677493394660809/
steam,EA_Shepard,reply,Battlefield 6,"Originally posted by Luna Lovegood:Below radar either needs to be removed, or IGLAs need to be un-flareable. Why removed? What would be the trade-off if IGLAs were un-flareable and Below Radar stayed in?",2026-07-22T20:09:40+00:00,,,,https://steamcommunity.com/app/2807960/discussions/0/581677493394660809/
steam,Feathers McGraw,reply,Battlefield 6,"Originally posted by EA_Shepard:Originally posted by Luna Lovegood:Below radar either needs to be removed, or IGLAs need to be un-flareable. Why removed? What would be the trade-off if IGLAs were un-flareable and Below Radar stayed in? Maybe make IGLAs un-flareable and Stingers able to lock on targets Below Radar? Make the choice of launcher actually mean something.",2026-07-22T20:37:07+00:00,,,,https://steamcommunity.com/app/2807960/discussions/0/581677493394660809/
steam,.kARMA,reply,Battlefield 6,Helis are worse than cheaters in this game,2026-07-22T21:07:55+00:00,,,,https://steamcommunity.com/app/2807960/discussions/0/581677493394660809/
steam,Zachmark571,reply,Battlefield 6,"Originally posted by EA_Shepard:Hey, folks.For those of you who spend time on both sides, what feels like the biggest factor during those engagements? Is it below radar itself, the availability of counters, or how often helicopters can reset and make another pass? As someone who plays aircrafts, except the small helicopters (I suck with it, and it's too fast for my liking), getting rid of below radar would practically remove aircrafts from the game.Flare time could be slightly increased without destroying them, or passive resupply could be removed for flares in exchange for lower flare cooldown and higher flare count. This would reward smart flare use and force helicopters to take breaks if they over-commit. Practically this would give breathing room even against heli players that go 100-10 on the leaderboard.I mostly play infantry, and people very consistently shoot down aircrafts that are painted. Pilots know this, since if I start painting dominant pilots in a match, I will get focused down. It does usually take a minute for people to notice that someone is painting, but as soon as that happens, aircrafts go down. Also a single engineer can often kill helicopters if they are painted.",2026-07-22T22:01:32+00:00,,,,https://steamcommunity.com/app/2807960/discussions/0/581677493394660809/
steam,JackieDaytona,reply,Battlefield 6,"Originally posted by .kARMA:Helis are worse than cheaters in this game :Silly: But ... the cheats or built in .... so the Helicopters are just .. ""Average"" ?",2026-07-22T22:06:02+00:00,,,,https://steamcommunity.com/app/2807960/discussions/0/581677493394660809/
steam,蕎麥 🐕‍🦺,reply,Apex Legends,"solution to this drama is simple, just turn off crossplay for default playersconsole players yap about how M&K has crazy movement and M&K players yap about aim assistmy opinion on this matter is 2 different platforms shouldnt share a common playground especially in ranked, what makes aim assist really big of an issue is crazy movement is only can be done by pro/high rank players while aim assist is available for every single console player, most people cant play around that, pros/preds can abuse the M&K movement to the max and can play around aim assist easily, average/casual players can not which latter makes up most of the playerbase, so theres much more crying",2026-07-28T20:55:22+00:00,,,,https://steamcommunity.com/app/1172470/discussions/0/592937047299258949/
steam,system,reply,Apex Legends,"The majority of PC Players also use Controller, turning off crossplay it's pointless.",2026-07-28T21:59:14+00:00,,,,https://steamcommunity.com/app/1172470/discussions/0/592937047299258949/
steam,system,reply,Apex Legends,"Originally posted by 蕎麥 🐕‍🦺:solution to this drama is simple, just turn off crossplay for default playersconsole players yap about how M&K has crazy movement and M&K players yap about aim assistmy opinion on this matter is 2 different platforms shouldnt share a common playground especially in ranked, what makes aim assist really big of an issue is crazy movement is only can be done by pro/high rank players while aim assist is available for every single console player, most people cant play around that, pros/preds can abuse the M&K movement to the max and can play around aim assist easily, average/casual players can not which latter makes up most of the playerbase, so theres much more crying The majority of PC Players also use Controller, turning off crossplay it's pointless.",2026-07-28T21:59:30+00:00,,,,https://steamcommunity.com/app/1172470/discussions/0/592937047299258949/
steam,⭒☽ NaughtyRuno ☾⭒,reply,Apex Legends,"i suck both on controller, and on mouse, so for me makes no difference",2026-07-28T22:26:15+00:00,,,,https://steamcommunity.com/app/1172470/discussions/0/592937047299258949/
steam,Soggy,reply,Apex Legends,part of the issue also is PC aim assist is 0.4 i believe and console is 0.6. so if your facing console kids then the game by default literally aims more than half for them,2026-07-28T23:36:33+00:00,,,,https://steamcommunity.com/app/1172470/discussions/0/592937047299258949/
steam,RaginSam,reply,Apex Legends,"Lot's of ways the problem could be solved, Respawn has chosen none of them. Separate lobbies or remove rotational assist. Not that complicated. This is where we are though with PC gaming. Free assist, but for only one input, because that's fair and balanced somehow.",2026-07-29T02:01:47+00:00,,,,https://steamcommunity.com/app/1172470/discussions/0/592937047299258949/
steam,Mr_SheD,post,Apex Legends,"Открыл рейтинговые бои, мне дали ранг (при получении подарок аура), в итоге я эту ауру надел и флажки пропали красные о том что на легендах (всех) можно надеть новый предмет, но после каждого боя или перезахода в игру снова появляются флажки на всех легендах, я по новой отмечаю все как прочитанное, убираю или надоборот экипирую ауру и флажки пропадают, но после боя или перезахода возвращаются. Так уже 4 день",2026-07-29T01:56:43+00:00,,,,https://steamcommunity.com/app/1172470/discussions/0/588433527532437917/
steam,Mouth Words,reply,Apex Legends,"agree, especially with steam machine on the Horizon (apex pun)",2026-07-29T00:52:18+00:00,,,,https://steamcommunity.com/app/1172470/discussions/0/592937047299257453/
steam,richyrich0501,post,Apex Legends,"this has been happening on and off for a long time. Ive reinstalled the game, verifed files, and my drivers are up to date. Does this happen to anyone else. Sometimes itll crash at the start sceen, and other times its when i click ranked it just shuts down",2026-07-29T00:06:33+00:00,,,,https://steamcommunity.com/app/1172470/discussions/0/588433527532430193/
steam,Bloompkh.tv,reply,Apex Legends,"Originally posted by MOD_SidZapen:Hey there. Could you elaborate further? Would also love to get more insight from the community on this topic. Honestly, the RE-45 is a really strong gun. 55 damage in three shots is a *lot* for a pistol, especially considering its high fire rate—it makes the R-99 or CAR unnecessary. It has no recoil, deals high damage, and—since it's a pistol—your character moves faster than with other weapons.",2026-07-28T21:06:28+00:00,,,,https://steamcommunity.com/app/1172470/discussions/0/592936781602672071/
steam,Bloompkh.tv,reply,Apex Legends,"You used to be able to choose between SMGs and pistols. While the R-99 is still popular among players—mostly because it’s a timeless classic—if I had to choose between the R-99 and the RE-45 for dealing damage and winning gunfights, I’d pick the RE-45.",2026-07-28T21:09:18+00:00,,,,https://steamcommunity.com/app/1172470/discussions/0/592936781602672071/
steam,Varyans,reply,Apex Legends,"Originally posted by SoloEmilio_MnK:the recoil needs to be doubled. no reason for a handgun to shoot with so little recoil. damage needs to be gutted. 3 bursted before u can even turn around, the TTK is waaaay to fast on the re45. its way to close to the ""play this gun or turn off the game"" threshold. What, even throwing knife is like a scoped long ranged sniper rifle. What will be the use of nerfing or buffing RE 45? Its original design is syffiecient enough...",2026-07-28T22:46:06+00:00,,,,https://steamcommunity.com/app/1172470/discussions/0/592936781602672071/
steam,@Wachiko ON X,post,Apex Legends,Just curious whats the mindset behind it? I have (Mostly NA) tons of teams and even teams im on insta drop to 6/7 teams in ranked and i usually bail. But whats the mindset behind it? Hot dropping will only reward you maybe a few times for what 10 RP?,2021-04-14T23:00:05+00:00,,,,https://steamcommunity.com/app/1172470/discussions/0/3106896589759166616/
steam,LegitRips,reply,Apex Legends,If you're good it gives you extra RP to win the game based on assists and kills. This game is about APEX aka being a predator. Not hiding around and waiting for final circle to give you rank.,2021-04-15T00:26:19+00:00,,,,https://steamcommunity.com/app/1172470/discussions/0/3106896589759166616/
steam,76561199027898008,reply,Apex Legends,i dont mind hot drops but most times the people hot dropping ar enot even good so they die right away.,2021-04-15T00:50:33+00:00,,,,https://steamcommunity.com/app/1172470/discussions/0/3106896589759166616/
steam,Moff,reply,Apex Legends,Originally posted by Random Teammate:i dont mind hot drops but most times the people hot dropping ar enot even good so they die right away. It be the hotdropping teammates that die first and spam ping enemies too expecting a hard carry.,2021-04-15T01:12:33+00:00,,,,https://steamcommunity.com/app/1172470/discussions/0/3106896589759166616/
steam,@Wachiko ON X,reply,Apex Legends,Originally posted by LegitRips:If you're good it gives you extra RP to win the game based on assists and kills. This game is about APEX aka being a predator. Not hiding around and waiting for final circle to give you rank. Hm strategically landing and hard pushing teams has always rewarded me RP then hot dropping. I have like a 1:0.50 ratio of RP Loss VS gain on hot drops where as strategic landing and hard pushing im up by 4000 RP over losses. (I'm a nerd i keep track of my RP loss and gain),2021-04-15T01:32:41+00:00,,,,https://steamcommunity.com/app/1172470/discussions/0/3106896589759166616/
steam,MALGURATH./\/\Achine,reply,Apex Legends,"I don't get it either, it's more likely that you're going to lose RP, like sure if you can beam a lobby then go ahead, but 99% of people who think they can do that actually can't unless it's pubs and SBMM is on your side. Dropping quiet, looting then pushing is way more effective to gain RP.",2021-04-15T08:49:32+00:00,,,,https://steamcommunity.com/app/1172470/discussions/0/3106896589759166616/
steam,@Wachiko ON X,reply,Apex Legends,"Originally posted by Malgurath RSA:I don't get it either, it's more likely that you're going to lose RP, like sure if you can beam a lobby then go ahead, but 99% of people who think they can do that actually can't unless it's pubs and SBMM is on your side. Dropping quiet, looting then pushing is way more effective to gain RP. Exactly",2021-04-15T15:45:02+00:00,,,,https://steamcommunity.com/app/1172470/discussions/0/3106896589759166616/
steam,Kronk,reply,Apex Legends,Originally posted by Machiko:Just curious whats the mindset behind it? I have (Mostly NA) tons of teams and even teams im on insta drop to 6/7 teams in ranked and i usually bail. But whats the mindset behind it? Hot dropping will only reward you maybe a few times for what 10 RP? some but not most people find easyer to level up the battle pass and do some questing in ranked matches.,2021-04-15T15:46:21+00:00,,,,https://steamcommunity.com/app/1172470/discussions/0/3106896589759166616/
steam,tomathyyy,reply,Apex Legends,i usually always hot drop because if you kill 1 or two teams it helps a lot with the RP for the win or Top 5 Place (:,2021-04-15T15:47:38+00:00,,,,https://steamcommunity.com/app/1172470/discussions/0/3106896589759166616/
steam,Moff,reply,Apex Legends,"Originally posted by Fxmeless:i usually always hot drop because if you kill 1 or two teams it helps a lot with the RP for the win or Top 5 Place (: I understand this logic, but at Plat+ you're already starting (technically) a team wipe down. Early game kills only giving you 10RP doesn't even break even, and that's IF you get all 3 kills or assists, and then you risk a third-party coming in and killing you for ~-6RP, which IS better than -36 obviously, but looting and strategically fighting later on can earn you a lot more than attempting to wipe with RNG loot in the beginning.",2021-04-15T17:03:42+00:00,,,,https://steamcommunity.com/app/1172470/discussions/0/3106896589759166616/
steam,clay gamer,reply,Apex Legends,because its fun,2021-04-15T18:42:27+00:00,,,,https://steamcommunity.com/app/1172470/discussions/0/3106896589759166616/
steam,w0mp,reply,Apex Legends,someones gotta do it :),2021-04-15T20:05:27+00:00,,,,https://steamcommunity.com/app/1172470/discussions/0/3106896589759166616/
steam,sergantuss,reply,Apex Legends,this is why tier 4 ranks must not be qued with tier 3-2-1 cuz sometimes ppl just got a new league rank and they dont care since they can do hot drops and will loos 0 points,2021-04-15T20:24:16+00:00,,,,https://steamcommunity.com/app/1172470/discussions/0/3106896589759166616/
steam,@Wachiko ON X,reply,Apex Legends,Originally posted by sergantuss:this is why tier 4 ranks must not be qued with tier 3-2-1 cuz sometimes ppl just got a new league rank and they dont care since they can do hot drops and will loos 0 points Yep agree with this completely. Just got into diamond (This is my first season playing) and i feel like i have no reason to care as a D4. No risk.,2021-04-15T20:41:24+00:00,,,,https://steamcommunity.com/app/1172470/discussions/0/3106896589759166616/
steam,TheHourMan,reply,Apex Legends,Originally posted by LegitRips:If you're good it gives you extra RP to win the game based on assists and kills. This game is about APEX aka being a predator. Not hiding around and waiting for final circle to give you rank. Coming in 5 years later to tell you that predators hide around waiting for prey,2026-07-28T22:17:09+00:00,,,,https://steamcommunity.com/app/1172470/discussions/0/3106896589759166616/
steam,James3157,post,The Sims 4,"It is an annoying new bug that is only recent (meaning that it is not an old bug), but there is a temporary fix for it. You have type in ""testingcheats_true"" and then type in ""CaS.fulleditmode"". You have to do this every time when you decide to make sims get married or else the game besides the aspirations part does not recognize them as married.I had a sim who was supposed to get married but because I switched him from played household to other household he did not stay married who married someone else without my permission because the game mistakenly thought they were partners instead of spouses. The temporary fix is entering in CaS and switching from partner to spouse. The intended purpose of this thread is not necessarily because I am looking for attention from the devs, but just make other people aware of this and prevent it from happening where sims who are supposed to be married do not stay married when switching from played household to other household because of the game mistakenly thinking they are partners instead of spouses.",2026-07-21T14:35:22+00:00,,,,https://steamcommunity.com/app/1222670/discussions/0/576047946418636327/
steam,cloudstrifehottie5,reply,The Sims 4,I have that problem too i hope they fix it soon,2026-07-29T01:46:26+00:00,,,,https://steamcommunity.com/app/1222670/discussions/0/576047946418636327/
steam,Dumb Robot,reply,The Sims 4,Searches in the Gallery seem to be very sensitive to updates.,2026-07-29T01:38:01+00:00,,,,https://steamcommunity.com/app/1222670/discussions/0/591810883669305798/
steam,Nyx,reply,The Sims 4,"Originally posted by FauxFurry:That is not how a free market works. You have to go now if you do not like what EA is doing with the franchise (or rather, what their parent companies have allowed them to do). Find a product which does for you what theirs could not. If enough people do so, then maybe EA will be sold off again to a parent company which commands them to engage in business practices that are more in keeping with your preferences. I understand the point about consumers choosing where to spend their money but that dont mean customers cant criticize a company or the direction of a product they have invested in.many Sims players have supported this franchise for years and spent a lot of money on it. Wanting better quality control, fewer bugs and a better relationship between ea and its community isn't ""not understanding the free market"" ..it's part of being a customer.people are allowed to say ""this product used to be better"" or ""these business decisions are hurting the game"" without simply being told to leave.",2026-07-28T23:52:47+00:00,,,,https://steamcommunity.com/app/1222670/discussions/0/591810883669312142/
steam,Nyx,reply,The Sims 4,"Originally posted by Llynard Druschba RU:@Nyx If you want to Play ""Sims4"" in a better way, you should forget about EA. Try InZoi or Paralifes. Paralifes is early access, i Konw, BUT they REALLY Care about the Comunity ! AND they WANT modders to be part of the Programmingprocess. After just 2 Month since Release the Early Access the game is MUCH Better Sims 4 ever was. I spend 1200² TOO MUCH on Sims4 !!! Paralifes was under 40€ and you will get EVERYTHING that will released later FREE. I actually have been watching paralives and inzoi. I understand why people are excited about them. Competition is good and I hope they push the life simulation genre forward.My frustration with ea comes from the fact that many of us have invested years and a lot of money into the sims. Wanting ea to improve the game isnt cause we hate the sims its cause we care about the franchise and want it treated better.Hopefully having more competition encourages all life sim games to listen more to their communities.",2026-07-28T23:56:36+00:00,,,,https://steamcommunity.com/app/1222670/discussions/0/591810883669312142/
steam,Phae,reply,The Sims 4,I have tried to go to EA forums and have very selfdom been able to actually post an issue. It is not like find a post and post there you have to fill out a long report and some of the things they ask for I don't even know how to find in order to upload it for them and it is very seldom anyone replies back to help me with the problem. If other have had the issues I have I am guessing that is whys they come here for help or just to vent. Because many of the seasoned players that have been around and have so much experience from playing so long can help out more than EA techs can or even want to. I know you seasoned players have helped me way more than EA has and with much more consideration and patience to someone like me that is really tech dumb for the most part. Good instruction dummied down for me is a big help and I really appreciate all of you.In order to get help from EA at all you have to have a Clean Game without mods at all or they will not & honestly cannot help. While the use of mods is not forbidden they are not responsible for them and therefore they will not troubleshoot a game with mods. Understandable honestly. IF a clean game does not give the same issues then it is most like something with mods even if it is not the mods it might be because of them. Catch 22 situation.,2026-07-28T22:35:50+00:00,,,,https://steamcommunity.com/app/1222670/discussions/0/591811150340996680/
steam,James3157,reply,The Sims 4,"Originally posted by Phae:I have tried to go to EA forums and have very selfdom been able to actually post an issue. It is not like find a post and post there you have to fill out a long report and some of the things they ask for I don't even know how to find in order to upload it for them and it is very seldom anyone replies back to help me with the problem. If other have had the issues I have I am guessing that is whys they come here for help or just to vent. Because many of the seasoned players that have been around and have so much experience from playing so long can help out more than EA techs can or even want to. I know you seasoned players have helped me way more than EA has and with much more consideration and patience to someone like me that is really tech dumb for the most part. Good instruction dummied down for me is a big help and I really appreciate all of you.In order to get help from EA at all you have to have a Clean Game without mods at all or they will not & honestly cannot help. While the use of mods is not forbidden they are not responsible for them and therefore they will not troubleshoot a game with mods. Understandable honestly. IF a clean game does not give the same issues then it is most like something with mods even if it is not the mods it might be because of them. Catch 22 situation. The gallery is bugged even without mods. On the link provided it is a verified bug, but few people have commented on it and the votes are surprisingly low.",2026-07-28T23:09:04+00:00,,,,https://steamcommunity.com/app/1222670/discussions/0/591811150340996680/
steam,larry_roberts,reply,The Sims 4,"The gallery works fine most of the time for me, but it does, sometimes, say there has been an error and I either have to restart the Gallery or Sims 4.",2026-07-28T23:52:50+00:00,,,,https://steamcommunity.com/app/1222670/discussions/0/591811150340996680/
steam,Legendkiller456,post,The Sims 4,"With Paralives entering early access with good reviews, maybe it's time to bugfix the game, including all the still broken dlcs like For Rent? Just a suggestion...",2026-07-28T21:18:11+00:00,,,,https://steamcommunity.com/app/1222670/discussions/0/591811150341011532/
steam,Lady Aeleanor,reply,The Sims 4,"Originally posted by Legendkiller456:With Paralives entering early access with good reviews, maybe it's time to bugfix the game, including all the still broken dlcs like For Rent? Just a suggestion... Well, Steam aren't the developers of the game. EA is. You'd be better to post your comment on EA's forums.",2026-07-28T21:36:17+00:00,,,,https://steamcommunity.com/app/1222670/discussions/0/591811150341011532/
steam,LIFTED GHOST,post,EA Sports College Football 27,"I tried and it plays very well. Once you turn on Steam Deck and go to the game it comes up as ""Play from Steam Deck or Stream From Desktop."" ---> Pick Stream from Desktop and you can play the game. Just a heads up to the gamers who want to play while traveling or at work.",2026-07-10T20:30:46+00:00,,,,https://steamcommunity.com/app/4032350/discussions/0/577172807462482805/
steam,Digital Cowboy,reply,EA Sports College Football 27,lmao,2026-07-10T21:19:46+00:00,,,,https://steamcommunity.com/app/4032350/discussions/0/577172807462482805/
steam,LIFTED GHOST,reply,EA Sports College Football 27,Originally posted by Digital Cowboy:lmao Only a person with no steam deck would reply with LMAO,2026-07-10T21:40:18+00:00,,,,https://steamcommunity.com/app/4032350/discussions/0/577172807462482805/
steam,SwissCakeRowl,reply,EA Sports College Football 27,The lmao is from you not understanding stream from desktop compared to playing on Steam Deck.,2026-07-29T02:15:11+00:00,,,,https://steamcommunity.com/app/4032350/discussions/0/577172807462482805/
steam,Floppok,post,Battlefield 6,"Всем привет, стоит ли покупать батлфилд 6 сейчас? Я пришёл в эту серию недавно, только с 2042. Эта часть мне понравилась, до сих пор туда захожу побегать на пехоте и полетать на вертолёте. Также играл в call of duty modern warfare 2019 и 2022, они тоже мне понравились. Сейчас думаю купить батлфилд 6. Я слышал что многие жалуются на техническое состояние шестёрки, недостаток контента, на медленную прогрессию (по крайней мере на релизе игры, вроде её уже подправили) и многое другое. Сейчас мне не хватает аркадного шутера в котором можно провести пару сотен часов, я думаю что батлфилд 6 это лучший выбор на данный момент. Спасибо.",2026-07-28T14:18:17+00:00,,,,https://steamcommunity.com/app/2807960/discussions/0/581678051258041968/
steam,John Weak,reply,Battlefield 6,"Личное мнение: игра от основного костяка серии ничем не отличается: ""пришел, увидел , победил"", аля кто у кого быстрее съест тикеты, тот и победил. Контент - это да. Если условно каждая серия игры приносила что-то новое (леволушн 4-ой, call ins 5-ой или тот же бегемот в 1-ой), то 2042 и 6-ая батла ничем не отличаются друг от друга: оба проекта - это просто принеси-подай (REDSEC не считаю за контент). Но, тем не менее, 6 ощущается гораздо лучше и приятнее, чем 2042.Но если под контентом ты имеешь в виду количество карт, то здесь это постепенно исправляется. Не в том темпе как хотелось бы, но мне всё нравится. Количество пушек и техники удовлетворительное: как и в любой батле всё стандарно: пехотки, броня и воздушная техника (нюанс!!! до сих пор не завезли кастомизацию истребителей (не знаю почему)). С новым сезоном добавили naval warfare, но тут от этого сочетания слов лишь 15% идей, т.к. никакого naval warfare и нет (если сравнивать с морским боем 1-ой батлы).В целом рекомендую 6 к покупе хотя бы в пользу того, что ты играешь в 2042 - одну из худших частей серии игры (сугубо личное мнение).",2026-07-28T14:43:23+00:00,,,,https://steamcommunity.com/app/2807960/discussions/0/581678051258041968/
steam,maloy,reply,Battlefield 6,"Originally posted by Floppok:Всем привет, стоит ли покупать батлфилд 6 сейчас? Я пришёл в эту серию недавно, только с 2042. Эта часть мне понравилась, до сих пор туда захожу побегать на пехоте и полетать на вертолёте. Также играл в call of duty modern warfare 2019 и 2022, они тоже мне понравились. Сейчас думаю купить батлфилд 6. Я слышал что многие жалуются на техническое состояние шестёрки, недостаток контента, на медленную прогрессию (по крайней мере на релизе игры, вроде её уже подправили) и многое другое. Сейчас мне не хватает аркадного шутера в котором можно провести пару сотен часов, я думаю что батлфилд 6 это лучший выбор на данный момент. Спасибо. Если ты готов к тому, что тебе заблокируют аккаунт, то вперед покупай",2026-07-28T19:14:24+00:00,,,,https://steamcommunity.com/app/2807960/discussions/0/581678051258041968/
steam,Firehex,reply,Battlefield 6,"Только по солидной скидке. Уже 4-й сезон, а разрабы до сих пор не могут выпустить патч без технических проблем.Вот сейчас, например, новый баг - метка вражеской гранаты рандомно не отображается.",2026-07-28T19:17:46+00:00,,,,https://steamcommunity.com/app/2807960/discussions/0/581678051258041968/
steam,Floppok,reply,Battlefield 6,"Originally posted by maloy: Если ты готов к тому, что тебе заблокируют аккаунт, то вперед покупай Вроде сегодня видел твой пост в обсуждениях, но сейчас не могу найти. Можешь объяснить что случилось?",2026-07-28T19:38:51+00:00,,,,https://steamcommunity.com/app/2807960/discussions/0/581678051258041968/
steam,$noochie boochie$,reply,Battlefield 6,"Пока скидос 50% - даНо держи в голове, что возможно этот год будет последним в поддержке игры. Плюс, в октябре выйдет новый КОД, и если он окажется хорошим, то отсюда наверняка сразу ливнет половина, если не больше. Пока игра действительно потихоньку исправляется и если рассматривать в краткосрочной перспективе, то сейчас оптимальное время чтобы в нее залететь .",2026-07-29T08:27:47+00:00,,,,https://steamcommunity.com/app/2807960/discussions/0/581678051258041968/
steam,TheOldFlow,post,Battlefield 6,"Hey everyone, i've come back to try out season 4, i dont know why but i cant seem to be able to hear anyone in voice chat, i can see their mic is ON but no matter what i try in the settings i just dont hear anyone. I tried looking on YT / google; nothing helps...Do you guys have anything i should try ? (just did the integrity check on game files too)",2026-07-29T07:34:33+00:00,,,,https://steamcommunity.com/app/2807960/discussions/0/581678128090342482/
steam,TheOldFlow,reply,Battlefield 6,thank's guys,2026-07-29T08:20:27+00:00,,,,https://steamcommunity.com/app/2807960/discussions/0/581678128090342482/
steam,Rocknrolla,post,Battlefield 6,Chill mate with good aim LF for nice people to play,2026-07-28T20:06:11+00:00,,,,https://steamcommunity.com/app/2807960/discussions/0/581678051258066382/
steam,Professor Apa,reply,Battlefield 6,Region and rank?,2026-07-29T03:40:57+00:00,,,,https://steamcommunity.com/app/2807960/discussions/0/581678051258066382/
steam,EA_Kuba,reply,Battlefield 6,Originally posted by Rocknrolla:Chill mate with good aim LF for nice people to play Hey! You may have better luck finding Ranked REDSEC teammates on the Battlefield Discord server. There are dedicated LFG channels where you can connect with players looking for a similar playstyle and region.Feel free to join here[discord.com].,2026-07-29T07:36:21+00:00,,,,https://steamcommunity.com/app/2807960/discussions/0/581678051258066382/
steam,Professor Apa,reply,Battlefield 6,Originally posted by EA_Kuba:Originally posted by Rocknrolla:Chill mate with good aim LF for nice people to play Hey! You may have better luck finding Ranked REDSEC teammates on the Battlefield Discord server. There are dedicated LFG channels where you can connect with players looking for a similar playstyle and region.Feel free to join here[discord.com]. Yes but Discord… some people don’t want to support such a corpo.,2026-07-29T08:15:50+00:00,,,,https://steamcommunity.com/app/2807960/discussions/0/581678051258066382/
steam,.txc,post,Apex Legends,what are u going to do about it? i thought its a cheat cuz i saw a valk and bangalore doing it before but now a wattson did it twice and i just found out about her perk.. if she has enough heals she can survive the last ring for a very long time. this should be bannable tho and i have video proof of this ♥♥♥♥♥♥♥♥ TWICE. i saw a reddit post 4 months ago so how is this still a thing? i really hate losers who need to cheat their way through lifehttps://www.reddit.com/r/WattsonMains/comments/1rwg0zf/as_much_as_i_love_this_ability_this_is_not_fine/,2026-07-26T08:10:26+00:00,,,,https://steamcommunity.com/app/1172470/discussions/0/592936781602699581/
steam,MOD_SidZapen,reply,Apex Legends,"As you can see on this Reddit thread many community members think it's an unlucky loss. Though I'd like to hear how often people run into this, so that the team can evaluate a possible adjustment. We'll definitely consider both perspectives.",2026-07-26T22:18:28+00:00,,,,https://steamcommunity.com/app/1172470/discussions/0/592936781602699581/
steam,.txc,reply,Apex Legends,"Originally posted by MOD_SidZapen:As you can see on this Reddit thread many community members think it's an unlucky loss. Though I'd like to hear how often people run into this, so that the team can evaluate a possible adjustment. We'll definitely consider both perspectives. i mean it happened twice in a row to us and these guys were playing together.. just collecting as many heals as possible to win the game like that. theres no honor.. at least this one isnt directly cheating like the other case that i reported. but my mate and i switched servers and prefered a 130 ping over losing again because of that. this is a design flaw and shouldnt be possible in the first place.",2026-07-27T07:59:49+00:00,,,,https://steamcommunity.com/app/1172470/discussions/0/592936781602699581/
steam,av,reply,Apex Legends,REALLY niche complaint lmao,2026-07-27T17:15:01+00:00,,,,https://steamcommunity.com/app/1172470/discussions/0/592936781602699581/
steam,.txc,reply,Apex Legends,"Originally posted by av:REALLY niche complaint lmao abusing game mechanics to win a match is ""niche"" to you? aalright..^^",2026-07-29T08:31:52+00:00,,,,https://steamcommunity.com/app/1172470/discussions/0/592936781602699581/
steam,простейший,post,Apex Legends,best uni relic in ur opinion and why,2026-07-29T06:18:17+00:00,,,,https://steamcommunity.com/app/1172470/discussions/0/588433527532450977/
steam,eldehri,reply,Apex Legends,Knk steam guard var ama eğer sende yoksa ekstra 2 kart alıyorum 15 gun bekleme olduğu icin guard olursa almıyorum 7 gun oluyo,2026-07-29T05:37:14+00:00,,,,https://steamcommunity.com/app/1172470/discussions/0/592937047299241375/
steam,1-mf,reply,Apex Legends,"Originally posted by broke:the only problem i got is getting someone in my team that trying to act tough and think they r the best player in the world . those guy are the worst Everyone has this problem. A player who attacks three and starts yelling that you didn't help him when he didn't even say there were people around him, because using a microphone in ranked is something unfamiliar to them, Lol!",2026-07-29T04:26:42+00:00,,,,https://steamcommunity.com/app/1172470/discussions/0/592937047299243934/
steam,James3157,reply,The Sims 4,"Originally posted by cloudstrifehottie5:I have that problem too i hope they fix it soon Yes the devs should fix it, but they are aware of it and it is a verified bug. There is a way to fix this bug ourselves by using the CaS.fulleditmode cheat and switching from partner to spouse in CaS instead of a a wedding, but it is annoying because players have to fix it manually.",2026-07-29T04:39:28+00:00,,,,https://steamcommunity.com/app/1222670/discussions/0/576047946418636327/
steam,Xeriath,reply,The Sims 4,"You know vanilla neighborhood stories can’t marry sims off? This is only an thing which MCCC does or a additional mod which changes vanilla neighborhood stories? If you want to report a bug then you need to repeat the issue in a vanilla game without any mods. As long you report a issue with mods active (especially MCCC which know is to mess with unplayed NPC) the report is invalid and marked as mod issue. Also again, Steam discuss is not the right place to report bugs go to their official forum for that:https://forums.ea.com/category/the-sims-4-en/ideas/the-sims-4-bug-reports-en",2026-07-29T08:35:04+00:00,,,,https://steamcommunity.com/app/1222670/discussions/0/576047946418636327/
steam,marymarialex,reply,The Sims 4,"Originally posted by Xeriath:I think you mean this bug here: https://forums.ea.com/idea/the-sims-4-bug-reports-en/npcs-randomly-generate-romantic-relationships-disregards-orientation/12466387It is pretty random and rare, I got it once for one of my Sims and I fixed it through delete this *new* romance. I don't use mods. omg, ty very muuuuuch <3",2026-07-29T07:46:33+00:00,,,,https://steamcommunity.com/app/1222670/discussions/0/591810883669389757/
steam,FauxFurry,reply,The Sims 4,"Originally posted by Nyx:Originally posted by FauxFurry:That is not how a free market works. You have to go now if you do not like what EA is doing with the franchise (or rather, what their parent companies have allowed them to do). Find a product which does for you what theirs could not. If enough people do so, then maybe EA will be sold off again to a parent company which commands them to engage in business practices that are more in keeping with your preferences. I understand the point about consumers choosing where to spend their money but that dont mean customers cant criticize a company or the direction of a product they have invested in.many Sims players have supported this franchise for years and spent a lot of money on it. Wanting better quality control, fewer bugs and a better relationship between ea and its community isn't ""not understanding the free market"" ..it's part of being a customer.people are allowed to say ""this product used to be better"" or ""these business decisions are hurting the game"" without simply being told to leave. I never said otherwise. ""[Publisher] must relinquish control of [Franchise]"" is not actionable customer feedback, however (and far from the first time that someone has suggested that course of action for a game on any of these forums. In addition to abstinence, bug reports, evaluations of the game and its expansions, comments on customer service and the like are useful feedback for a company.",2026-07-29T04:38:06+00:00,,,,https://steamcommunity.com/app/1222670/discussions/0/591810883669312142/
steam,Senna,post,EA Sports College Football 27,"I keep having my game freeze up on the recruiting page on Dynasty mode often when I select search parameters that don't have any players. For example, maybe I'm searching for 3 stars, QB with open recruiting. If there are no players that fit that category, the game will lock up on me. Anyone else?",2026-07-29T13:55:27+00:00,,,,https://steamcommunity.com/app/4032350/discussions/0/583929927904044752/
steam,biała buteleczka,post,Battlefield 6,"I have 7800x3d, 4070 ti super and 32gb ram in my pc and im using ultra preset with dlss quailty 1440p. As I said in the title there are annoying frametime spikes on 3 maps: operation firestorm, empire state and manhattan bridge - other maps are running perfectly fine and smooth. Anyone with the same issue and maybe fix for it?EDIT:After new update issue on three maps remains + new map blackwell fields suffers from stutter problems too - exactly same thing as on three other mentioned maps :) + There is same problem with BR",2025-10-14T13:44:48+00:00,,,,https://steamcommunity.com/app/2807960/discussions/0/591784958348260246/
steam,Chance Boudreaux,reply,Battlefield 6,Same here. (4080 Super),2025-10-14T16:27:52+00:00,,,,https://steamcommunity.com/app/2807960/discussions/0/591784958348260246/
steam,Chariots of the Gods,reply,Battlefield 6,"Yeah I get randoim issues to with it startingto stutter and such, forcing a restart to get it right again. I have the same cpu and a 4080 super with top grade 32 gb of ram and a top grade sso (890 evo or something I think, Id have to look it up.)",2025-10-14T16:44:04+00:00,,,,https://steamcommunity.com/app/2807960/discussions/0/591784958348260246/
steam,Erium Kross,reply,Battlefield 6,"Yup, same here. Those same 3 maps. Glad to see it's not just me. Interestingly enough, my buddy while playing will sometimes get a spike and stutter at the exact same moments I do. So, something going on there. Perhaps some environmental destruction or something that provokes it.",2025-10-14T19:21:22+00:00,,,,https://steamcommunity.com/app/2807960/discussions/0/591784958348260246/
steam,Rich,reply,Battlefield 6,Yep... getting random frametime spikes certainly in Operation Firestorm.. shall try the other 2 maps you mention.(7800x3d 4800 super ),2025-10-14T19:35:56+00:00,,,,https://steamcommunity.com/app/2807960/discussions/0/591784958348260246/
steam,Rich,reply,Battlefield 6,yes...Empire State as well.,2025-10-14T20:02:37+00:00,,,,https://steamcommunity.com/app/2807960/discussions/0/591784958348260246/
steam,elevenn,reply,Battlefield 6,"Operation Firestorm and Manhattan for me those 2 always 2,3 spikes every single time i play escalation only",2025-10-14T20:09:32+00:00,,,,https://steamcommunity.com/app/2807960/discussions/0/591784958348260246/
steam,Andi,reply,Battlefield 6,"Yep, same here one huge frame time spike here and there on some maps, rtx 5090, 9950x3d",2025-10-14T22:41:58+00:00,,,,https://steamcommunity.com/app/2807960/discussions/0/591784958348260246/
steam,Snowy,reply,Battlefield 6,Same here. I made another post on this too. 9070xt and 9800x3d. Seems its both AMD and Nvidia GPU but does everyone have AMD cpu?,2025-10-15T00:02:42+00:00,,,,https://steamcommunity.com/app/2807960/discussions/0/591784958348260246/
steam,kiobu ::<>,reply,Battlefield 6,"same i think? 7800X3D and 7900XTX. it doesn't seem to be map specific for me though and the issue seems to be GPU usage (drops to 45% for no reason). alt-tabbing also fixes it for ~5 seconds before it comes back, and eventually disappears entirely after a few min",2025-10-15T00:03:49+00:00,,,,https://steamcommunity.com/app/2807960/discussions/0/591784958348260246/
steam,Chameleon_Silk,reply,Battlefield 6,"is it happening when nothing is happening or is it when there is a lot going on? a lot of expensive effects may be why its happening, I was having some hiccups but once I dialed back some of the ""effects"" it seemed to fix it up.still running mostly ultra, but I stepped down from overkill in some categories and then turned down anything that says its high use of cpu.keep in mind I run a 5600X at 3.7GHz no turbo or PBO, so that may also play into my hiccups because it could be related to 1 percent lows or something I haven't noticed... maybe even network lag.i play 4K with a 4080 Super, I will admit I haven't monitored the frame time graphs only going with the feel.",2025-10-15T00:05:23+00:00,,,,https://steamcommunity.com/app/2807960/discussions/0/591784958348260246/
steam,mohNN,reply,Battlefield 6,same here (7800 XT / 7800X3D),2025-10-15T00:08:50+00:00,,,,https://steamcommunity.com/app/2807960/discussions/0/591784958348260246/
steam,kiobu ::<>,reply,Battlefield 6,interesting how everyone has X3D CPUs #nooticing,2025-10-15T00:19:15+00:00,,,,https://steamcommunity.com/app/2807960/discussions/0/591784958348260246/
steam,oA11ENo,reply,Battlefield 6,Same here -4070ti and 9800x3D,2025-10-15T00:28:10+00:00,,,,https://steamcommunity.com/app/2807960/discussions/0/591784958348260246/
steam,biała buteleczka,reply,Battlefield 6,"Originally posted by Chameleon_Silk:is it happening when nothing is happening or is it when there is a lot going on? a lot of expensive effects may be why its happening, I was having some hiccups but once I dialed back some of the ""effects"" it seemed to fix it up.still running mostly ultra, but I stepped down from overkill in some categories and then turned down anything that says its high use of cpu.keep in mind I run a 5600X at 3.7GHz no turbo or PBO, so that may also play into my hiccups because it could be related to 1 percent lows or something I haven't noticed... maybe even network lag.i play 4K with a 4080 Super, I will admit I haven't monitored the frame time graphs only going with the feel. For me it seems to be completly random, looks like traversal stutter when it is loading sth. Tried low settings already and same thing",2025-10-15T03:38:58+00:00,,,,https://steamcommunity.com/app/2807960/discussions/0/591784958348260246/
steam,biała buteleczka,reply,Battlefield 6,"Originally posted by kiobu:same i think? 7800X3D and 7900XTX. it doesn't seem to be map specific for me though and the issue seems to be GPU usage (drops to 45% for no reason). alt-tabbing also fixes it for ~5 seconds before it comes back, and eventually disappears entirely after a few min For me it happens only on these 3 maps and gpu usage is 100% when it happens or im not noticing sth, also fps don’t drop",2025-10-15T03:45:25+00:00,,,,https://steamcommunity.com/app/2807960/discussions/0/591784958348260246/
steam,☆R3VOST4R☆,post,Battlefield 6,This could really rank among the top Battlefield games if that CoD-style sliding and hopping and the auto-spotting are removed.,2026-07-29T13:11:42+00:00,,,,https://steamcommunity.com/app/2807960/discussions/0/581678128090357576/
steam,Jango,reply,Battlefield 6,For me it’s the attachment grind for every gun. Lame.,2026-07-29T13:16:47+00:00,,,,https://steamcommunity.com/app/2807960/discussions/0/581678128090357576/
steam,Phantom Limb,reply,Battlefield 6,Originally posted by ☆R3VOST4R☆:This could really rank among the top Battlefield games if that CoD-style sliding and hopping and the auto-spotting are removed. All of those exist in BF for 10 years at this point. Get your facts together.,2026-07-29T13:19:52+00:00,,,,https://steamcommunity.com/app/2807960/discussions/0/581678128090357576/
steam,☆R3VOST4R☆,reply,Battlefield 6,"Originally posted by Phantom Limb:Originally posted by ☆R3VOST4R☆:This could really rank among the top Battlefield games if that CoD-style sliding and hopping and the auto-spotting are removed. All of those exist in BF for 10 years at this point. Get your facts together. Compare that to Battlefield 1, and you'll know exactly what I mean.",2026-07-29T13:23:30+00:00,,,,https://steamcommunity.com/app/2807960/discussions/0/581678128090357576/
steam,Auwhal,reply,Battlefield 6,If they added suppression mechanics - would be nice. And fixed the bugs.,2026-07-29T13:34:49+00:00,,,,https://steamcommunity.com/app/2807960/discussions/0/581678128090357576/
steam,Phantom Limb,reply,Battlefield 6,"Originally posted by ☆R3VOST4R☆:Originally posted by Phantom Limb:All of those exist in BF for 10 years at this point. Get your facts together. Compare that to Battlefield 1, and you'll know exactly what I mean. Compare that to bf5 and you will see how wrong you are.Bf1 got gutted by the devs in many ways during its active support. Yet all mentioned mechanics appeared in that title and clearly not going away any time soon.",2026-07-29T13:55:50+00:00,,,,https://steamcommunity.com/app/2807960/discussions/0/581678128090357576/
steam,сиксеван,reply,Battlefield 6,"Agree, codlike with tanks",2026-07-28T20:40:33+00:00,,,,https://steamcommunity.com/app/2807960/discussions/0/581678051258059253/
steam,piaskowy,reply,Battlefield 6,"Originally posted by сиксеван:Agree, codlike with tanks It's ""Ground War"" mode from Modern Warfare '19. Same gameplay depth.",2026-07-28T20:56:10+00:00,,,,https://steamcommunity.com/app/2807960/discussions/0/581678051258059253/
steam,Nemasone,reply,Battlefield 6,"Originally posted by Louise the Third:Its the best BF since BF4. Bf4 was trash, downgrade in every way from Bf3, last good Bf title was Bf1",2026-07-29T05:08:37+00:00,,,,https://steamcommunity.com/app/2807960/discussions/0/581678051258059253/
steam,Yasha,reply,Battlefield 6,"I wish it was like COD then the game would actually be fun, lmfao.",2026-07-29T05:26:02+00:00,,,,https://steamcommunity.com/app/2807960/discussions/0/581678051258059253/
steam,Don Torrisi,post,Battlefield 6,"So my setup is : 7800XT - Ryzen 5 7600x - 32 GB RAM 6000 CL30BIOS settings ( Global C State Enabled , PBO Enabled - Curve Optimizer Negative 10 )The game is feeling great most of the time but there are some parts of the map that are not feeling great in terms of smoothness or when you just moving the mouse despite high fps .It's just a gigantic headache to make it run smoothly on this map all the time i know is a known issue but i thought that i could do something since i played mostly this map since the season 4 launch .I also tried On / Off ( HAGS , FreeSync , GameMode , Anti-Lag , fullscreen / borderless , disable fullscreen optimisations checked / unchecked , uninstall hd textures , repair the game , clear EA App cache , FPS cap with in-game limiter or RTSS ) .",2026-07-29T13:45:50+00:00,,,,https://steamcommunity.com/app/2807960/discussions/0/581678128090359468/
steam,Pizzaiolop,reply,Apex Legends,"Ye. Same's happening to me, though yesterday it worked just fine (well, as fine as apex could)",2026-07-29T13:51:09+00:00,,,,https://steamcommunity.com/app/1172470/discussions/0/588433527532430193/
steam,_ShâdowyLight_,post,Apex Legends,Bloodhound will be able to cloak his team... Can you imagine an Axle team cloaked sliding at you? So many additions the past year have been super unhealthy for the game. Am I the only one worried about Bloodhound right now?,2026-07-29T13:30:34+00:00,,,,https://steamcommunity.com/app/1172470/discussions/0/588433527532474219/
steam,KiT2142,reply,Apex Legends,"input separation is the way forward. Consoles and PC rollers play against each other and can have whatever aim assist strength they wantMKBs should play against other MKBs20 years ago FPS devs understood that. What so difficult to understand now, when it was shown time and again that crossplay simply doesn't work?",2026-07-29T09:58:25+00:00,,,,https://steamcommunity.com/app/1172470/discussions/0/592937047299258949/
steam,Jango,reply,Apex Legends,Input only MM (which devs will never do) is the only fix,2026-07-29T13:12:04+00:00,,,,https://steamcommunity.com/app/1172470/discussions/0/592937047299258949/
steam,KiT2142,reply,Apex Legends,"Originally posted by @Wachiko ON X:Just curious whats the mindset behind it? I have (Mostly NA) tons of teams and even teams im on insta drop to 6/7 teams in ranked and i usually bail. But whats the mindset behind it? Hot dropping will only reward you maybe a few times for what 10 RP? Tiktok kids with melted brains cannot go 2 minuters without vivid visual stimulation(that's why they often ignore good positions and rings and jump in the middle of the fight to die in 2 seconds as well)On top of that I'm fairly certain they watched some streamer or youtube montage and see themselvers going 20/0(only to be, again, killed in 2 seconds because they suck ass)",2026-07-29T10:04:10+00:00,,,,https://steamcommunity.com/app/1172470/discussions/0/3106896589759166616/
steam,Bloompkh.tv,reply,Apex Legends,"Originally posted by Varyans:Originally posted by SoloEmilio_MnK:the recoil needs to be doubled. no reason for a handgun to shoot with so little recoil. damage needs to be gutted. 3 bursted before u can even turn around, the TTK is waaaay to fast on the re45. its way to close to the ""play this gun or turn off the game"" threshold. What, even throwing knife is like a scoped long ranged sniper rifle. What will be the use of nerfing or buffing RE 45? Its original design is syffiecient enough... Do you see the throwing knife in ranked matches? The throwing knife has ballistics, and you actually have to know *how* to hit your target with it...",2026-07-29T10:38:37+00:00,,,,https://steamcommunity.com/app/1172470/discussions/0/592936781602672071/
steam,Vega,reply,Apex Legends,"У меня так с начала сплита. Я так понял, баг не у всех, и они его фиксить уже в этом сезоне не будут. А в новом его, вероятно, уже и не будет. Ждать осталось недолго)",2026-07-29T09:46:01+00:00,,,,https://steamcommunity.com/app/1172470/discussions/0/588433527532437917/
steam,Mr_SheD,reply,Apex Legends,понял,2026-07-29T09:52:05+00:00,,,,https://steamcommunity.com/app/1172470/discussions/0/588433527532437917/
steam,黑好战龙,post,Apex Legends,"Integrity error 0x8000002No daemon tools, no reWASD, no X360 . Idk even deleted Logitech mouse app. What's the problem",2026-07-29T09:45:07+00:00,,,,https://steamcommunity.com/app/1172470/discussions/0/588433527532460915/
steam,lawrsteven,post,The Sims 4,"I know it is the same old argument like the bar staff one but this is now getting silly. I am having a party and no one is going to the toilet even when it gets down to red. With all the fanfare about updates and improvements why cannot this basic one be dealt with.? Surely when originally developing the game it would be common sense that going to the toilet would take priority over almost anything else! What was this not built into the game and why has it still not been resolved after so many, many complaints?????",2026-07-29T12:27:38+00:00,,,,https://steamcommunity.com/app/1222670/discussions/0/592937127158784006/
steam,SmellyWrestlingGeek,reply,Madden NFL 27,I'm not buying another EA Sports title as long as they insist of putting microtransactions in offline modes.,2026-07-29T18:20:25+00:00,,,,https://steamcommunity.com/app/3940610/discussions/0/578299465370381655/
steam,Lunojam,reply,Madden NFL 27,PROGRESS,2026-07-29T18:58:44+00:00,,,,https://steamcommunity.com/app/3940610/discussions/0/578299465370381655/
steam,ish0turfac3,reply,Battlefield 6,Brod is trash at range and the ef88 is just terrible. Can you fix those issues too?,2026-07-29T16:21:07+00:00,,,,https://steamcommunity.com/app/2807960/discussions/0/581677784229939742/
steam,Bad Distraction Carnifex,reply,Battlefield 6,"I'm still maintaining a 5.53 KDR, aim is worse now but if you pick the right weapons its not a big deal imo.",2026-07-29T02:21:24+00:00,,,,https://steamcommunity.com/app/2807960/discussions/0/581678128090322836/
steam,(RIP)Zeus,reply,Battlefield 6,"Originally posted by Edward Blom:I've played this game since release and i had no issues with aiming until now.I'm a casual with 2.0 K/D, nothing fancy but after the changes in gunplay late season 3 aiming feels so damn off all of a sudden.Is it just that my muscle memory is still with the pre gunplay update and i didn't get used to the new weapon handling?Does anyone else struggle after the changes or is it just me? Same here...uninstalled...came back yesterday...almost wished I hadn't...aim and recoil are atrocious.",2026-07-29T02:44:41+00:00,,,,https://steamcommunity.com/app/2807960/discussions/0/581678128090322836/
steam,Professor Apa,reply,Battlefield 6,Det är för att du är vaken för sent på nätterna din skitunge!!Postad för 3 timmar sen! Kl 02:00 en Onsdag.Skärp dig annars blir du A-lagare!,2026-07-29T03:31:48+00:00,,,,https://steamcommunity.com/app/2807960/discussions/0/581678128090322836/
steam,Professor Apa,reply,Battlefield 6,"Originally posted by Bad Distraction Carnifex:I'm still maintaining a 5.53 KDR, aim is worse now but if you pick the right weapons its not a big deal imo. Ok little buddy. 👍",2026-07-29T03:32:22+00:00,,,,https://steamcommunity.com/app/2807960/discussions/0/581678128090322836/
steam,Edward Blom,reply,Battlefield 6,Originally posted by Professor Apa:Det är för att du är vaken för sent på nätterna din skitunge!!Postad för 3 timmar sen! Kl 02:00 en Onsdag.Skärp dig annars blir du A-lagare! Vacation is king!,2026-07-29T08:48:09+00:00,,,,https://steamcommunity.com/app/2807960/discussions/0/581678128090322836/
steam,poseidonss,reply,Battlefield 6,"they increased bloom ( to remove visual random recoil ) wich makes the gunfight more reliable on luck, ""balancing"" the game making everyone mid. aiming for headshot now is not ideal now since the increased bloom,low hs multiplier and decreased projectile velocity . it forces everybody to play the same way aiming for the center of mass and pray for good rng.",2026-07-29T12:30:19+00:00,,,,https://steamcommunity.com/app/2807960/discussions/0/581678128090322836/
steam,Edward Blom,reply,Battlefield 6,"Originally posted by poseidonss:they increased bloom ( to remove visual random recoil ) wich makes the gunfight more reliable on luck, ""balancing"" the game making everyone mid. aiming for headshot now is not ideal now since the increased bloom,low hs multiplier and decreased projectile velocity . it forces everybody to play the same way aiming for the center of mass and pray for good rng. That is just horrible design. Why did they do that?",2026-07-29T14:26:47+00:00,,,,https://steamcommunity.com/app/2807960/discussions/0/581678128090322836/
steam,Some Black Dude,reply,Battlefield 6,"Originally posted by poseidonss:they increased bloom ( to remove visual random recoil ) wich makes the gunfight more reliable on luck, ""balancing"" the game making everyone mid. aiming for headshot now is not ideal now since the increased bloom,low hs multiplier and decreased projectile velocity . it forces everybody to play the same way aiming for the center of mass and pray for good rng. Couldn't have said it better. Aiming for the head will net a limb shot now, especially with desync still being an issue. Never had so many gunfights end in 95-99 damage but no kill lol.",2026-07-29T15:00:45+00:00,,,,https://steamcommunity.com/app/2807960/discussions/0/581678128090322836/
steam,Radditude,reply,Battlefield 6,"Originally posted by Some Black Dude:Originally posted by poseidonss:they increased bloom ( to remove visual random recoil ) wich makes the gunfight more reliable on luck, ""balancing"" the game making everyone mid. aiming for headshot now is not ideal now since the increased bloom,low hs multiplier and decreased projectile velocity . it forces everybody to play the same way aiming for the center of mass and pray for good rng. Couldn't have said it better. Aiming for the head will net a limb shot now, especially with desync still being an issue. Never had so many gunfights end in 95-99 damage but no kill lol. This isn't a problem if you use a roller for some reason though. Still consistently get quad headshotted 50+ meters out by smgs often.",2026-07-29T15:56:35+00:00,,,,https://steamcommunity.com/app/2807960/discussions/0/581678128090322836/
steam,Captain,post,Battlefield 6,"I have only 3 skins to play as support in NATO and the 3 of em its fk wamen, and it's so FK ANNOYING to constantly hear woman screams around the battlefield, specially when it is my soldier. STOP FORCING WOMAN INTO WAR GAMES, SOME OF US DONT WANT TO BE A FK WM WALKING AROUND, ALSO THEY ARE MINORITY ON THIS KIND OF GAMES FAK",2026-07-25T17:06:41+00:00,,,,https://steamcommunity.com/app/2807960/discussions/0/581677784229781591/
steam,Nutellalöffler,reply,Battlefield 6,The best thing one of the new skins you can get with Battlepass is a navy seals like Skin but its only fpr supporter class and its a woman... its so annoying...this whole game is a big big BS,2026-07-25T17:16:21+00:00,,,,https://steamcommunity.com/app/2807960/discussions/0/581677784229781591/
steam,JackHorner,reply,Battlefield 6,"in a way its anti woke to have the female characters playing the medic class, some would says based even.",2026-07-25T17:17:45+00:00,,,,https://steamcommunity.com/app/2807960/discussions/0/581677784229781591/
steam,Dec_Cetera,reply,Battlefield 6,"Personally, I don't mind it, makes sense for PAX and the ""Civillian"" NATO factions. But here's a wild idea, class unlock the skins. If I wanna run my British Assault Skin on all my classes, why shouldn't I? And don't say ""class identity"" because let's be honest, DICE killed that with this game (Getting revived by a medic in a sniper veil), the only way to tell, is with the stupid gadget on their back. (WHICH CHANGES TO THE CLASS YOU'RE PREVIEWING IN THE APPEARANCE SCREEN).",2026-07-25T18:06:29+00:00,,,,https://steamcommunity.com/app/2807960/discussions/0/581677784229781591/
steam,Moose1981,reply,Battlefield 6,"Yeah, it is annoying. Nothing against women, but I am a guy and want to play as a male. Two things I have noticed about medics, either playing men or women, is many never bother to revive downed players, and only want to use drops to supply themselves with ammo.",2026-07-25T18:09:58+00:00,,,,https://steamcommunity.com/app/2807960/discussions/0/581677784229781591/
steam,Heaven,reply,Battlefield 6,"I agree, I DOINT WANT TO PLAY AS A WOMAN. THIS FORCING ME TO PLAY AS ONE IS OBNOXIOUS",2026-07-25T18:33:37+00:00,,,,https://steamcommunity.com/app/2807960/discussions/0/581677784229781591/
steam,xKRISBUDx,reply,Battlefield 6,"It's a easy fix , DEVs could just give a simple option to Choose Male or Female .",2026-07-25T18:35:25+00:00,,,,https://steamcommunity.com/app/2807960/discussions/0/581677784229781591/
steam,Leeroy Tankins,reply,Battlefield 6,"This is one of my biggest gripes with the game. I thought I could drown out the sound and ignore it but it still gets very old hearing the high pitched shrieking constantly. I exclusively play Support so every time I'm on NATO I hear nothing but women kvetching all game long. It's actually absurd when you take into account that women worldwide make up around 0.01% of the frontlines infantry.I figured they would stay in this lane after the 2042 debacle. The four best characters on that game were all women. Falck, Sundance, Blasco, Paik. That's all you'd hear every match lmao",2026-07-25T18:56:06+00:00,,,,https://steamcommunity.com/app/2807960/discussions/0/581677784229781591/
steam,I_Am_The_One_Who_Knocks,reply,Battlefield 6,"Wow, they deleted my comment???? What the actual f**k? Amazing.",2026-07-25T19:00:42+00:00,,,,https://steamcommunity.com/app/2807960/discussions/0/581677784229781591/
steam,Biblically_Accurate_Angel,reply,Battlefield 6,"Originally posted by I_Am_The_One_Who_Knocks:Wow, they deleted my comment???? What the actual f**k? Amazing. They do that regularly. People are so soft... I got a warning earlier because I said ""I got a gigantic facepalm I can't believe you said that""... apparently my comment was offensive.",2026-07-25T19:04:02+00:00,,,,https://steamcommunity.com/app/2807960/discussions/0/581677784229781591/
steam,xKRISBUDx,reply,Battlefield 6,"Originally posted by Biblically_Accurate_Angel:Originally posted by I_Am_The_One_Who_Knocks:Wow, they deleted my comment???? What the actual f**k? Amazing. They do that regularly. People are so soft... I got a warning earlier because I said ""I got a gigantic facepalm I can't believe you said that""... apparently my comment was offensive. Yes this modern age has a weak mindset at times, I had a recent comment took down because dude said anything above 60hz /fps does nothing and I posted a link to the ufo test and simply said if you can't see the difference then maybe you need glasses or new monitor . I was being polite....",2026-07-25T19:07:53+00:00,,,,https://steamcommunity.com/app/2807960/discussions/0/581677784229781591/
steam,Leeroy Tankins,reply,Battlefield 6,"Originally posted by xKRISBUDx:Originally posted by Biblically_Accurate_Angel:They do that regularly. People are so soft... I got a warning earlier because I said ""I got a gigantic facepalm I can't believe you said that""... apparently my comment was offensive. Yes this modern age has a weak mindset at times, I had a recent comment taking down because dude said anything above 60hz /fps does nothing and I posted a link to the ufo test and simply said if you can't see the difference then maybe you need glasses or new monitor . I was even being polite.... He's right that the difference is minimal. A good player at 60fps will still beat average players at 240hz every single time in a 1v1. Only problem is when you run into someone at an equal skill level who's running the game at 240hz. You will lose that 1v1 probably 60% of the time. But it's mostly a cope argument, skill and movement/positioning is infinitely more important than hardware. That said, I'm at 240hz now and I can never go back to 60hz.",2026-07-25T19:18:30+00:00,,,,https://steamcommunity.com/app/2807960/discussions/0/581677784229781591/
steam,DrunkWolf,reply,Battlefield 6,"Originally posted by xKRISBUDx:It's a easy fix , DEVs could just give a simple option to Choose Male or Female . or they can do like blizzard and pick body type A or body type B so the they/thems heads dont explode.",2026-07-25T19:37:46+00:00,,,,https://steamcommunity.com/app/2807960/discussions/0/581677784229781591/
steam,Qc_Side_effects,reply,Battlefield 6,skins are ugly AI pieces of crap and yes Woman sound all over the place is kinda weirds .i woulds like to chose eithers sex of each skins . woulds be more convenients and respectfuls to everyone . you also need an option That desactivate female voice all over the place . Just add a check box : Conservative or Woke in the option menu,2026-07-25T20:11:45+00:00,,,,https://steamcommunity.com/app/2807960/discussions/0/581677784229781591/
steam,blueice,reply,Battlefield 6,"Originally posted by I_Am_The_One_Who_Knocks:Wow, they deleted my comment???? What the actual f**k? Amazing. Yah - I'm seeing comments being deleted more in the bf6 forum. Had some toxic people come at me. Responded asking why their posts are so toxic (giving some examples from their history). Mods just deleted my response, yet kept their toxic posts on the forum. It's getting pretty weird here.",2026-07-25T20:16:32+00:00,,,,https://steamcommunity.com/app/2807960/discussions/0/581677784229781591/
steam,blueice,reply,Battlefield 6,"Originally posted by Biblically_Accurate_Angel:Originally posted by I_Am_The_One_Who_Knocks:Wow, they deleted my comment???? What the actual f**k? Amazing. They do that regularly. People are so soft... I got a warning earlier because I said ""I got a gigantic facepalm I can't believe you said that""... apparently my comment was offensive. It's worse than. It's extremely inconsistent and even biased. I see people posting hateful/rude personal attack comments against others. Their post remains. Meanwhile you say something even subtle and it gets deleted. No idea what's going on with the steam forum system.",2026-07-25T20:17:52+00:00,,,,https://steamcommunity.com/app/2807960/discussions/0/581677784229781591/
steam,Lunaris,post,Battlefield 6,"the amount of times someone sneaks up behind me in this game is wild, I'm on Tsuru Reef the biggest freaking map in the game and still mfs sneak up behind me like 3 times in a row, yet I'm never able to catch anyone by surprise they all see me coming somehow cmon man this is bs",2026-07-29T16:44:03+00:00,,,,https://steamcommunity.com/app/2807960/discussions/0/581678128090370737/
steam,"Hades, The Hated",reply,Battlefield 6,"theres just odd players in some matches that LOVE to go around the map on the furthest edges and crouch walk everywhere and use boats to camp the other teams spawn. I've been in a team with these type of players and its an experience lol.but if you play aggressive in some spots, youll get the jump on people quite a bit once you play the map and learn its little routes. there also seems to be a audio issue on the map, you dont hear people as far as you normally would on other maps, its quite odd but maybe that was fixed in this weeks update :shrug:",2026-07-29T16:55:28+00:00,,,,https://steamcommunity.com/app/2807960/discussions/0/581678128090370737/
steam,CALAMANSI,reply,Battlefield 6,Skill gap bro I have 0 issues,2026-07-29T17:00:43+00:00,,,,https://steamcommunity.com/app/2807960/discussions/0/581678128090370737/
steam,xCrossFaith,reply,Battlefield 6,"If that was true, by pure probability, you are one of those cheaters as wellThe ""everyone except me is cheating"" narrative simply doesn't hold upThere is no shortage of stuff to have you spotted so it's quite normal for the other team to know where you are quite consistently",2026-07-29T17:04:33+00:00,,,,https://steamcommunity.com/app/2807960/discussions/0/581678128090370737/
steam,Lunaris,reply,Battlefield 6,"Originally posted by xCrossFaith:If that was true, by pure probability, you are one of those cheaters as wellThe ""everyone except me is cheating"" narrative simply doesn't hold upThere is no shortage of stuff to have you spotted so it's quite normal for the other team to know where you are quite consistently except that nobody spots ♥♥♥♥ in this game because they all play like it's COD...if people were actually pressing Q I wouldn't get tanks and helicopters sneaking up on me all the time",2026-07-29T17:14:09+00:00,,,,https://steamcommunity.com/app/2807960/discussions/0/581678128090370737/
steam,Yasahi,reply,Battlefield 6,"Originally posted by Lunaris:the amount of times someone sneaks up behind me in this game is wild, I'm on Tsuru Reef the biggest freaking map in the game and still mfs sneak up behind me like 3 times in a row, yet I'm never able to catch anyone by surprise they all see me coming somehow cmon man this is bs You're spotted. They either see you on the map or go looking for where you last were when you shot. That's especially true if you're not running a suppressor or have a scope with a glint. And if you're shooting, tracers will also give you away from a distance.Tsuru Reef has lots of helicopters, planes and Recon players. Recon specifically can spot you from miles away if they happen to aim at you even for a moment. Not to mention all the drones that they're flying on such a map.",2026-07-29T17:17:03+00:00,,,,https://steamcommunity.com/app/2807960/discussions/0/581678128090370737/
steam,Recalcitrant,reply,Battlefield 6,"Haha, more funny cuz he really thinks this....Maybe try covert ops recon with a silenced smg with silent rounds and then only crouch?saying mad cuz bad is too ez for this one.",2026-07-29T17:20:16+00:00,,,,https://steamcommunity.com/app/2807960/discussions/0/581678128090370737/
steam,Lunaris,reply,Battlefield 6,"Originally posted by Yasahi:Originally posted by Lunaris:the amount of times someone sneaks up behind me in this game is wild, I'm on Tsuru Reef the biggest freaking map in the game and still mfs sneak up behind me like 3 times in a row, yet I'm never able to catch anyone by surprise they all see me coming somehow cmon man this is bs You're spotted. They either see you on the map or go looking for where you last were when you shot. That's especially true if you're not running a suppressor or a scope with a glint. And if you're shooting, tracers will also give you away from a distance.Tsuru Reef has lots of helicopters, planes and Recon players. Recon specifically can spot you from miles away if they happen to aim at you even for a moment. Not to mention all the drones that they're flying on such a map. so only the enemy players are pressing Q when I play ?? why do I almost never get the jump on someone when I play against PC users ??",2026-07-29T17:22:03+00:00,,,,https://steamcommunity.com/app/2807960/discussions/0/581678128090370737/
steam,シ Zloy1Ded 永遠,reply,Battlefield 6,"matches full of casual players > or player who drink a lot of beer , that f true",2026-07-29T17:24:52+00:00,,,,https://steamcommunity.com/app/2807960/discussions/0/581678128090370737/
steam,Yasahi,reply,Battlefield 6,"Originally posted by Lunaris:Originally posted by Yasahi:You're spotted. They either see you on the map or go looking for where you last were when you shot. That's especially true if you're not running a suppressor or a scope with a glint. And if you're shooting, tracers will also give you away from a distance.Tsuru Reef has lots of helicopters, planes and Recon players. Recon specifically can spot you from miles away if they happen to aim at you even for a moment. Not to mention all the drones that they're flying on such a map. so only the enemy players are pressing Q when I play ?? why do I almost never get the jump on someone when I play against PC users ?? There's many things/ways of spotting that do not require anyone pressing Q. Recon looking at you is one. You shooting your gun = you show up on the map. If you're not running a suppressor you show up on the map for anyone within what, 150 meters. A suppressor drops that to 21m. If you're not running a flash hider or a suppressor, you also get the ""dorito"" on your head when you shoot.And yes, PC players are on average better than console users. While most of them have trouble figuring out how to shoot or look at their minimap or really anything happening around them, they still do spot people more than the average console player that is corner camping prone in some obscure spot for half the match.",2026-07-29T18:01:47+00:00,,,,https://steamcommunity.com/app/2807960/discussions/0/581678128090370737/
steam,haeldy18,reply,Battlefield 6,100% skillgap,2026-07-29T18:11:39+00:00,,,,https://steamcommunity.com/app/2807960/discussions/0/581678128090370737/
steam,Lunaris,reply,Battlefield 6,"Originally posted by Yasahi:Originally posted by Lunaris:so only the enemy players are pressing Q when I play ?? why do I almost never get the jump on someone when I play against PC users ?? There's many things/ways of spotting that do not require anyone pressing Q. Recon looking at you is one. You shooting your gun = you show up on the map. If you're not running a suppressor you show up on the map for anyone within what, 150 meters. A suppressor drops that to 21m. If you're not running a flash hider or a suppressor, you also get the ""dorito"" on your head when you shoot.And yes, PC players are on average better than console users. While most of them have trouble figuring out how to shoot or look at their minimap or really anything happening around them, they still do spot people more than the average console player that is corner camping prone in some obscure spot for half the match. I'm an LMG user with silencers on all my guns. I try to reduce my visibility as much as possible when I move around, none of that seems to matter.one day I'd have decent games, and the next day everyone is beaming me from the back , like today. And every time that happens it's against PC players. Seems odd.and no console players are no as bad as you want to make it sound, find another argument. I've had some sweaty console matches that you wouldn't believe.",2026-07-29T18:24:52+00:00,,,,https://steamcommunity.com/app/2807960/discussions/0/581678128090370737/
steam,Sondergaard珍妮,reply,Battlefield 6,"Skill issue, focus on getting better.",2026-07-29T18:28:04+00:00,,,,https://steamcommunity.com/app/2807960/discussions/0/581678128090370737/
steam,Lunaris,reply,Battlefield 6,"Originally posted by Sondergaard珍妮:Skill issue, focus on getting better. it doesn't feel like a skill issue. It feels more like a wallhackers issue.",2026-07-29T18:29:37+00:00,,,,https://steamcommunity.com/app/2807960/discussions/0/581678128090370737/
steam,BFcrakcokaine,reply,Battlefield 6,"Originally posted by Yasahi:Originally posted by Lunaris:the amount of times someone sneaks up behind me in this game is wild, I'm on Tsuru Reef the biggest freaking map in the game and still mfs sneak up behind me like 3 times in a row, yet I'm never able to catch anyone by surprise they all see me coming somehow cmon man this is bs You're spotted. They either see you on the map or go looking for where you last were when you shot. That's especially true if you're not running a suppressor or have a scope with a glint. And if you're shooting, tracers will also give you away from a distance.Tsuru Reef has lots of helicopters, planes and Recon players. Recon specifically can spot you from miles away if they happen to aim at you even for a moment. Not to mention all the drones that they're flying on such a map. Too much common sense!",2026-07-29T18:38:07+00:00,,,,https://steamcommunity.com/app/2807960/discussions/0/581678128090370737/
steam,DusktheDragon,reply,Battlefield 6,"1000% skill issue buddy. I still have yet to run into any verified cheaters on my end, and I play nearly every day since launch.",2026-07-29T19:03:04+00:00,,,,https://steamcommunity.com/app/2807960/discussions/0/581678128090370737/
steam,蕎麥 🐕‍🦺,reply,Apex Legends,"Originally posted by system:The majority of PC Players also use Controller, turning off crossplay it's pointless. its a general idea, if they actually wanted to do something about it they can find ways to separate inputs",2026-07-29T16:28:43+00:00,,,,https://steamcommunity.com/app/1172470/discussions/0/592937047299258949/
steam,Infuse,reply,Apex Legends,"Controller on PC should be banned or at least have ZERO aim assist. We have had better FPS games without this bs controller aimbot, we dont need it here either.",2026-07-29T16:30:06+00:00,,,,https://steamcommunity.com/app/1172470/discussions/0/592937047299258949/
steam,srcq,reply,Apex Legends,"Kids are crying on aim-assist in a game where 70% of the community is on consoles, how ridiculous, you have a terrible matchmaking system where preds play against plat and below, you have a terrible balance, terrible servers, but you're still complaining about AA (I remind you that AA on PC is 0.3%)I've said this many times, but it's a fact, take AA out of the game, a weak player will continue to s*ck on a strong one because he's weak)I personally don't care who plays on which input. What's important to me is that it's legal. When players get too cocky and start using third-party software (xim, cronus, zen), that's a problem (this applies to both inputs) When new accounts are registered, and classic cheats are used, that's the sh*t we really need to deal with.But we'll continue to complain about aim-assist)))Guys, just get better, if you like the game, what's the problem with improving it?When I started playing, I didn't even know that controllers or anyone else was playing against me, I just played and had fun (which I can't have anymore)Only obvious cheaters/smurfs caused problems for me",2026-07-29T18:44:16+00:00,,,,https://steamcommunity.com/app/1172470/discussions/0/592937047299258949/
steam,srcq,reply,Apex Legends,"Originally posted by 蕎麥 🐕‍🦺:solution to this drama is simple, just turn off crossplay for default playersconsole players yap about how M&K has crazy movement and M&K players yap about aim assistmy opinion on this matter is 2 different platforms shouldnt share a common playground especially in ranked, what makes aim assist really big of an issue is crazy movement is only can be done by pro/high rank players while aim assist is available for every single console player, most people cant play around that, pros/preds can abuse the M&K movement to the max and can play around aim assist easily, average/casual players can not which latter makes up most of the playerbase, so theres much more crying What about the PC controller players?Where do you suggest we put them? And how easily you suggest separating 70% of the community from yourself lmao",2026-07-29T19:00:27+00:00,,,,https://steamcommunity.com/app/1172470/discussions/0/592937047299258949/
steam,_roodd,reply,Apex Legends,Gibby coz it's the only one i've got lol,2026-07-29T18:52:11+00:00,,,,https://steamcommunity.com/app/1172470/discussions/0/588433527532450977/
steam,DiviisioN,post,Apex Legends,"Played Ash all the other seasons, and at the start of Season 25 it says it's locked, but I unlocked her before. Also there is no icon in the UI of option to unlock the Ash, which I've actually unlocked and played normally before Season 25 update.",2025-05-12T00:57:28+00:00,,,,https://steamcommunity.com/app/1172470/discussions/0/595148763657438750/
steam,DiviisioN,reply,Apex Legends,"(BUG) Unable to play AshI can't play the Ash. I've unlocked the Ash and all legends in the game. I was searching about this through forums, and actually found out that it was happening to other players too. One of the players who had this issued said that he was unable to play the Ash for 2 seasons. Please fix this issue, because I can't even play the legend which I've unlocked, while the others can, and this is a very unpleasant bug in the game.",2025-05-09T20:52:45+00:00,,,,https://steamcommunity.com/app/1172470/discussions/0/595148763657438750/
steam,DiviisioN,reply,Apex Legends,"Since the Season 25 update, Ash in the legends menu is locked, which I was able to play all other Seasons. It happened to me, but not to many other players. It says it's locked like it was never unlocked, even when I played her other seasons, and unlocked her long time ago. when I select on the Ash in the legends menu, it asks me for unlocking her, after I click on her there's no icon for unlocking her on the place where should be legendary tokens or coins. It's a bug, and I can't play the Ash, while many others can, please fix this issue.",2025-05-09T21:45:10+00:00,,,,https://steamcommunity.com/app/1172470/discussions/0/595148763657438750/
steam,DiviisioN,reply,Apex Legends,Picture link:https://steamcommunity.com/sharedfiles/filedetails/?id=3530099713,2025-05-12T01:01:19+00:00,,,,https://steamcommunity.com/app/1172470/discussions/0/595148763657438750/
steam,Crawfather,reply,Apex Legends,I think he wants to play the Ash,2025-05-12T22:17:12+00:00,,,,https://steamcommunity.com/app/1172470/discussions/0/595148763657438750/
steam,MOD_SidZapen,reply,Apex Legends,Hello there! Do you still have this issue?,2025-05-13T07:53:48+00:00,,,,https://steamcommunity.com/app/1172470/discussions/0/595148763657438750/
steam,DiviisioN,reply,Apex Legends,"Originally posted by MOD_SidZapen:Hello there! Do you still have this issue? Yes, I think something in game triggered a bug for some players.",2025-05-13T10:47:27+00:00,,,,https://steamcommunity.com/app/1172470/discussions/0/595148763657438750/
steam,MOD_SidZapen,reply,Apex Legends,"Originally posted by Odyssey:Originally posted by MOD_SidZapen:Hello there! Do you still have this issue? Yes, I think something in game triggered a bug for some players. Thank you for the information. I've sent it over to the team.",2025-05-14T18:14:42+00:00,,,,https://steamcommunity.com/app/1172470/discussions/0/595148763657438750/
steam,DiviisioN,reply,Apex Legends,"Originally posted by MOD_SidZapen:Originally posted by Odyssey:Yes, I think something in game triggered a bug for some players. Thank you for the information. I've sent it over to the team. Thanks, I appreciate it.",2025-05-14T19:19:47+00:00,,,,https://steamcommunity.com/app/1172470/discussions/0/595148763657438750/
steam,DieFuchzMuxFlux,reply,Apex Legends,My ash is also locked,2025-05-16T16:37:51+00:00,,,,https://steamcommunity.com/app/1172470/discussions/0/595148763657438750/
steam,DiviisioN,reply,Apex Legends,I'm still having this issue.,2025-05-22T04:52:08+00:00,,,,https://steamcommunity.com/app/1172470/discussions/0/595148763657438750/
steam,MOD_SidZapen,reply,Apex Legends,Originally posted by xReigNz:I'm still having this issue. Thanks for the update. I'll send another remind you and update you when I have new information.,2025-05-22T19:27:45+00:00,,,,https://steamcommunity.com/app/1172470/discussions/0/595148763657438750/
steam,Goldtooth™,reply,Apex Legends,He wants to play The Ash,2025-05-23T04:26:01+00:00,,,,https://steamcommunity.com/app/1172470/discussions/0/595148763657438750/
steam,MOD_SidZapen,reply,Apex Legends,"Originally posted by xReigNz:Originally posted by MOD_SidZapen:Thank you for the information. I've sent it over to the team. Thanks, I appreciate it. Originally posted by ApexPredator#01:My ash is also locked Hey! Sorry for the late reply. Just wanted to check if both of you guys got Ash from the free Ash pack?",2025-05-30T14:49:13+00:00,,,,https://steamcommunity.com/app/1172470/discussions/0/595148763657438750/
steam,DiviisioN,reply,Apex Legends,"Originally posted by MOD_SidZapen:Originally posted by xReigNz:Thanks, I appreciate it. Originally posted by ApexPredator#01:My ash is also locked Hey! Sorry for the late reply. Just wanted to check if both of you guys got Ash from the free Ash pack? I've actually unlocked Ash for legendary tokens long time ago.",2025-05-31T14:18:32+00:00,,,,https://steamcommunity.com/app/1172470/discussions/0/595148763657438750/
steam,MOD_SidZapen,reply,Apex Legends,Originally posted by ApexPredator#01:My ash is also locked Please share your EA username so we can look into this.,2025-06-10T20:15:55+00:00,,,,https://steamcommunity.com/app/1172470/discussions/0/595148763657438750/
steam,MOD_SidZapen,reply,Apex Legends,"The best way to provide the team quality reports is by completing these troubleshooting steps thoroughly, and then post the following information over in this thread if nothing works:- Driver Version- Specs- Region- Windows VersionWe also gathered some workarounds over there, which could be helpful if basic troubleshooting doesn't work.",2026-07-29T18:47:28+00:00,,,,https://steamcommunity.com/app/1172470/discussions/0/588433527532430193/
steam,ACEBOY A-T-R,post,Apex Legends,Solo Diamond unplayable matchmaking is beyond crazy.I would fire the whole Balancing team and matchmaking team Apex simply dont care for Solos its like as soon as you come diamond as solo the system says doesnt matter how good you are i simply give u the worst diamond online right now cuz you are not allowed to get higher because if you dont carry these trashbags with you in 95% of games you might be not worth to get master.,2026-07-29T16:50:15+00:00,,,,https://steamcommunity.com/app/1172470/discussions/0/588433527532486996/
steam,whyarewestillhere,reply,Apex Legends,Originally posted by ACEBOY A-T-R:Solo Diamond unplayable matchmaking is beyond crazy.I would fire the whole Balancing team and matchmaking team Apex simply dont care for Solos its like as soon as you come diamond as solo the system says doesnt matter how good you are i simply give u the worst diamond online right now cuz you are not allowed to get higher because if you dont carry these trashbags with you in 95% of games you might be not worth to get master. impossible without a 3 stack randoms are just unpredictable and too aggressive. just had a octane try to 1v3 for lolz then proceed to rage into the mic after it became a 2v3 and we lost,2026-07-29T17:09:00+00:00,,,,https://steamcommunity.com/app/1172470/discussions/0/588433527532486996/
steam,ACEBOY A-T-R,reply,Apex Legends,"yeah idk something is ♥♥♥♥♥♥ cuz in all the previous seasons i had actually a little bit trust in my mates cuz they were able to kill ppl but now so many games mates dont have a single knock or assist or kill and die literly first peek, or are so much out of position that even if you get 3v2 2 kills cuz your getting pushed he wont be there in time and just run. good example too is when you get 1 knock and push with 1 mate but dont see that the third mate didnt move at all and u end up in a 3v2 cuz he tought he rather stay safe and shoot them from there and throw away a whole free fight just cuz they think your play is wrong and they just sell you and throw away the game",2026-07-29T17:50:17+00:00,,,,https://steamcommunity.com/app/1172470/discussions/0/588433527532486996/
steam,Iury ⁹⁹⁹,reply,Apex Legends,concordo,2026-07-29T18:19:02+00:00,,,,https://steamcommunity.com/app/1172470/discussions/0/588433527532486996/
steam,MOD_SidZapen,reply,Apex Legends,"Witi this test, we wanted to prioritize fairness first as the constraint to understand how it affects matchmaking improvements.I can see, however, that for most people here, climbing through Diamond as a solo player felt unfair. Specifically because you report getting often paired with low quality teammates, forcing you to carry the team to progress further. I will be sure to share this sentiment with the team.Ultimately, this was just one test to address the main pain points. If the test results don't point to this being a long-term solution, we'll evaluate our other approaches to solve this issue.",2026-07-29T19:11:06+00:00,,,,https://steamcommunity.com/app/1172470/discussions/0/588433527532486996/
steam,Утюг спаси и сохрани (input lag),reply,Apex Legends,Skill issue. Just use RE-45 too.,2026-07-29T15:15:02+00:00,,,,https://steamcommunity.com/app/1172470/discussions/0/592936781602672071/
steam,Bloompkh.tv,reply,Apex Legends,"Originally posted by Утюг спаси и сохрани (input lag):Skill issue. Just use RE-45 too. айкью 200, если ган имба - используй его тоже бож скилл ишью чееел(((( , не удивлен что у тебя префикс (инпут лаг)",2026-07-29T16:25:03+00:00,,,,https://steamcommunity.com/app/1172470/discussions/0/592936781602672071/
steam,Утюг спаси и сохрани (input lag),reply,Apex Legends,And that's why we have Bloodhound scan or scan in general. Not taking a nitro gate slide sound into account.Scan meta returns. Hooray!,2026-07-29T15:13:32+00:00,,,,https://steamcommunity.com/app/1172470/discussions/0/588433527532474219/
steam,KiT2142,reply,Apex Legends,"On top of that the BH scan is invisible, and BH turns invisible after kill",2026-07-29T15:15:04+00:00,,,,https://steamcommunity.com/app/1172470/discussions/0/588433527532474219/
steam,Tobaccat,reply,Apex Legends,"Developers just cannot understand what they do. Axle is Horizon all over again. And Horizon was in absolute overpowered state for 2 whole years.No need to worry, game is doomed.",2026-07-29T15:16:42+00:00,,,,https://steamcommunity.com/app/1172470/discussions/0/588433527532474219/
steam,Aimee,reply,Apex Legends,"Nope worried as well that i might have to stop playing apex.Only got into it a few seasons ago as well.I cant see any way how Bloodhound ultimate can be fun to play with or against, seems very broken not to mention making wallhacking even more common.I have not been with the community that long, but this seems by far the worst change they will add to the game. Even worse than being permanently stunned by Seer Q.",2026-07-29T15:40:43+00:00,,,,https://steamcommunity.com/app/1172470/discussions/0/588433527532474219/
steam,Aimee,reply,Apex Legends,"It almost seems like an ability solely added for people who cheat in the game, rather than something thats intended to be fun for anyone outside of that.Either the cloak is too strong and it will break the game, or its too weak and everyone can easly see it and shoot the cloaked players. There is no inbetween for abilities like this.",2026-07-29T15:43:09+00:00,,,,https://steamcommunity.com/app/1172470/discussions/0/588433527532474219/
steam,蕎麥 🐕‍🦺,reply,Apex Legends,"invisibility on paper sounds cool but i dont think it belongs to apex, it can be balanced/tweaked with small things like if they shoot or get shot their invisibility ends etc. but still i dont think it was necessary, looking on the brightside at least it will be a good esp/wh check",2026-07-29T16:22:47+00:00,,,,https://steamcommunity.com/app/1172470/discussions/0/588433527532474219/
steam,76561198117775829,post,Apex Legends,mY ♥♥♥♥♥ what's up,2026-07-29T15:47:48+00:00,,,,https://steamcommunity.com/app/1172470/discussions/0/588433527532482726/
steam,SydneyAngel,reply,EA Sports College Football 27,I play CUT a lot and there is no wait but the down side is the sweatyness of cut I dont know why CFP is so long i was on today and noticed it i thought i had strick nat and couldnt see people. EA servers are not good enough,2026-07-30T01:07:56+00:00,,,,https://steamcommunity.com/app/4032350/discussions/0/583929927904015365/
steam,mobofhurleys,post,EA Sports College Football 27,"Every time I update the game, it stops loading for a few days and I can't play.",2026-07-29T22:57:22+00:00,,,,https://steamcommunity.com/app/4032350/discussions/0/583929927904075647/
steam,BLACKNIGHT,post,Battlefield 6,Asking because the game is on sale until August 8th.,2026-07-28T21:16:46+00:00,,,,https://steamcommunity.com/app/2807960/discussions/0/581678051258070974/
steam,bleach demon,reply,Battlefield 6,"never gonna add hardcore, last game that had hardcore was 4 , and i think it got added in bf1 late into its life. only hope for good hardcore servers , is when we are able to rent and operate our own servers. but i dont think that is going to happen but since they dont track your stats in hardcore most wont play it anyway. save your money , game is a broken mess when it comes to hitreg , desync when going against console and infested with cheaters.",2026-07-28T22:28:45+00:00,,,,https://steamcommunity.com/app/2807960/discussions/0/581678051258070974/
steam,BLACKNIGHT,reply,Battlefield 6,I see thanks for the save,2026-07-28T22:58:31+00:00,,,,https://steamcommunity.com/app/2807960/discussions/0/581678051258070974/
steam,Swiffi,reply,Battlefield 6,Why official? There's plenty on server browser with full xp and everything.,2026-07-28T23:02:06+00:00,,,,https://steamcommunity.com/app/2807960/discussions/0/581678051258070974/
steam,Pointlockout~*,reply,Battlefield 6,"never, official mean they have to balance separate mode and they can't even balance Vanila properly.",2026-07-28T23:04:41+00:00,,,,https://steamcommunity.com/app/2807960/discussions/0/581678051258070974/
steam,BLACKNIGHT,reply,Battlefield 6,Originally posted by Swiffi:Why official? There's plenty on server browser with full xp and everything. There is? And stats are working and everything and no bots?,2026-07-28T23:33:15+00:00,,,,https://steamcommunity.com/app/2807960/discussions/0/581678051258070974/
steam,BLACKNIGHT,reply,Battlefield 6,Someone confirm quickly because of the sale xD,2026-07-30T01:58:34+00:00,,,,https://steamcommunity.com/app/2807960/discussions/0/581678051258070974/
steam,Bigdogg30111,post,Battlefield 6,Does any one have an issue with shoot someone you aim down site or hip fire and your gun doesn't fire up close battle ? I'm trying for figure out why the gun wont fire? is it a server thing not sure just looking for some insight,2026-07-30T01:51:27+00:00,,,,https://steamcommunity.com/app/2807960/discussions/0/581678128090404362/
steam,FadeFTW,post,Battlefield 6,i own it on ea i think its pretty nice just curious why its mixed on steam,2026-07-29T20:05:21+00:00,,,,https://steamcommunity.com/app/2807960/discussions/0/581678128090384764/
steam,SwifTst,reply,Battlefield 6,"Just people that can't adapt to it. No accountability for their own poor performance. So instead of taking the time to actually build some skills, they just whine and complain",2026-07-29T22:20:52+00:00,,,,https://steamcommunity.com/app/2807960/discussions/0/581678128090384764/
steam,Maximum Rambo,reply,Battlefield 6,"full of bugs, hit reg issues, bad netcode, vpn abusers, cronus kids on console, desync from console to pc.Game looks awesome plays like ♥♥♥♥",2026-07-29T22:49:34+00:00,,,,https://steamcommunity.com/app/2807960/discussions/0/581678128090384764/
steam,BurstShotzX,reply,Battlefield 6,because the servers are crap and it becomes unbearable to play. What is the point of increasing recoil when nothing actually hits.,2026-07-29T23:54:20+00:00,,,,https://steamcommunity.com/app/2807960/discussions/0/581678128090384764/
steam,EA_LunardustCat,reply,Battlefield 6,Glad to hear you’re enjoying the game.Different players will naturally have different experiences and expectations. Feedback from reviews and community discussions is still collected and shared with the studio. The team will continue working to improve the game over time.,2026-07-30T00:30:41+00:00,,,,https://steamcommunity.com/app/2807960/discussions/0/581678128090384764/
steam,Kronouir,reply,Battlefield 6,"Originally posted by Maximum Rambo:full of bugs, hit reg issues, bad netcode, vpn abusers, cronus kids on console, desync from console to pc.Game looks awesome plays like ♥♥♥♥ This. I've stopped playing regularly since S1 because of all of these issues since EA and the Battlefield Devs can't seem to figure out what made the games fun Pre-Battlefield 5. Might be a skill issue on my end, but i've encountered more than enough bugs, lag and players exploiting them. Sucks, but that's on me for trusting the dev team",2026-07-30T00:42:39+00:00,,,,https://steamcommunity.com/app/2807960/discussions/0/581678128090384764/
steam,Crooklynways,reply,Battlefield 6,"Originally posted by SwifTst:Just people that can't adapt to it. No accountability for their own poor performance. So instead of taking the time to actually build some skills, they just whine and complain Nonsense people are cheating",2026-07-30T00:47:10+00:00,,,,https://steamcommunity.com/app/2807960/discussions/0/581678128090384764/
steam,Hardcore Games™,reply,Battlefield 6,I dislike the problems with 8 loaders for 2500 games. The loaders are so bug riddled which is all the more reason to avoid.,2026-07-30T01:31:47+00:00,,,,https://steamcommunity.com/app/2807960/discussions/0/581678128090384764/
steam,Shintarox,reply,Battlefield 6,"to this point i hope battlefield and cod broke , ppl this days cheat that much taht there is no point in play shooters in any platform + devs r no even dice fking ea fire ppl to ceo pay him selft more",2026-07-30T01:37:34+00:00,,,,https://steamcommunity.com/app/2807960/discussions/0/581678128090384764/
steam,//JamSheed_The_RPG_God,reply,Battlefield 6,"Originally posted by EA_LunardustCat:Glad to hear you’re enjoying the game.Different players will naturally have different experiences and expectations. Feedback from reviews and community discussions is still collected and shared with the studio. The team will continue working to improve the game over time. yea except all you guys do is listen to the new age player base instead of the ones who have been here since bf 1942, your team has slowly been ruining this game with every season update, the maps have been pretty good but literally everything else is straight dog water. This game feels like cod more than battlefield with terrible net coding , lag compensation , poor server quality and for what ever reason your team thinks catering to the console children is gonna keep players around. this game becomes more and more insufferable with every update. Beta / launch was great , had issues but it was headed in the right direction, this game is in a horrible state. but your CEO's wont listen, we still dont have hardcore mode, we still dont have the ability to rent servers privately ( WHICH BELIEVE IT OR NOT IS SOMETHING THAT WOULD BOOST THE COMMUNITY BASE ) Open classes shouldnt be a thing, it was awful in 2042 and its awful in bf6, dedicated need to be the primary gameplay mechanic for battlefield, specific weapons for each class that have strengths and weaknesses based on the kit. its getting close to a year and we still dont have any of the key components and core mechanics that were promised at launch other than there being more destruction . All i can say is DO BETTER because this game is failing.",2026-07-30T01:45:55+00:00,,,,https://steamcommunity.com/app/2807960/discussions/0/581678128090384764/
steam,BingusDingus,reply,Battlefield 6,"Originally posted by Maximum Rambo:full of bugs, hit reg issues, bad netcode, vpn abusers, cronus kids on console, desync from console to pc.Game looks awesome plays like ♥♥♥♥ Haven't had a single one of those issues.After a certain point it begins to look like a smear campaign rather than genuine criticism.",2026-07-30T01:50:25+00:00,,,,https://steamcommunity.com/app/2807960/discussions/0/581678128090384764/
steam,NullClanker,post,Battlefield 6,gl;hf,2026-07-30T01:44:48+00:00,,,,https://steamcommunity.com/app/2807960/discussions/0/581678128090404018/
steam,NullClanker,reply,Battlefield 6,"jfc, ya'll want some crash logs or something?",2026-07-30T01:49:10+00:00,,,,https://steamcommunity.com/app/2807960/discussions/0/581678128090404018/
steam,MOD_SidZapen,reply,Apex Legends,Hey everyone. Just wanted to say that I've shared your concerns and skepticism with the team.,2026-07-29T19:29:23+00:00,,,,https://steamcommunity.com/app/1172470/discussions/0/588433527532474219/
steam,MoodyRocket,reply,Apex Legends,"There must be a penalty to cloaking your team, for example when your team is cloaked they no longer have shields during that period,, otherwise it will be ridiculous.",2026-07-29T20:23:07+00:00,,,,https://steamcommunity.com/app/1172470/discussions/0/588433527532474219/
steam,_ShâdowyLight_,reply,Apex Legends,"Originally posted by MoodyRocket:There must be a penalty to cloaking your team, for example when your team is cloaked they no longer have shields during that period,, otherwise it will be ridiculous. The only penalty I can think of is flickering similar to Crypto. But in the heat of the moment, it might be hard to notice.The ONE good thing I can think of is that perhaps AA can't activate on cloaked targets.",2026-07-29T20:30:22+00:00,,,,https://steamcommunity.com/app/1172470/discussions/0/588433527532474219/
steam,Jango,reply,Apex Legends,Originally posted by MOD_SidZapen:Hey everyone. Just wanted to say that I've shared your concerns and skepticism with the team. Yea take away invisibility in a “comp” fps. Mirage is already haha annoying with his.,2026-07-29T21:44:52+00:00,,,,https://steamcommunity.com/app/1172470/discussions/0/588433527532474219/
steam,whyarewestillhere,reply,Apex Legends,Originally posted by _ShâdowyLight_:Bloodhound will be able to cloak his team... Can you imagine an Axle team cloaked sliding at you? So many additions the past year have been super unhealthy for the game. Am I the only one worried about Bloodhound right now? Originally posted by MOD_SidZapen:Hey everyone. Just wanted to say that I've shared your concerns and skepticism with the team. stop making invis characters and movement legends..breaks the game's speed. we need more legends that can punish apeing,2026-07-30T00:09:49+00:00,,,,https://steamcommunity.com/app/1172470/discussions/0/588433527532474219/
steam,Soggy,reply,Apex Legends,guys i found a solution to all these problems. do what i did. uninstall the game.,2026-07-30T01:21:36+00:00,,,,https://steamcommunity.com/app/1172470/discussions/0/588433527532474219/
steam,Kerous,post,Apex Legends,"I played TDM, can you imagine being so bored of br and wildcard even the control maps that suck that restore to TDM, the most boring and outdated game mode I still question why games put this in their game",2026-07-29T21:09:00+00:00,,,,https://steamcommunity.com/app/1172470/discussions/0/588433527532503581/
steam,Varyans,reply,Apex Legends,"This is a BR, mixtape is not including knock/revive anymore, so TDM, Control, Gun Run (this one may be excluded) and arenas should definately have knock/revie. Respawning is killing BR. If you can not mini BR, you also can not BR.",2026-07-30T01:08:42+00:00,,,,https://steamcommunity.com/app/1172470/discussions/0/588433527532503581/
steam,The Duke,reply,Apex Legends,"The aim assist fix is easy, you should only get aim assist when aiming. If you're hip firing, you get no AA. This would stop controller players from abusing the guns PC players hate playing against at close range.",2026-07-29T21:52:50+00:00,,,,https://steamcommunity.com/app/1172470/discussions/0/592937047299258949/
steam,Varyans,reply,Apex Legends,"Originally posted by 蕎麥 🐕‍🦺:solution to this drama is simple, just turn off crossplay for default playersconsole players yap about how M&K has crazy movement and M&K players yap about aim assistmy opinion on this matter is 2 different platforms shouldnt share a common playground especially in ranked, what makes aim assist really big of an issue is crazy movement is only can be done by pro/high rank players while aim assist is available for every single console player, most people cant play around that, pros/preds can abuse the M&K movement to the max and can play around aim assist easily, average/casual players can not which latter makes up most of the playerbase, so theres much more crying It was the only solution. Cheater, legal cheater are fused together, you can not distinguished them anymore. It is killing online fps gaming.",2026-07-30T01:05:48+00:00,,,,https://steamcommunity.com/app/1172470/discussions/0/592937047299258949/
steam,Gromes,post,Apex Legends,Я открываю игру и до входа в лобби у меня бесконечная загрузка. Как это исправить?,2026-07-29T20:13:07+00:00,,,,https://steamcommunity.com/app/1172470/discussions/0/588433527532500011/
steam,Chill Guy,reply,Apex Legends,впн включи и проверь,2026-07-29T20:26:08+00:00,,,,https://steamcommunity.com/app/1172470/discussions/0/588433527532500011/
steam,Gromes,reply,Apex Legends,Уже проверял всё так же,2026-07-29T20:36:33+00:00,,,,https://steamcommunity.com/app/1172470/discussions/0/588433527532500011/
steam,76561199383172884,reply,Apex Legends,флешку-с-компа-вытащимне-помогло-:),2026-07-30T00:59:57+00:00,,,,https://steamcommunity.com/app/1172470/discussions/0/588433527532500011/
steam,Jango,reply,Apex Legends,"Solo q test was great. Hit masters in 2 weeks, met some great people. Never ever solo q until they prioritize solo only MM.",2026-07-29T21:46:43+00:00,,,,https://steamcommunity.com/app/1172470/discussions/0/588433527532486996/
steam,Baron,post,Apex Legends,"For the love of god rework and balance the legends. Seer's Q can silence, slow, and not only reveal the enemies location but their HP as well????? Stop hyper stacking legends with 30 different abilities/passives, NOTHING is divided equal. Why isn't axle's Nitro gate her ultimate, one legend does not need a broken movement ability stacked ontop of a auto aim drone that stuns people for MULTIPLE seconds AND goes through shields.The balance of the legends is genuine insanity, stop ""fixing"" what isn't broken to begin with, how many lifeline reworks are there going to be until the devs realize their mistake? Remove the auto revive and bring back the revive shield with HP that has to recharge after it's broken.It used to be your aim and gun choice decided the fight outcome, now it's what legend you choose. Stop copying overwatch (why would you copy a game with mostly negative reviews to begin with?)- Increase the TTK - Remove level up perks entirely- Remove deathbox revive- Nerf or remove all AMPs (bottemless batteries -> additional battery/medkit capacity, overflow heal -> cells / syringes double heal like gold armor, infinite ammo needs to be locked to a single ammo type that isn't reversable). How come a battle royal ""HIGH STAKES"" gamemode has a thousand different hand holding comeback mechanics?",2026-07-02T02:39:59+00:00,,,,https://steamcommunity.com/app/1172470/discussions/0/561409322576428067/
steam,Baron,reply,Apex Legends,LESS = MORE. The game was 500 times more enjoyable when there were only 8 legends and none of this perk addon bs,2026-07-02T02:43:55+00:00,,,,https://steamcommunity.com/app/1172470/discussions/0/561409322576428067/
steam,Baron,reply,Apex Legends,"For context I've played this game since 2018. I quit immediately after they lowered the TTK and started learning League of Legends for gods sake, thats how much I hated the change. I started playing again 3 weeks ago and I'm about done with it again.",2026-07-02T02:47:49+00:00,,,,https://steamcommunity.com/app/1172470/discussions/0/561409322576428067/
steam,Jango,reply,Apex Legends,"Originally posted by Baron:For context I've played this game since 2018. I quit immediately after they lowered the TTK and started learning League of Legends for gods sake, thats how much I hated the change. I started playing again 3 weeks ago and I'm about done with it again. Yea the game is in a really bad spot and none of the devs care about fixing it. They won’t revert anything because they’re too far into the sinking ship. Power creep is horrible and they make the dumbest metas",2026-07-02T04:09:39+00:00,,,,https://steamcommunity.com/app/1172470/discussions/0/561409322576428067/
steam,RaginSam,reply,Apex Legends,"Respawn is trying to speed up the pacing of the game for some reason. Like it's been sped up repeatedly already with how respawns work for example. Now, it's becoming ridiculous. Regarding Legends, they really should just delete Axle and Seer, and the game would be so much better for it. Seer's tactical shouldn't stun whatsoever, it shouldn't disable abilities, and no way it should do 10 different things at once. He already has a heartbeat sensor that doesn't allow you to hide, then can highlight you through any geometry, how is that not enough? The spam thing shouldn't have made it into the game. Things like that is what destroys good faith in a community, and makes it impossible to take Respawn serious.I totally agree with the TTK sentiment as well. I don't understand how you can have 20 tick servers and still make these choices. Who in the hell at Respawn is making these decisions? Definitely not someone who has played the game once in their life. It's beyond painfully clear that's the case. If you want to be a manager of a game that you refuse to play, hire testers. Then listen to them. Hire competent gamers that actually understand and enjoy the game. If you're going to speed up a game like Apex, then you need to build a branch, spinoff, something new with the proper foundation to support that. 20 ticks isn't the foundation for a movement shooter. Especially one with insane amounts of lurching built into it.",2026-07-02T06:06:47+00:00,,,,https://steamcommunity.com/app/1172470/discussions/0/561409322576428067/
steam,76561199561850116,reply,Apex Legends,What I notice now how the devs have balanced many passives now is plain annoying. Its always some unrewarding annoying perk. So many animations take so long. Makes the game really slow and boring. Its probably to create tension and excitement but thats the wrong source for it. Its depraving the player of fun.,2026-07-02T19:22:17+00:00,,,,https://steamcommunity.com/app/1172470/discussions/0/561409322576428067/
steam,Khronikos,reply,Apex Legends,"The game is a complete and utter mess. All I wanted a year or two back was Straight Shot. Now the game is like some parody of the game I used to love lol.Like BF6, EA chased COD tiktok brain rot to the point where the game no longer resembles what everyone loved. And now it will start dying more and more, little by little until something is done or nothing is done. I don't care anymore.NA base is dwindling pretty hard except for the addicts and kids, and that's not a fun base to play solo with.",2026-07-02T19:30:33+00:00,,,,https://steamcommunity.com/app/1172470/discussions/0/561409322576428067/
steam,MOD_SidZapen,reply,Apex Legends,"Hey there. Regarding Seer, we've implemented the following changes:https://steamcommunity.com/games/1172470/announcements/detail/688635449342693044I will be addressing the rest of your feedback shortly.",2026-07-03T00:03:17+00:00,,,,https://steamcommunity.com/app/1172470/discussions/0/561409322576428067/
steam,Jango,reply,Apex Legends,"Originally posted by MOD_SidZapen:Hey there. Regarding Seer, we've implemented the following changes:https://steamcommunity.com/games/1172470/announcements/detail/688635449342693044I will be addressing the rest of your feedback shortly. Can you take away his double jump in ult.Also career stat trackers please ❤️",2026-07-03T00:06:53+00:00,,,,https://steamcommunity.com/app/1172470/discussions/0/561409322576428067/
steam,Baron,reply,Apex Legends,"I could give feedback about every legend in the game IF you would actually listen to it. I genuinely want this game to improve, my criticism is fueled by my love and memories of this game. I love Apex, but I also miss Apex, the game lost what made people love and enjoy it. It's not the same anymore.When I play Apex all I'm met with is frustration. Everything I loved about this game has changed for the worse. I loved how the legends used to be, every ability complimented them, the abilities enhanced your gunfights instead of overpowering them. No one ever complained about getting stunned by bangalore's missile barrage because it was straight forward and simple to dodge.Compare that to Axle's ultimate, it chases you down, even around corners. What can you possibly do against it when you're in the middle of a fight and getting shot at? Waste an entire mag, or should I run away while it chases me? I can't wait it out, if I stop and shoot it i'm instantly one-clipped by the enemy. THERES NO WAY OUT. HOW IS THAT NOT COMPLETELY OVERPOWERED? It goes against the fundamentals of the game.I've had enemies stop fighting back entirely after getting hit by my Axle ultimates because it takes no skill and completely sways the fight. Axle used her ult, please choose how to die.Genuinely look at each legends abilities, every original legend from release except for mirage is completely left behind. That doesn't mean I want them buffed though, bring the new legends down to their level and simplify things.",2026-07-03T01:17:13+00:00,,,,https://steamcommunity.com/app/1172470/discussions/0/561409322576428067/
steam,9,reply,Apex Legends,"Originally posted by Baron:I could give feedback about every legend in the game IF you would actually listen to it. I genuinely want this game to improve, my criticism is fueled by my love and memories of this game. I love Apex, but I also miss Apex, the game lost what made people love and enjoy it. It's not the same anymore.When I play Apex all I'm met with is frustration. Everything I loved about this game has changed for the worse. I loved how the legends used to be, every ability complimented them, the abilities enhanced your gunfights instead of overpowering them. No one ever complained about getting stunned by bangalore's missile barrage because it was straight forward and simple to dodge.Compare that to Axle's ultimate, it chases you down, even around corners. What can you possibly do against it when you're in the middle of a fight and getting shot at? Waste an entire mag, or should I run away while it chases me? I can't wait it out, if I stop and shoot it i'm instantly one-clipped by the enemy. THERES NO WAY OUT. HOW IS THAT NOT COMPLETELY OVERPOWERED? It goes against the fundamentals of the game.I've had enemies stop fighting back entirely after getting hit by my Axle ultimates because it takes no skill and completely sways the fight. Axle used her ult, please choose how to die.Genuinely look at each legends abilities, every original legend from release except for mirage is completely left behind. That doesn't mean I want them buffed though, bring the new legends down to their level and simplify things. I miss old Apex. I wish those in charge the game would listen to us. Oh well, keep playing or move on. They're clearly set in their ways. .... gotta ask yourself.... ""Just how addicted to this game am I? Enough to keep playing it?""",2026-07-03T04:08:50+00:00,,,,https://steamcommunity.com/app/1172470/discussions/0/561409322576428067/
steam,Baron,reply,Apex Legends,"Originally posted by U.R.Muted:Originally posted by Baron:I could give feedback about every legend in the game IF you would actually listen to it. I genuinely want this game to improve, my criticism is fueled by my love and memories of this game. I love Apex, but I also miss Apex, the game lost what made people love and enjoy it. It's not the same anymore.When I play Apex all I'm met with is frustration. Everything I loved about this game has changed for the worse. I loved how the legends used to be, every ability complimented them, the abilities enhanced your gunfights instead of overpowering them. No one ever complained about getting stunned by bangalore's missile barrage because it was straight forward and simple to dodge.Compare that to Axle's ultimate, it chases you down, even around corners. What can you possibly do against it when you're in the middle of a fight and getting shot at? Waste an entire mag, or should I run away while it chases me? I can't wait it out, if I stop and shoot it i'm instantly one-clipped by the enemy. THERES NO WAY OUT. HOW IS THAT NOT COMPLETELY OVERPOWERED? It goes against the fundamentals of the game.I've had enemies stop fighting back entirely after getting hit by my Axle ultimates because it takes no skill and completely sways the fight. Axle used her ult, please choose how to die.Genuinely look at each legends abilities, every original legend from release except for mirage is completely left behind. That doesn't mean I want them buffed though, bring the new legends down to their level and simplify things. I miss old Apex. I wish those in charge the game would listen to us. Oh well, keep playing or move on. They're clearly set in their ways. .... gotta ask yourself.... ""Just how addicted to this game am I? Enough to keep playing it?"" Sad but true. I'm just chasing nostalgia at this point, might be time to move on for good.",2026-07-03T04:28:31+00:00,,,,https://steamcommunity.com/app/1172470/discussions/0/561409322576428067/
steam,🆅🅴🅴,reply,Apex Legends,"Originally posted by RaginSam:Respawn is trying to speed up the pacing of the game for some reason. Like it's been sped up repeatedly already with how respawns work for example. Now, it's becoming ridiculous. Regarding Legends, they really should just delete Axle and Seer, and the game would be so much better for it. Seer's tactical shouldn't stun whatsoever, it shouldn't disable abilities, and no way it should do 10 different things at once. He already has a heartbeat sensor that doesn't allow you to hide, then can highlight you through any geometry, how is that not enough? The spam thing shouldn't have made it into the game. Things like that is what destroys good faith in a community, and makes it impossible to take Respawn serious.I totally agree with the TTK sentiment as well. I don't understand how you can have 20 tick servers and still make these choices. Who in the hell at Respawn is making these decisions? Definitely not someone who has played the game once in their life. It's beyond painfully clear that's the case. If you want to be a manager of a game that you refuse to play, hire testers. Then listen to them. Hire competent gamers that actually understand and enjoy the game. If you're going to speed up a game like Apex, then you need to build a branch, spinoff, something new with the proper foundation to support that. 20 ticks isn't the foundation for a movement shooter. Especially one with insane amounts of lurching built into it. Totally agree!",2026-07-03T05:31:16+00:00,,,,https://steamcommunity.com/app/1172470/discussions/0/561409322576428067/
steam,Khronikos,reply,Apex Legends,"Originally posted by U.R.Muted:Originally posted by Baron:I could give feedback about every legend in the game IF you would actually listen to it. I genuinely want this game to improve, my criticism is fueled by my love and memories of this game. I love Apex, but I also miss Apex, the game lost what made people love and enjoy it. It's not the same anymore.When I play Apex all I'm met with is frustration. Everything I loved about this game has changed for the worse. I loved how the legends used to be, every ability complimented them, the abilities enhanced your gunfights instead of overpowering them. No one ever complained about getting stunned by bangalore's missile barrage because it was straight forward and simple to dodge.Compare that to Axle's ultimate, it chases you down, even around corners. What can you possibly do against it when you're in the middle of a fight and getting shot at? Waste an entire mag, or should I run away while it chases me? I can't wait it out, if I stop and shoot it i'm instantly one-clipped by the enemy. THERES NO WAY OUT. HOW IS THAT NOT COMPLETELY OVERPOWERED? It goes against the fundamentals of the game.I've had enemies stop fighting back entirely after getting hit by my Axle ultimates because it takes no skill and completely sways the fight. Axle used her ult, please choose how to die.Genuinely look at each legends abilities, every original legend from release except for mirage is completely left behind. That doesn't mean I want them buffed though, bring the new legends down to their level and simplify things. I miss old Apex. I wish those in charge the game would listen to us. Oh well, keep playing or move on. They're clearly set in their ways. .... gotta ask yourself.... ""Just how addicted to this game am I? Enough to keep playing it?"" Fact is I am not addicted at all it turns out unless there is a great, balanced mode like Straight Shot and legends are balanced and fun.Destiny 2 became amazing again after the corporate suits backed off. PvP legit feels way more competitive with much less cheaters than this game. Still has great movement, TONS of options, and the guns feel amazing. Everything this game used to be really.Apex has fallen pretty hard IMO.",2026-07-03T22:09:10+00:00,,,,https://steamcommunity.com/app/1172470/discussions/0/561409322576428067/
steam,MOD_SidZapen,reply,Apex Legends,"Originally posted by Baron:I could give feedback about every legend in the game IF you would actually listen to it. I genuinely want this game to improve, my criticism is fueled by my love and memories of this game. I love Apex, but I also miss Apex, the game lost what made people love and enjoy it. It's not the same anymore.When I play Apex all I'm met with is frustration. Everything I loved about this game has changed for the worse. I loved how the legends used to be, every ability complimented them, the abilities enhanced your gunfights instead of overpowering them. No one ever complained about getting stunned by bangalore's missile barrage because it was straight forward and simple to dodge.Compare that to Axle's ultimate, it chases you down, even around corners. What can you possibly do against it when you're in the middle of a fight and getting shot at? Waste an entire mag, or should I run away while it chases me? I can't wait it out, if I stop and shoot it i'm instantly one-clipped by the enemy. THERES NO WAY OUT. HOW IS THAT NOT COMPLETELY OVERPOWERED? It goes against the fundamentals of the game.I've had enemies stop fighting back entirely after getting hit by my Axle ultimates because it takes no skill and completely sways the fight. Axle used her ult, please choose how to die.Genuinely look at each legends abilities, every original legend from release except for mirage is completely left behind. That doesn't mean I want them buffed though, bring the new legends down to their level and simplify things. These complaints are fair and hence the reason why we made an urgent change to Seer just yesterday. For vis (this is cited in my reply above)- We have seen the frustrations surrounding Seer and are making urgent changes. The above changes are meant to reduce the frequency with which you'll encounter Seer's Tactical. At split start, the the most picked Upgrades (2 Tac charges / reduced Tac cooldown in Ult) saw ~90% and ~80% pick rates, respectively. When combined, players have access to 2 Tac charges on a very short cooldown. By moving both to level 3, players can only have one. These changes should address complaints of Tactical spamming in Ult, while keeping the intended power of those two upgrades in place. As we discussed in our most recent Designer's Notes, Seer is a tricky Legend to balance, as a prominent Seer meta is an oppressive one; we will continue to monitor Seer's performance and make additional adjustments as necessary.I'll be sure to share the rest of everyone's feedback made here as promised, which I've organized like so:",2026-07-03T23:06:22+00:00,,,,https://steamcommunity.com/app/1172470/discussions/0/561409322576428067/
steam,MOD_SidZapen,reply,Apex Legends,"- Players argue that the game has strayed too far from its original design philosophy. They believe that at launch, abilities supplemented gunplay; today, legends like Axle and Seer feature overloaded kits that completely dictate the outcome of fights. - The community specifically called out Axle as an example of the above. They stated that Axle's drone ultimate feels like it has zero counter-play during a fight, as it chases players around corners and forces them to choose between getting stunned or getting shot while trying to destroy it.Feel free to add anything else you can think of.",2026-07-03T23:08:41+00:00,,,,https://steamcommunity.com/app/1172470/discussions/0/561409322576428067/
steam,Flomii,post,Apex Legends,♥♥♥♥♥♥♥ worst map ive ever seen!Fu Respawn,2026-07-29T19:47:03+00:00,,,,https://steamcommunity.com/app/1172470/discussions/0/588433527532498352/
steam,Xuddish,reply,Apex Legends,"it does not matter why people hot drop in any game mode.it is the harm it does to the game that is important.the game would have been much better if no one hot dropped.at this point hot droppers should be in a class of bannable offence, if people can not control themselves they got to be removed.",2026-07-29T12:49:08+00:00,,,,https://steamcommunity.com/app/1172470/discussions/0/3106896589759166616/
steam,miamew3,reply,The Sims 4,Cant say i have ever had this problem. Are you using mods?,2026-07-29T19:46:29+00:00,,,,https://steamcommunity.com/app/1222670/discussions/0/592937127158784006/
steam,Lady A,reply,The Sims 4,This is the first I'm hearing about this also. I'm on the EA forums semi regularly and have never seen this reported (on a vanilla game). Wish I had suggestions for you. :(,2026-07-30T00:31:23+00:00,,,,https://steamcommunity.com/app/1222670/discussions/0/592937127158784006/
steam,James3157,reply,The Sims 4,If you have autonomy turned off maybe that would help explain why?,2026-07-30T01:30:00+00:00,,,,https://steamcommunity.com/app/1222670/discussions/0/592937127158784006/
steam,II PETUSS II,post,Battlefield 6,"This is simply unbearable! The technical state of your game is appalling!I returned to the project after a break from Season 2. I downloaded the game, the shader compilation started, and at 27%, my computer froze and bluescreened. On the third try, the game launched normally. I played one match, and then the game froze again and bluescreened! I started looking for the problem, and there were a million options! I updated all the drivers, deleted all the old cache, disabled the processor's graphics card to avoid conflicts, but the game still freezes my computer!!! You're a huge studio that makes games with multi-million-dollar budgets, but your guys can't even play peacefully!FIX YOUR GAME",2026-07-29T16:30:35+00:00,,,,https://steamcommunity.com/app/2807960/discussions/0/581678128090369855/
steam,Kopr,reply,Battlefield 6,"I guess no one will fix this anymore, whatever you look at in the game, it doesn’t work :D and they supposedly want to release the game every year :D I don’t know how they plan to manage that, this will be fixed in like 2 years at their speed",2026-07-29T16:46:43+00:00,,,,https://steamcommunity.com/app/2807960/discussions/0/581678128090369855/
steam,EA_Barry,reply,Battlefield 6,"Something is up with your PC if it is Bluescreening. If you post a newly generated Dxdiag report here, we can take a look and likely suggest troubleshooting steps for you. You can link to it via Google Drive, etc., Dxdiag Thanks. EA_Barry.",2026-07-30T08:06:17+00:00,,,,https://steamcommunity.com/app/2807960/discussions/0/581678128090369855/
steam,Marked,reply,Battlefield 6,"Originally posted by EA_Barry:Something is up with your PC if it is Bluescreening. If you post a newly generated Dxdiag report here, we can take a look and likely suggest troubleshooting steps for you. You can link to it via Google Drive, etc., Dxdiag Thanks. EA_Barry. Will you guys fix the play menu bug? How about the leave black screen bug?",2026-07-30T08:07:50+00:00,,,,https://steamcommunity.com/app/2807960/discussions/0/581678128090369855/
steam,DOS32,post,Battlefield 6,I have:5900x4060ti 16gb32gbI can run the game on high but get same fps on low and barely using 60% of my GPU yet my cpu is 100% often.anything I can do to lighten the load on cpu for more fps? I have it capped at 60 but want to play at 100+,2026-07-23T06:59:39+00:00,,,,https://steamcommunity.com/app/2807960/discussions/0/581677493394723386/
steam,K&,reply,Battlefield 6,"it shouldnt be a bottleneck, maybe check what is using that much cpu in task manager? are u sure its only game that is using 100% cpu",2026-07-23T07:23:08+00:00,,,,https://steamcommunity.com/app/2807960/discussions/0/581677493394723386/
steam,B0.oB Cicherillo,reply,Battlefield 6,I have a 5600x with the same gpu and the gpu is always my bottleneck in every game,2026-07-23T07:23:55+00:00,,,,https://steamcommunity.com/app/2807960/discussions/0/581677493394723386/
steam,PawnSacrifice,reply,Battlefield 6,"Something's not right. I have a 5600X with a 3060ti and on Medium with DLSS 4.0 Quality am seeing 100-115 FPS and the GPU is the limit there. Visually Medium and Quality looked better than High and Balanced. Assuming, given the question, that you don't have an actual FPS cap at 60? Go into Windows Settings and make sure it's set the monitor FPS to the maximum possible, it will often default to 60.Do you have REBAR enabled?You could also try using the Nvidia app to provide the recommended settings and work from there. Also checked to make sure it's not using any overrides on the DLSS side. I mostly ignore the CPU % as it's unreliable, GPU will tell you what's what, when you get a better frame rate if the GPU isn't hitting 90+% increase the graphics quality until you hit the limit.",2026-07-23T07:24:52+00:00,,,,https://steamcommunity.com/app/2807960/discussions/0/581677493394723386/
steam,space,reply,Battlefield 6,https://pc-builds.com/bottleneck-calculator/result/10q1fR/ryzen-9-5900x/geforce-rtx-4060-ti/1920x1080/,2026-07-23T07:29:53+00:00,,,,https://steamcommunity.com/app/2807960/discussions/0/581677493394723386/
steam,DOS32,reply,Battlefield 6,seems to be using less than I thought yeh65% CPU65% gpuabsolutely cannot get over 80fps3400x1400low or high is the same.,2026-07-23T07:30:05+00:00,,,,https://steamcommunity.com/app/2807960/discussions/0/581677493394723386/
steam,PawnSacrifice,reply,Battlefield 6,"Try another game and see if you have the same problem - focus on the GPU%, CPU lies.Check Windows, Nvidia App, Game, and monitor to make sure no in game FPS caps anywhere / in a mode that limits FPS.Try using Nvidia app to set recommended settings for the game Try reinstalling the Nvidia drivers.",2026-07-23T07:49:25+00:00,,,,https://steamcommunity.com/app/2807960/discussions/0/581677493394723386/
steam,DOS32,reply,Battlefield 6,"I dont use nvidia app because its spware bloatware garbage, never had this issue in any game tbh, my pc is pretty locked down with no extra bloat so everything usually runs great BF is the highest cpu percentage I have seen in a game so far.Ill mess with some more settings and see what is causing it.",2026-07-23T08:15:46+00:00,,,,https://steamcommunity.com/app/2807960/discussions/0/581677493394723386/
steam,PawnSacrifice,reply,Battlefield 6,"Good grief, that's nonsense - Hardware Unboxed did a video on the Nvidia App recently to show the impact it doesn't have, it's a useful tool. But I doubt you care.",2026-07-23T08:33:20+00:00,,,,https://steamcommunity.com/app/2807960/discussions/0/581677493394723386/
steam,DOS32,reply,Battlefield 6,"its not whether its useful or not, you can do everything you want with just the driver application .its just another app thats not needed on my system. it also phones home A LOT",2026-07-23T08:38:26+00:00,,,,https://steamcommunity.com/app/2807960/discussions/0/581677493394723386/
steam,K&,reply,Battlefield 6,"U mentioned that u dont use Nvidia app, did u update your drivers i do assume u did since ur also gamer like us",2026-07-23T08:41:07+00:00,,,,https://steamcommunity.com/app/2807960/discussions/0/581677493394723386/
steam,Brutipati01,reply,Battlefield 6,"Same for me, my CPU is at 100% since the season 4 update and i have less fps on all maps.5900x5060Ti 16gb32gb ram",2026-07-29T18:20:20+00:00,,,,https://steamcommunity.com/app/2807960/discussions/0/581677493394723386/
steam,EA_Barry,reply,Battlefield 6,Try increasing the resolution and also reducing the CPU-heavy settings such as:Mesh Quality / Geometry QualityTerrain QualityObject DensityView DistanceThis should rebalance the load more toward the GPU. Thanks. EA_Barry.,2026-07-30T08:03:02+00:00,,,,https://steamcommunity.com/app/2807960/discussions/0/581677493394723386/
steam,Rozkurwiacz,post,Battlefield 6,"I'm having a huge performance issue—after Season 2 I can't run the game smoothly at 60 frames per second, regardless of the graphics settings I choose. The same frame rate drops occur at 2K, 1080p, and even lower resolutions. The same applies to other graphics settings—I can set everything to the lowest level, and the problem still persists.Does anyone else have this same problem? Do you know how to fix it?",2026-07-29T19:22:11+00:00,,,,https://steamcommunity.com/app/2807960/discussions/0/581678128090381888/
steam,EA_Barry,reply,Battlefield 6,"Check to be super sure your display is connected to your GPU and not the motherboard video port.If you post a newly generated Dxdiag report here, we can take a look and likely suggest troubleshooting steps for you. You can link to it via Google Drive, etc., Dxdiag Thanks. EA_Barry.",2026-07-30T07:57:23+00:00,,,,https://steamcommunity.com/app/2807960/discussions/0/581678128090381888/
steam,Kronouir,reply,Battlefield 6,"Originally posted by BingusDingus:Originally posted by Maximum Rambo:full of bugs, hit reg issues, bad netcode, vpn abusers, cronus kids on console, desync from console to pc.Game looks awesome plays like ♥♥♥♥ Haven't had a single one of those issues.After a certain point it begins to look like a smear campaign rather than genuine criticism. people can experience bugs that you don't. could be related to either their loadouts in game, their graphics config, or even just their hardware specs. sort of unfair to dismiss someone's criticism just because you haven't experienced said issues.",2026-07-30T02:09:27+00:00,,,,https://steamcommunity.com/app/2807960/discussions/0/581678128090384764/
steam,NapoleonVegemite,reply,Battlefield 6,"Originally posted by SwifTst:Just people that can't adapt to it. No accountability for their own poor performance. So instead of taking the time to actually build some skills, they just whine and complain Pure copium on your part.",2026-07-30T02:13:47+00:00,,,,https://steamcommunity.com/app/2807960/discussions/0/581678128090384764/
steam,Sweezy,reply,Battlefield 6,because they are bad at the game. Or only know how to play one style and when its effected they get mad.,2026-07-30T03:28:41+00:00,,,,https://steamcommunity.com/app/2807960/discussions/0/581678128090384764/
steam,HaZe,reply,Battlefield 6,I am having a great time playing bf6. It has gotten much better with the newer maps,2026-07-30T03:30:05+00:00,,,,https://steamcommunity.com/app/2807960/discussions/0/581678128090384764/
steam,Jango,reply,Battlefield 6,"Originally posted by SwifTst:Just people that can't adapt to it. No accountability for their own poor performance. So instead of taking the time to actually build some skills, they just whine and complain EA shill. Core gameplay is fine. Originally posted by Maximum Rambo:full of bugs, hit reg issues, bad netcode, vpn abusers, cronus kids on console, desync from console to pc.Game looks awesome plays like ♥♥♥♥",2026-07-30T04:02:51+00:00,,,,https://steamcommunity.com/app/2807960/discussions/0/581678128090384764/
steam,I24MP4GE,post,Apex Legends,need decent teamates for ranked gold.,2020-11-14T02:27:48+00:00,,,,https://steamcommunity.com/app/1172470/discussions/0/2984159549088230840/
steam,General Awesome,reply,Apex Legends,Eyy,2020-11-14T03:51:58+00:00,,,,https://steamcommunity.com/app/1172470/discussions/0/2984159549088230840/
steam,I24MP4GE,reply,Apex Legends,what?,2020-11-15T17:11:52+00:00,,,,https://steamcommunity.com/app/1172470/discussions/0/2984159549088230840/
steam,Vioria,reply,Apex Legends,An Apex Legenda discord or something? Dunno sadly.,2020-11-15T17:36:54+00:00,,,,https://steamcommunity.com/app/1172470/discussions/0/2984159549088230840/
steam,Ardamis,reply,Apex Legends,"how about instead of posting on the forums asking if there is one, try i dunno, googling for one?",2020-11-15T18:52:45+00:00,,,,https://steamcommunity.com/app/1172470/discussions/0/2984159549088230840/
steam,Orange,reply,Apex Legends,I play regular. If you wanna still team up lemme know.,2020-11-15T19:19:57+00:00,,,,https://steamcommunity.com/app/1172470/discussions/0/2984159549088230840/
steam,THESMF1210,reply,Apex Legends,"Originally posted by I24MP4GE:need decent teamates for ranked gold. this is not possible if they havent updated the ranked system as anyone can be carried to gold and the system never deranks them due to the safety net, main reason i binned rank play off",2020-11-15T19:39:25+00:00,,,,https://steamcommunity.com/app/1172470/discussions/0/2984159549088230840/
steam,KuriKona,reply,Apex Legends,There are clubs,2020-11-15T20:12:10+00:00,,,,https://steamcommunity.com/app/1172470/discussions/0/2984159549088230840/
steam,I24MP4GE,reply,Apex Legends,how about i can do what i want :) and okay thanks guys.,2020-11-19T21:02:17+00:00,,,,https://steamcommunity.com/app/1172470/discussions/0/2984159549088230840/
steam,K0RS41R,reply,Apex Legends,"The Apex Legends Discord has an LFG section for every region, as well as a Club Recruitment channel. Reddit also has an ApexLFG sub reddit. Check em out :)",2020-11-20T00:22:33+00:00,,,,https://steamcommunity.com/app/1172470/discussions/0/2984159549088230840/
steam,rey22022,reply,Apex Legends,Hi,2026-07-30T02:31:29+00:00,,,,https://steamcommunity.com/app/1172470/discussions/0/2984159549088230840/
steam,mnknewb,reply,Apex Legends,Originally posted by _ShâdowyLight_:Bloodhound will be able to cloak his team... Can you imagine an Axle team cloaked sliding at you? So many additions the past year have been super unhealthy for the game. Am I the only one worried about Bloodhound right now? Originally posted by MOD_SidZapen:Hey everyone. Just wanted to say that I've shared your concerns and skepticism with the team. stop making invis characters and movement legends..breaks the game's speed. we need more legends that can punish apeing,2026-07-30T00:09:49+00:00,,,,https://steamcommunity.com/app/1172470/discussions/0/588433527532474219/
steam,mnknewb,reply,Apex Legends,Originally posted by ACEBOY A-T-R:Solo Diamond unplayable matchmaking is beyond crazy.I would fire the whole Balancing team and matchmaking team Apex simply dont care for Solos its like as soon as you come diamond as solo the system says doesnt matter how good you are i simply give u the worst diamond online right now cuz you are not allowed to get higher because if you dont carry these trashbags with you in 95% of games you might be not worth to get master. impossible without a 3 stack randoms are just unpredictable and too aggressive. just had a octane try to 1v3 for lolz then proceed to rage into the mic after it became a 2v3 and we lost,2026-07-29T17:09:00+00:00,,,,https://steamcommunity.com/app/1172470/discussions/0/588433527532486996/
steam,SidZapen,reply,The Sims 4,"Originally posted by James3157:Originally posted by Phae:I have tried to go to EA forums and have very selfdom been able to actually post an issue. It is not like find a post and post there you have to fill out a long report and some of the things they ask for I don't even know how to find in order to upload it for them and it is very seldom anyone replies back to help me with the problem. If other have had the issues I have I am guessing that is whys they come here for help or just to vent. Because many of the seasoned players that have been around and have so much experience from playing so long can help out more than EA techs can or even want to. I know you seasoned players have helped me way more than EA has and with much more consideration and patience to someone like me that is really tech dumb for the most part. Good instruction dummied down for me is a big help and I really appreciate all of you.In order to get help from EA at all you have to have a Clean Game without mods at all or they will not & honestly cannot help. While the use of mods is not forbidden they are not responsible for them and therefore they will not troubleshoot a game with mods. Understandable honestly. IF a clean game does not give the same issues then it is most like something with mods even if it is not the mods it might be because of them. Catch 22 situation. The gallery is bugged even without mods. On the link provided it is a verified bug, but few people have commented on it and the votes are surprisingly low. Because not all bugs are present for everyone as we just saw. Please feel free to contribute to the discussion on the EA forums for more visibility.",2026-07-30T02:33:24+00:00,,,,https://steamcommunity.com/app/1222670/discussions/0/591811150340996680/
steam,FauxFurry,reply,The Sims 4,"Not only are bugs partly dependent upon hardware-software configurations, there are things that some players do not account for when reporting bugs. Mods which they did not properly remove affect their game, unpurged out-of-date system files (cache and resource files), old save files (some people just refuse to ditch an old save on which bugs have already manifested rather than starting fresh after a major update) can all be the cause of problems that others do not have due to keeping on top of those maintenance tasks.",2026-07-30T03:17:45+00:00,,,,https://steamcommunity.com/app/1222670/discussions/0/591811150340996680/
steam,SidZapen,reply,The Sims 4,"Originally posted by James3157:Originally posted by cloudstrifehottie5:I have that problem too i hope they fix it soon Yes the devs should fix it, but they are aware of it and it is a verified bug. There is a way to fix this bug ourselves by using the CaS.fulleditmode cheat and switching from partner to spouse in CaS instead of a a wedding, but it is annoying because players have to fix it manually. Just re-posting this for vis:- Marriage Bug",2026-07-30T02:33:20+00:00,,,,https://steamcommunity.com/app/1222670/discussions/0/576047946418636327/
steam,SidZapen,reply,The Sims 4,"Hey there. We're here too. Do you have a specific bug to report? That's definitely a fair suggestion and we're working hard on tracking these issues here. If you're observing something that isn't listed there, please make a new thread for the team to see.",2026-07-30T02:33:08+00:00,,,,https://steamcommunity.com/app/1222670/discussions/0/591811150341011532/
steam,scubbasteve9991,post,Battlefield 6,what happened? thats like the main part of bf..?,2026-07-30T12:04:39+00:00,,,,https://steamcommunity.com/app/2807960/discussions/0/581678128090434258/
steam,Bryan,reply,Battlefield 6,"with the state Vehicles are in i rather jump off a cliff than play Bf6 conquest, RPG shoots wet noodles and is completely useless, the javelin doesn't work half the time, the only reliable way to kill vehicles is with overpowered air, the only reliable way to kill overpowered air is with your own overpowered air, this game has the worst balancing in the history of Battlefield by far.",2026-07-30T12:15:51+00:00,,,,https://steamcommunity.com/app/2807960/discussions/0/581678128090434258/
steam,scubbasteve9991,reply,Battlefield 6,"Originally posted by Bryan:with the state Vehicles are in i rather jump off a cliff than play Bf6 conquest, RPG shoots wet noodles and is completely useless, the javelin doesn't work half the time, the only reliable way to kill vehicles is with overpowered air, the only reliable way to kill overpowered air is with your own overpowered air, this game has the worst balancing in the history of Battlefield by far. yea ive noticed a few things. but the other modes are just soooo sweaty, lol that or ive just gotten that rusty. prob both tbh. this game is in a state. i love it but man, the server stutter is rough, and i had a bug or glitch where i got stuck . i could aim but not move. only happened once so far tho",2026-07-30T12:19:22+00:00,,,,https://steamcommunity.com/app/2807960/discussions/0/581678128090434258/
steam,Lunaris,reply,Battlefield 6,scout heli happend,2026-07-30T12:55:42+00:00,,,,https://steamcommunity.com/app/2807960/discussions/0/581678128090434258/
steam,scubbasteve9991,reply,Battlefield 6,"Originally posted by Lunaris:scout heli happend lol right? i finally got a game goin, and tbh i still like conquest better. better tactical options as far as movement, and the vehicles and more room for destruction is fairly nicei like TDM etc but damn son the ttk is so fast.. lol im gettin old fellers xD",2026-07-30T13:00:59+00:00,,,,https://steamcommunity.com/app/2807960/discussions/0/581678128090434258/
steam,TomE,reply,Battlefield 6,bf6 is dead day one,2026-07-30T13:25:28+00:00,,,,https://steamcommunity.com/app/2807960/discussions/0/581678128090434258/
steam,Toilet-Technician,reply,Battlefield 6,There is not enough masculinity in this game,2026-07-30T13:43:16+00:00,,,,https://steamcommunity.com/app/2807960/discussions/0/581678128090434258/
steam,scubbasteve9991,reply,Battlefield 6,"Originally posted by TomE:bf6 is dead day one dead means no players. dying? maybe. ""83"" is dead lol",2026-07-30T13:47:15+00:00,,,,https://steamcommunity.com/app/2807960/discussions/0/581678128090434258/
steam,scubbasteve9991,reply,Battlefield 6,"Originally posted by Toilet-Technician:There is not enough masculinity in this game maybe, or maybe theres too much adhd in this game xD",2026-07-30T13:47:59+00:00,,,,https://steamcommunity.com/app/2807960/discussions/0/581678128090434258/
steam,Mogged by BrutaL RXRX 051,post,Battlefield 6,"Add qm quiser jogar o modo gauntlet (aquele que tem 4 etapas e vai eliminando os squad), em ingles se chama Gauntlet.Possuo 2 amigos bons q jogam cmg.",2026-07-30T13:43:02+00:00,,,,https://steamcommunity.com/app/2807960/discussions/0/581678128090440725/
steam,XLEB,post,Battlefield 6,"Well we all know many people waited this season just to play on VSSM and many people was dissapointed in this weapon.Whats the problem?VSSM IS a DMR and as DMR this weapon ABSOLUTE ASS. It has: sub machine dmg range and sub sound ammo only.As DMR (again weapon is considered as DMR) weapon might be TOP 1 WORST WEAPON in the game.Weapon as DMR dont reward you for hitting enemy on long range (which is VERY HARD cuz weapon has 300 m/s bullet speed), most likely u will do +-14 dmg. And at close range u will be killed by literaly any other weapon in the game (exept sniper rifles) because of awful fire rate and quick dmg lose on distance. And now lets get to auto version of the weapon. Automatic version of VSSM is INSANE. Unlike its DMR version weapon shows itself if not the best weapon but defenetly as S tier. It has low recoil, good hip fire, good precision, good mobility, good headshot multi. So what i want to say about why this sucks. VSSM i think should be hybrid weapon that could be good at long range and at the close ranges as well but bf6 devs decided to put weapon into DMR, make DMR version of weapon TOP 1 useless gun in game and put in it 1 attachment that makes weapon glow up from FFF tier to #1 weapon in game. This is horrible u DICE could add VERY interesting weapon but ended up with adding sub machine gun in DMR category.",2026-07-29T23:50:32+00:00,,,,https://steamcommunity.com/app/2807960/discussions/0/581678128090398100/
steam,DoomInTheWomb,reply,Battlefield 6,"Totally agree. What an awful feeling gun. I just now unlocked the full auto kit, and it's way better now, I'm hitting shots and getting kills that I don't think I should have. I don't understand this design at all..",2026-07-30T00:09:31+00:00,,,,https://steamcommunity.com/app/2807960/discussions/0/581678128090398100/
steam,Sanny,reply,Battlefield 6,Agree,2026-07-30T00:18:33+00:00,,,,https://steamcommunity.com/app/2807960/discussions/0/581678128090398100/
steam,Pointlockout~*,reply,Battlefield 6,".... the real issue is the bullet tracer, if you notice DMR in BF6 has bullet tracer unlike previous title and DMR has to shoot multiple times so people will just find your location easily.",2026-07-30T00:35:20+00:00,,,,https://steamcommunity.com/app/2807960/discussions/0/581678128090398100/
steam,XLEB,reply,Battlefield 6,"Originally posted by Pointlockout~*:.... the real issue is the bullet tracer, if you notice DMR in BF6 has bullet tracer unlike previous title and DMR has to shoot multiple times so people will just find your location easily. U never will kill someone from 50+ meters unless they stand on one place. Weapon has awful bullet speed so u have to predict a lot, and does awful dmg after 25 meters(less than 20).Like we have other DMR (forgot name) that does same dmg and better than VSSM in being DMR in everything.VSSM just SMG in DMR category.",2026-07-30T00:43:35+00:00,,,,https://steamcommunity.com/app/2807960/discussions/0/581678128090398100/
steam,BingusDingus,reply,Battlefield 6,"I just got finished fully ranking it up and I think I dropped my KD by 2 while doing so.I had next to no success with the weapon at ranges beyond 30 meters, and scant success beyond 20. The only good use I managed to get out of it was hip firing in close quarters, by using it like I do my sidearms.",2026-07-30T01:13:20+00:00,,,,https://steamcommunity.com/app/2807960/discussions/0/581678128090398100/
steam,PLode,reply,Battlefield 6,I mostly agree with you cept you’re saying it has LOW recoil in auto mode LOL? Have you actually used the weapon it has insane recoil.,2026-07-30T02:28:15+00:00,,,,https://steamcommunity.com/app/2807960/discussions/0/581678128090398100/
steam,OINK OINK!!!,reply,Battlefield 6,I got level 3 and get 10x Zoom. I thk great i get more Kills if i can snipe and then i see 303 m/s Bulletspeed!Hm ok we try. Lol.... Bullet fly like a potatoe to the 150m Target and hit of course nothing. I hit at last a Bot that not move without kill and leave Map.Level 3 - 10x Zoom wow thats gamedesign hahahhaha,2026-07-30T05:47:03+00:00,,,,https://steamcommunity.com/app/2807960/discussions/0/581678128090398100/
steam,LemonSoda,reply,Battlefield 6,"Even in real life the VSS is only ever meant for short to medium range engagements, the way the bullet is designed makes it impossible for accurate shots at long range, it is not a DMR in a traditional sense",2026-07-30T08:44:55+00:00,,,,https://steamcommunity.com/app/2807960/discussions/0/581678128090398100/
steam,XLEB,reply,Battlefield 6,"Originally posted by LemonSoda:Even in real life the VSS is only ever meant for short to medium range engagements, the way the bullet is designed makes it impossible for accurate shots at long range, it is not a DMR in a traditional sense Its a game not real life. Most people here dont give a ♥♥♥♥ about weapons being realistic or not, only what matters is how weapon plays and does it its job or not.As of right now VSSM as DMR should do DMR job but weapon is absolutly terrible even at mid ranges.",2026-07-30T08:56:50+00:00,,,,https://steamcommunity.com/app/2807960/discussions/0/581678128090398100/
steam,[KLAP] Pilzquadrat,reply,Battlefield 6,You guys just don't understand how to utilise the gun. Why would you try long range shots with this bullet velocity? Use it for engagements around 15-40 meters and you're golden.,2026-07-30T09:26:15+00:00,,,,https://steamcommunity.com/app/2807960/discussions/0/581678128090398100/
steam,Keel,reply,Battlefield 6,"Originally posted by KLAP Pilzquadrat:You guys just don't understand how to utilise the gun. Why would you try long range shots with this bullet velocity? Use it for engagements around 15-40 meters and you're golden. I think you missed the part where he stated a VSS which is what this gun is. Is a DMR, not a sub machine gun.",2026-07-30T09:37:18+00:00,,,,https://steamcommunity.com/app/2807960/discussions/0/581678128090398100/
steam,XLEB,reply,Battlefield 6,"Originally posted by KLAP Pilzquadrat:You guys just don't understand how to utilise the gun. Why would you try long range shots with this bullet velocity? Use it for engagements around 15-40 meters and you're golden. If u use DMR version of VSSM u wont be able to kill anyone in this ranges unless u are behind them or they have insane skill issue.If u talking about automatic version then ofc, but i already stated it in my post.I want VSSM be viable as close and mid(may be even long) range weapon like in other battlefields.As of right now this is just SMG in DMR category, u have 0 reasons to run this weapon as DMR.",2026-07-30T10:22:57+00:00,,,,https://steamcommunity.com/app/2807960/discussions/0/581678128090398100/
steam,PauloCosta,reply,Battlefield 6,Totally agree,2026-07-30T11:03:28+00:00,,,,https://steamcommunity.com/app/2807960/discussions/0/581678128090398100/
steam,Kei,reply,Battlefield 6,"Ok, I'm not gun nut so I just expected DMR's to be... you know, consistent in the way they operate if they are under that category. Not the details, but the general feel. However, I did not know what DMR actually refers to in the real world.Here's the definition I came across:""A designated marksman rifle (DMR) is a high-precision, semi-automatic rifle used by infantry squads to engage targets at medium-to-extended ranges (typically 300 to 600+ meters), bridging the gap between standard service rifles and dedicated sniper systems.""...medium-to-extended ranges. VSSM does not do that. Like... y'all know if you're here. Apparently it is a real gun, and it is labelled a DMR, but I highly doubt BF6 replicated the actual gun's performance here. It sure as hell doesn't operate as a DMR. Just adding more context.",2026-07-30T13:35:42+00:00,,,,https://steamcommunity.com/app/2807960/discussions/0/581678128090398100/
steam,RedXQ,post,Apex Legends,"Have never actually played Apex before (i have launched it at some point, dont remember why.)But is it worth playing in this current era?",2026-07-30T09:33:28+00:00,,,,https://steamcommunity.com/app/1172470/discussions/0/588433527532537977/
steam,Jango,reply,Apex Legends,Do you want to play a game with a high learning curve and excessive EOMM? Against people that never stopped playing since release? I’ve played since day 1 and wouldn’t be playing this game if I hadn’t put so much time back when the game was in its prime seasons,2026-07-30T12:10:44+00:00,,,,https://steamcommunity.com/app/1172470/discussions/0/588433527532537977/
steam,Samurai,reply,Apex Legends,"Originally posted by RedXQ:Have never actually played Apex before (i have launched it at some point, dont remember why.)But is it worth playing in this current era? If you're playing solo then NO its miserable playing solo.",2026-07-30T12:31:20+00:00,,,,https://steamcommunity.com/app/1172470/discussions/0/588433527532537977/
steam,Утюг спаси и сохрани (input lag),reply,Apex Legends,Of course not. Never ever try launching this game.,2026-07-30T12:50:26+00:00,,,,https://steamcommunity.com/app/1172470/discussions/0/588433527532537977/
steam,Xuddish,reply,Apex Legends,"of course it is worth playing apex, still the best game i have played based on my playtime, and decades of other similar games i have played.if you play for fun and also enjoy objectively good metrics for a first person shooter then go ahead and try apex.i do recommend trios game mode and avoid dropping in near other enemy players. drop safe.getting near average skill the game have excellent matchmaking and you can play it for years.",2026-07-30T13:39:12+00:00,,,,https://steamcommunity.com/app/1172470/discussions/0/588433527532537977/
steam,tony_montana,post,Apex Legends,большой лост в ранкеде после высадки 5 сек встает все слышу тимейтов и стою на месте в паблике такого нет зашел проверить пологает 5 мин и к 3 кольцу норм,2026-07-30T13:20:18+00:00,,,,https://steamcommunity.com/app/1172470/discussions/0/588433527532550566/
steam,HONORIFICABILITUDINITATIBUS,post,Apex Legends,"I want to say that some types of weapons are very difficult tasks even for me, but for a simple ordinary player it will be completely impossible. I know that before this there was a fix for all this and the task was much simpler, but still. For example, complete the task with L-Star to kill 250 people from a distance of 50 m. This weapon has no accuracy at all. I don't know how to shoot or what skills I need to have to complete this task. and I'm saying all this based on my experience, and for those players who have just come to this game it will be quite difficult or even impossible. You can also include devotion in this category, although group shooting is much more enjoyable there. I'm not talking about sniper weapons. And even more so, how long does it take to go through all this?And so what I'm leading to is I would like the number of murders to be reduced to pass this category.I think I'll find supporters of my opinion because not everyone here has crazy skills.",2026-07-30T11:04:48+00:00,,,,https://steamcommunity.com/app/1172470/discussions/0/588433527532543407/
steam,Jango,reply,Apex Legends,It’s more of a no life grind mechanic (like ranked) than actual skill or gun experience. I’d just play the game for fun atp. Devs are obsessed with getting you to play for FOMO,2026-07-30T12:08:10+00:00,,,,https://steamcommunity.com/app/1172470/discussions/0/588433527532543407/
steam,76561198686857493,post,Apex Legends,新号，还没有玩几把,2026-07-30T11:58:57+00:00,,,,https://steamcommunity.com/app/1172470/discussions/0/588433527532546155/
steam,davym00re,post,Apex Legends,"Чтобы зайти в игру вам необходимо:1. Скачать ""Zapret"" актуальной версии по ссылке: https://github.com/flowseal/zapret-discord-youtube/releases {на 07.02.2026 актуальной версией является v1.9.5}2. После того, как мы скачали запрет, нам нужно разархивировать все в одну Папку.3. Первым делом в Папке открываем файл под названием service.bat4. Далее выполняем следующую инструкцию- Нажимаем цифру 2 (Remove Service), затем нажимаем ENTER. Нужно убедиться в том, что процесс предыдущего обхода завершен корректно, если все успешно или процесс не был запущен двигаемся дальше...- Нажимаем цифру 4 (Game Filter), должно смениться на статус [enabled]- Нажимаем цифру 5 (IPSet Filter), там теперь должен появиться статус [any]- После чего нажимаем 0 (Exit) и выходим из service.bat окончательно.5. Теперь, когда у нас все готово к работе, мы создаем ""текстовый документ"" и вставляем весь скрипт туда -->@echo offchcp 65001 > nul:: 65001 - UTF-8cd /d ""%~dp0""call service.bat status_zapretcall service.bat check_updatescall service.bat load_game_filterecho:set ""BIN=%~dp0bin\""set ""LISTS=%~dp0lists\""cd /d %BIN%start ""zapret: %~n0"" /min ""%BIN%winws.exe"" --wf-tcp=80,443,2053,2083,2087,2096,8443,%GameFilter% --wf-udp=443,19294-19344,50000-50100,%GameFilter% ^--filter-udp=443 --hostlist=""%LISTS%list-general.txt"" --hostlist-exclude=""%LISTS%list-exclude.txt"" --ipset-exclude=""%LISTS%ipset-exclude.txt"" --dpi-desync=fake --dpi-desync-repeats=11 --dpi-desync-fake-quic=""%BIN%quic_initial_www_google_com.bin"" --new ^--filter-udp=19294-19344,50000-50100 --filter-l7=discord,stun --dpi-desync=fake --dpi-desync-repeats=6 --new ^--filter-tcp=2053,2083,2087,2096,8443 --hostlist-domains=discord.media --dpi-desync=fake,multisplit --dpi-desync-split-seqovl=681 --dpi-desync-split-pos=1 --dpi-desync-fooling=ts --dpi-desync-repeats=8 --dpi-desync-split-seqovl-pattern=""%BIN%tls_clienthello_www_google_com.bin"" --dpi-desync-fake-tls=""%BIN%tls_clienthello_www_google_com.bin"" --new ^--filter-tcp=443 --hostlist=""%LISTS%list-google.txt"" --ip-id=zero --dpi-desync=fake,multisplit --dpi-desync-split-seqovl=681 --dpi-desync-split-pos=1 --dpi-desync-fooling=ts --dpi-desync-repeats=8 --dpi-desync-split-seqovl-pattern=""%BIN%tls_clienthello_www_google_com.bin"" --dpi-desync-fake-tls=""%BIN%tls_clienthello_www_google_com.bin"" --new ^--filter-tcp=80,443 --hostlist=""%LISTS%list-general.txt"" --hostlist-exclude=""%LISTS%list-exclude.txt"" --ipset-exclude=""%LISTS%ipset-exclude.txt"" --dpi-desync=fake,multisplit --dpi-desync-split-seqovl=664 --dpi-desync-split-pos=1 --dpi-desync-fooling=ts --dpi-desync-repeats=8 --dpi-desync-split-seqovl-pattern=""%BIN%tls_clienthello_max_ru.bin"" --dpi-desync-fake-tls=""%BIN%tls_clienthello_max_ru.bin"" --new ^--filter-udp=443 --ipset=""%LISTS%ipset-all.txt"" --hostlist-exclude=""%LISTS%list-exclude.txt"" --ipset-exclude=""%LISTS%ipset-exclude.txt"" --dpi-desync=fake --dpi-desync-repeats=11 --dpi-desync-fake-quic=""%BIN%quic_initial_www_google_com.bin"" --new ^--filter-tcp=80,443,%GameFilter% --ipset=""%LISTS%ipset-all.txt"" --hostlist-exclude=""%LISTS%list-exclude.txt"" --ipset-exclude=""%LISTS%ipset-exclude.txt"" --dpi-desync=syndata --new ^--filter-udp=%GameFilter% --ipset=""%LISTS%ipset-all.txt"" --ipset-exclude=""%LISTS%ipset-exclude.txt"" --dpi-desync=fake --dpi-desync-repeats=10 --dpi-desync-any-protocol=1 --dpi-desync-fake-unknown-udp=""%BIN%quic_initial_www_google_com.bin"" --dpi-desync-cutoff=n46. Нажимаем Сохранить как и сохраняем под любым названием именно в формате .bat7. Запускаем наш batник и радуемся рабочему Apex, discord и YouTube.",2026-02-07T14:10:07+00:00,,,,https://steamcommunity.com/app/1172470/discussions/0/759554462772926265/
steam,Mr. Anderson,reply,Apex Legends,"Заработало, +реп",2026-02-07T16:37:49+00:00,,,,https://steamcommunity.com/app/1172470/discussions/0/759554462772926265/
steam,davym00re,reply,Apex Legends,"Originally posted by сонный паралич:Заработало, +реп Рад, что помогло!",2026-02-07T16:43:07+00:00,,,,https://steamcommunity.com/app/1172470/discussions/0/759554462772926265/
steam,Mr.DaBro,reply,Apex Legends,+Rep помогло)),2026-02-08T15:13:56+00:00,,,,https://steamcommunity.com/app/1172470/discussions/0/759554462772926265/
steam,gewer_gent,reply,Apex Legends,текстовый док где создавать? в этой же папке с запретом?,2026-02-08T15:44:54+00:00,,,,https://steamcommunity.com/app/1172470/discussions/0/759554462772926265/
steam,gewer_gent,reply,Apex Legends,и как сохранить его в фОРМАТЕ BAT,2026-02-08T15:47:02+00:00,,,,https://steamcommunity.com/app/1172470/discussions/0/759554462772926265/
steam,meow^^meow,reply,Apex Legends,спасибо!,2026-02-08T16:15:28+00:00,,,,https://steamcommunity.com/app/1172470/discussions/0/759554462772926265/
steam,gewer_gent,reply,Apex Legends,спасибо заработало,2026-02-08T16:30:37+00:00,,,,https://steamcommunity.com/app/1172470/discussions/0/759554462772926265/
steam,FleX,reply,Apex Legends,все четко работает,2026-02-08T18:53:02+00:00,,,,https://steamcommunity.com/app/1172470/discussions/0/759554462772926265/
steam,серега спб,reply,Apex Legends,Originally posted by gewer_gent:и как сохранить его в фОРМАТЕ BAT переименовать и вместо txt написать bat,2026-02-08T19:31:54+00:00,,,,https://steamcommunity.com/app/1172470/discussions/0/759554462772926265/
steam,davym00re,reply,Apex Legends,"Originally posted by gewer_gent:и как сохранить его в фОРМАТЕ BAT У тебя есть текстовый документ, слева вверху нажимаешь раздел ""Файл"", далее ""Сохранить как"", чуть ниже меняешь Тип файла с ""Текстовый документы (*.txt) на ""Все файлы"". И пишешь в Имя файла название.bat, ну к примеру ты назвал его так: apex.batПоследний штрих, нажимаешь справа снизу кнопку СОХРАНИТЬ. Готово!",2026-02-09T00:28:14+00:00,,,,https://steamcommunity.com/app/1172470/discussions/0/759554462772926265/
steam,klee0patra,reply,Apex Legends,"Ютуб заработал с этим батником , а вот Апекс наоборот отвалился....",2026-02-09T03:03:41+00:00,,,,https://steamcommunity.com/app/1172470/discussions/0/759554462772926265/
steam,Zeonshop_16911,reply,Apex Legends,"игра запускается, но вечный поиск матча",2026-02-09T06:30:24+00:00,,,,https://steamcommunity.com/app/1172470/discussions/0/759554462772926265/
steam,Mr. Fluffy No,reply,Apex Legends,Or just play palworld instead of apex legends.,2026-02-09T07:16:45+00:00,,,,https://steamcommunity.com/app/1172470/discussions/0/759554462772926265/
steam,DanyaDark,reply,Apex Legends,"после одного матча при попытке подключиться к следующему матчу чёрный экран с загрузкой и после этого ""Время подключения истекло"". в лобби обратно подключается, но в матч не хочет никак закинуть",2026-02-09T08:39:11+00:00,,,,https://steamcommunity.com/app/1172470/discussions/0/759554462772926265/
steam,davym00re,reply,Apex Legends,"Originally posted by Кристина Богиня:Ютуб заработал с этим батником , а вот Апекс наоборот отвалился.... Возможно, это как-то связанно с самим провайдером, из-за того что у каждого разные сервера и регионы может отличаться и обход. Попробуйте использовать уже готовые batники разработанные самим запретом. Чаще всего у людей работают такие батники, как: ALT7, ALT5, ALT9, ALT11, FAKE TLS AUTO ALT3, но насколько мне известно эти батники чем-то жертвуют в пользу работы игры (Apex Legends). К примеру будет работать игра и ютуб, но не будет работать дискорд или наоборот.Что могу предложить, вы также можете попробовать сделать следующее:1. Определить для себя самый оптимальный и рабочий для дискорда и ютуба BAT файл.2. Завершить процесс Zapreta.3. Зайти в папку под названием ""lists"", там будет текстовый документ под названием ""ipset-exclude"".4. Открываем документ ""ipset-exclude"" и вставляем в него следующее:52.0.0.0/8 54.0.0.0/8 92.123.0.0/16 5. Не забываем СОХРАНИТЬ.6. Перезапускаем наш рабочий bat файл и пробуем запустить игру.",2026-02-09T10:53:55+00:00,,,,https://steamcommunity.com/app/1172470/discussions/0/759554462772926265/
steam,Xautos,reply,The Sims 4,"Originally posted by Xeriath:You know vanilla neighborhood stories can’t marry sims off? This is only an thing which MCCC does or a additional mod which changes vanilla neighborhood stories? If you want to report a bug then you need to reproduce the issue in a vanilla game without any mods. As long you report a issue with mods active (especially MCCC which know is to mess with unplayed NPC) the report is invalid and marked as mod issue. Also again, Steam discuss is not the right place to report bugs go to their official forum for that:https://forums.ea.com/category/the-sims-4-en/ideas/the-sims-4-bug-reports-en You can't always assume that everything can be laid off on mods and made a scapegoat. there are going to be instances where it looks like it might be a mod issue but has nothing to do with it.i haven't seen anyone asking if they have mods when this issue is described on this thread either which is a double whammy in that regard.",2026-07-30T09:18:50+00:00,,,,https://steamcommunity.com/app/1222670/discussions/0/576047946418636327/
steam,joedomanico55,post,EA Sports College Football 27,The controls are much better on the PS5. I have both versions so I can play with my son. The controls are much tighter and also the animations are way more advances on the console. Not sure why. I use the PS 5 controller for both also.,2026-07-21T04:14:13+00:00,,,,https://steamcommunity.com/app/4032350/discussions/0/578299465370413368/
steam,Hello..? Housekeeping?,reply,EA Sports College Football 27,i'm just worried that since I haven't played the previous 26 CFB's I won't understand the story..,2026-07-21T06:41:33+00:00,,,,https://steamcommunity.com/app/4032350/discussions/0/578299465370413368/
steam,nike23,reply,EA Sports College Football 27,"Thats odd, must have a lower spec pc or something cause myself and many others from the closed beta on have said and felt the PC version had less noticeable input lag while looking way sharper and being more fluid. Personally I could literally feel the lower frames of the console with the lower frame pacing making everything feel much more sluggish.",2026-07-21T08:21:34+00:00,,,,https://steamcommunity.com/app/4032350/discussions/0/578299465370413368/
steam,Mtabacco,reply,EA Sports College Football 27,Originally posted by joedomanico55:The controls are much better on the PS5. I have both versions so I can play with my son. The controls are much tighter and also the animations are way more advances on the console. Not sure why. I use the PS 5 controller for both also. so what,2026-07-22T01:38:47+00:00,,,,https://steamcommunity.com/app/4032350/discussions/0/578299465370413368/
steam,NYGiantsYankees,reply,EA Sports College Football 27,"your PC sucks, native 4k 240 FPS on pc, controlls perfect with a Xbox Elite controller",2026-07-30T17:10:13+00:00,,,,https://steamcommunity.com/app/4032350/discussions/0/578299465370413368/
steam,View The Phenom,reply,EA Sports College Football 27,"Game feels fine on PC, make sure your setup isn't the problem.Playing on PC isn't simply a plug and play experience, you are responsible for ensuring your system specs meet the necessary configuration.",2026-07-30T18:11:16+00:00,,,,https://steamcommunity.com/app/4032350/discussions/0/578299465370413368/
steam,Maclunkey,post,EA Sports College Football 27,I am trying to get some mods to work but I need my dynasty save files. I don't see them anywhere in my steam apps and the EA app does not have anything either. Anywhere I can find this? Note: I have my onedrive turned off on my pc.,2026-07-30T15:06:47+00:00,,,,https://steamcommunity.com/app/4032350/discussions/0/583929927904120950/
steam,tscan2004,reply,EA Sports College Football 27,Should be in Documents folder.,2026-07-30T16:06:44+00:00,,,,https://steamcommunity.com/app/4032350/discussions/0/583929927904120950/
steam,HalfAnOnionBagel,post,EA Sports College Football 27,Does anyone have their RTG saves labeled as position and team when you go to load a save like they were in CFB26. I have several different saves as i tried different positions and when i hit load it just says the date last played so i have to guess which save is which. CFB26 showed the team and position. IDK if its something i have turned off since the bottom left shows the cloud with a slash through it.,2026-07-30T14:59:39+00:00,,,,https://steamcommunity.com/app/4032350/discussions/0/583929927904120573/
steam,Nothing,reply,EA Sports College Football 27,"Unfortunately, this is a problem across many game modes. CUT, Dynasty, etc. Game will just lock in menus forcing a restart on occasion.",2026-07-30T14:16:11+00:00,,,,https://steamcommunity.com/app/4032350/discussions/0/583929927904044752/
steam,Senna,reply,EA Sports College Football 27,"This one is certainly repeatable for me. Simply choose something like 4 star recruits, then alter your search for open recruitment status. If none are open the game locks up.",2026-07-30T14:25:49+00:00,,,,https://steamcommunity.com/app/4032350/discussions/0/583929927904044752/
steam,Tharonh6,post,EA Sports College Football 27,"I have been playing for a while and for the last few hours I have been playing with no audio at all. I did not touch any settings on the game or my PC and the audio decided to cut out completely. Does anyone else have this same problem or any potential fix?For more context, audio works fine on every other game and app on my PC, but for some reason I am getting no audio at all with this game. Was working fine for 8+ hours of gameplay",2026-07-09T01:15:00+00:00,,,,https://steamcommunity.com/app/4032350/discussions/0/573794767997206311/
steam,Tharonh6,reply,EA Sports College Football 27,"Yes I did, still no luck. Changed it to what it should be and restarted the game with no luck",2026-07-09T02:40:36+00:00,,,,https://steamcommunity.com/app/4032350/discussions/0/573794767997206311/
steam,Nothing,reply,EA Sports College Football 27,"It's my primary technical issue. Mixer gets borked half of the time, and then it'll only work now with certain outputs (headphones, one monitor, etc) Very annoying.",2026-07-30T14:15:16+00:00,,,,https://steamcommunity.com/app/4032350/discussions/0/573794767997206311/
steam,BattleField 6 Season 4,post,Battlefield 6,"I was born in 2002, and started to play gameloft games in 2010, then I moved to XBOX in 2019, finally made it to my personal PC in 2021. At the other day I realized I never played BF3 BF4 or BadCompany.Also I noticed tons of people are comparing BF6 to BF3 or BF4 eta. I soon realize, those players that are not happy with BF6 are probably near 30 years old, even 35.With all that guess, I would take a rational guess that: players are not hating on BF6 the game itself, they are just unhappy now, and they are happier back then.Our PC is getting better, our living condition is getting better, we can afford more and more stuff that we can't even reach as a children. There is no way the new game is not good, otherwise it simply won't sell.So for the haters, you should take a moment to think about the things you are missing when you become an adult, because we are having real fun in this game, period.",2026-07-30T19:16:14+00:00,,,,https://steamcommunity.com/app/2807960/discussions/0/581678128090465820/
steam,BFcrakcokaine,reply,Battlefield 6,"Ah I see your misunderstanding, the people you are appealing to are not adults in a mature sense, sure they may legally be classed as an adult, but emotionally these types are very much still children.",2026-07-30T19:21:10+00:00,,,,https://steamcommunity.com/app/2807960/discussions/0/581678128090465820/
steam,BFcrakcokaine,reply,Battlefield 6,"Originally posted by scubbasteve9991:Originally posted by Lunaris:scout heli happend lol right? i finally got a game goin, and tbh i still like conquest better. better tactical options as far as movement, and the vehicles and more room for destruction is fairly nicei like TDM etc but damn son the ttk is so fast.. lol im gettin old fellers xD Yep, the overall TTK is too fast in BF6, just like it was in 2042. TTK is not just a number on a spreadsheet, its also recoil, spread and speed of player actions that make up TTK.I used to have a good time in BF3's TDM but today's younger player likes instant kills too much and I guess they are the majority now Dice caters too.Regarding your Conquest question, Conquest is doing fine in Australia. I play full matches during peak and all weekend, with crossplay on.",2026-07-30T18:38:17+00:00,,,,https://steamcommunity.com/app/2807960/discussions/0/581678128090434258/
steam,Potato,reply,Battlefield 6,"Not surprising, hitreg is broken since last patch, this undoubtedly gets even worse with TTK.",2026-07-30T18:50:23+00:00,,,,https://steamcommunity.com/app/2807960/discussions/0/581678128090434258/
steam,Al3x!el,reply,Battlefield 6,It's a shame what bf6 has become. Playing conquest feels like getting scoped out of every corner and beeing all visible no matter what you do. The only thing that rly works is playing this with the mind of a kid that plays cod.,2026-07-30T19:00:44+00:00,,,,https://steamcommunity.com/app/2807960/discussions/0/581678128090434258/
steam,scubbasteve9991,reply,Battlefield 6,yea im doing slightly better by doing the worm basically while i run lol,2026-07-30T19:04:03+00:00,,,,https://steamcommunity.com/app/2807960/discussions/0/581678128090434258/
steam,--JR--,reply,Battlefield 6,Throwing a rock at a vehicle would cause more damage than an RPG in this game...,2026-07-30T19:07:29+00:00,,,,https://steamcommunity.com/app/2807960/discussions/0/581678128090434258/
steam,Scusa,reply,Battlefield 6,"I think RPG damage is okay, but personally, I find RPGs way too precise. It shouldn't be possible to hit boats, jets, heli so accurately, boats especially with the waves on Tsuru. Yesterday a Dude destroyed my boat from point e rooftop with guided launcher while i was driving out the nato base. I couldn´t even see him from that distance.And also on Tsuru, you can see that the Little Bird is completely broken overpowered. Boats are shredded with machine guns, and today I had three guys with over 60 kills halfway through the map. And no, you can't take down those Imba Master pilots with RPGs either, only with luck.On Tsuru, you can see that the game has balance issues. It's just Pioneers with rocket launchers and snipers everywhere; they're in every crevice, in the water, on every hill, even on the moon or another universe...they will hit and kill you....and sniper don´t care if you shoot them from distance...the only counter is sniper, high zoom scope or RPG sniper otherwise run hide. And from Point i you can shoot the nato base - top balanceAnd bugs bugs bugs ....you can´t spot from vehicle, nades are not displayed most time...And the balance..also yesterday...contaminated our team 32 player other team 18 players and 6 bots...",2026-07-30T19:20:21+00:00,,,,https://steamcommunity.com/app/2807960/discussions/0/581678128090434258/
steam,Al3x!el,post,Battlefield 6,"It’s sad to see how this series has changed. The current multiplayer experience in Conquest is deeply disappointing. The marketing was simply misleading. What kind of *Battlefield* is this?It’s all about speed now. There is no teamplay. How could this franchise ""degenerate"" so much into a *Call of Duty* clone?I miss the days when the game was tactical and played at a slower pace. Capturing and holding a point felt meaningful—partly because of the journey to get there and the lack of constant reinforcements on-site. Now, the points are too close together for it to matter; it’s just a steady stream of mindless, repetitive waves of attackers until the tide turns. It’s chaotic, with little to no teamwork. I can easily imagine the likes of that ""BurnedPeanut"" guy getting a kick out of this; fast-paced action and ""main character syndrome"" go hand in hand, after all.This garbage bears no resemblance to that anymore.",2026-07-30T19:12:00+00:00,,,,https://steamcommunity.com/app/2807960/discussions/0/581678128090465446/
steam,Jango,reply,Battlefield 6,That streamer and all his trog fans are who the game is probably made for.Conquest on the reef map is the closest to old battlefield by far. Need more big maps like that. Golmud has always sucked (especially infantry) I don’t understand the hype,2026-07-30T19:15:16+00:00,,,,https://steamcommunity.com/app/2807960/discussions/0/581678128090465446/
steam,BFcrakcokaine,reply,Battlefield 6,"""Now, the points are too close together for it to matter; it’s just a steady stream of mindless, repetitive waves of attackers until the tide turns""Map design has been like this since at least BF3 and pretty much ever since battlefield started on console about 17 years ago!",2026-07-30T19:17:42+00:00,,,,https://steamcommunity.com/app/2807960/discussions/0/581678128090465446/
steam,76561199378389226,post,Battlefield 6,can someone tell me why this is no longer part of the game?,2026-07-30T01:39:47+00:00,,,,https://steamcommunity.com/app/2807960/discussions/0/581678128090403781/
steam,McDonaldsRichard,reply,Battlefield 6,one of the updates broke it so they took the mode down and hasn't been available since,2026-07-30T04:44:12+00:00,,,,https://steamcommunity.com/app/2807960/discussions/0/581678128090403781/
steam,Rake78,reply,Battlefield 6,"Unfortunately, EA/DICE is just as communicative about Strikepoint as our politicians are toward the people they’re supposed to represent.My friends list has been practically inactive for weeks, since everyone loved Strikepoint and it was their favorite mode. I don’t think Strikepoint will be coming back to BATTLEFIELD anytime soon: MAYBE: With Season 5 (hopefully)Thanks, EA, for a magnificent example of how you don’t give a damn about your community.",2026-07-30T06:33:21+00:00,,,,https://steamcommunity.com/app/2807960/discussions/0/581678128090403781/
steam,Automatic Fantastic,reply,Battlefield 6,It was so much fun and the matchmaking queues were so quick... What gives?,2026-07-30T19:14:53+00:00,,,,https://steamcommunity.com/app/2807960/discussions/0/581678128090403781/
steam,Simgren,post,Battlefield 6,"Hey, I recently updated my game and then played as usual for about three days, took a break for a couple of days and when I started the game it reinstalls the whole thing (about 77GB). Does anybody know why this could be happening. The game for some reason is installed on two different drives, both on my E: drive and D: drive, if this could have something to do with the reinstallation of the game.",2026-07-30T19:13:05+00:00,,,,https://steamcommunity.com/app/2807960/discussions/0/581678128090465548/
steam,¿?,reply,Apex Legends,"bro the same ♥♥♥♥ just happened and i lost another 200 ♥♥♥♥♥♥♥ rp, when the ♥♥♥♥ do you guys plan on fixing your ♥♥♥♥♥♥♥ servers??? im playing normally then suddenly my packet loss skyrockets to 100 and the game forces me to get kicked out, this is not a wifi issue as everything else works perfectly fine and as intended with a wifi connection EXCEPT for this ♥♥♥♥♥♥♥ ♥♥♥♥ ass game",2026-07-30T16:27:40+00:00,,,,https://steamcommunity.com/app/1172470/discussions/0/592937047299227748/
steam,MOD_SidZapen,reply,Apex Legends,Hey! We're tracking information on server issues to have the team take a look. Are you able to share a match ID for one of these matches? Along with your region and the time that you were playing.,2026-07-30T17:15:29+00:00,,,,https://steamcommunity.com/app/1172470/discussions/0/592937047299227748/
steam,¿?,reply,Apex Legends,"Originally posted by MOD_SidZapen:Hey! We're tracking information on server issues to have the team take a look. Are you able to share a match ID for one of these matches? Along with your region and the time that you were playing. i dont have the match id, however it as around 1pm est, and my region is us east 1. additional info i can add; happens with/without queuing with friends, legend and time of day doesn't matter, the map also doesn't seem to have an affect as it happens on worlds edge, storm point,i hope this issue gets fixed soon its frustrating to play and having the game basically say f u and forcibly remove 200 rp from my acc. </3",2026-07-30T19:17:27+00:00,,,,https://steamcommunity.com/app/1172470/discussions/0/592937047299227748/
steam,tonk,post,Apex Legends,stuck with 3 red errors after 12 hour shift. Classic,2026-07-30T18:06:22+00:00,,,,https://steamcommunity.com/app/1172470/discussions/0/588433527532570060/
steam,Terry Goiterham,reply,Apex Legends,Also getting those errors,2026-07-30T18:34:59+00:00,,,,https://steamcommunity.com/app/1172470/discussions/0/588433527532570060/
steam,Dr.Kalashnikov,reply,Apex Legends,yes it explod,2026-07-30T18:37:15+00:00,,,,https://steamcommunity.com/app/1172470/discussions/0/588433527532570060/
steam,76561199105626569,reply,Apex Legends,i can not enter the game for half an hour it's just loading,2026-07-30T18:41:04+00:00,,,,https://steamcommunity.com/app/1172470/discussions/0/588433527532570060/
steam,green_goblin707,reply,Apex Legends,same thing with me,2026-07-30T18:59:09+00:00,,,,https://steamcommunity.com/app/1172470/discussions/0/588433527532570060/
steam,Seventy5Hz,post,Apex Legends,"the game has not felt smooth to me since this split first split was good for me like stable frames smooth gameplay but dont know what changed with this split right now my pc specs are R5 9600X with 5060ti 16gb i am able to get 300 stable fps but still game feels not smooth to me like sometimes few clicks or keystrokes feels repeated mouse feels uneven every other day its different, wondering if any tech freak knows if this is just apex legend engine issue, some shader issues, nvidia driver issue please Help i upgraded my pc to AM5 thinking my setup is getting old but still the same stuff HELP ME HOOMANSS !!!",2026-07-30T16:32:24+00:00,,,,https://steamcommunity.com/app/1172470/discussions/0/588433527532563180/
steam,MOD_SidZapen,reply,Apex Legends,"Hello! What seems to be working the most is:- Disabling your Ethernet device in the Device Manager (Right Click in Windows > Device Manager) under ""Network Adapters"" (often listed as a Realtek PCIe GbE Family Controller) if you're using Wi-Fi. If you're using an ethernet connection, try disabling your Wi-Fi instead.- Renaming the folder located at C:\Users\%USERNAME%\Saved Games\Respawn so that the game is forced to create a fresh version upon the next launch.- Disabling simultaneous multi-threading and virtualization in BIOS. See example here.- Performing a clean installation of a stable Windows 11 version (24H2, build 26100.1, for example). Make sure to follow that guide to get better results.Please note that these are examples of what other community members have seen working in the past and will NOT by any means stop our investigation. It's also very important that you complete basic troubleshooting thoroughly before continuing your report.What is your driver version and Windows version? Is this happening at any specific spot or moment? After a certain action, maybe?Team is working on different issues at the moment but we’ll be keeping an eye on these reports.",2026-07-30T17:13:23+00:00,,,,https://steamcommunity.com/app/1172470/discussions/0/588433527532563180/
steam,| Bluelootgoblin,reply,Apex Legends,Just question- your game feels same at night time ?,2026-07-30T18:48:04+00:00,,,,https://steamcommunity.com/app/1172470/discussions/0/588433527532563180/
steam,Syntheticat24,reply,Apex Legends,Originally posted by _ShâdowyLight_:Bloodhound will be able to cloak his team... Can you imagine an Axle team cloaked sliding at you? So many additions the past year have been super unhealthy for the game. Am I the only one worried about Bloodhound right now? This game's meta somehow manages to always get worse when the bar is in the abyssal zone.,2026-07-30T14:38:41+00:00,,,,https://steamcommunity.com/app/1172470/discussions/0/588433527532474219/
steam,76561198666665039,reply,Apex Legends,"Originally posted by MOD_SidZapen:Hey everyone. Just wanted to say that I've shared your concerns and skepticism with the team. And you'll change nothing as usual. So what's the point of these so called ""sharings"" with the team?",2026-07-30T16:56:28+00:00,,,,https://steamcommunity.com/app/1172470/discussions/0/588433527532474219/
steam,MOD_SidZapen,reply,Apex Legends,"Originally posted by Mechanism 8:Originally posted by MOD_SidZapen:Hey everyone. Just wanted to say that I've shared your concerns and skepticism with the team. And you'll change nothing as usual. So what's the point of these so called ""sharings"" with the team? We've changed many things based on community feedback. Take a look at my message history.I can see that you're quite new here. Welcome to this discussion board.",2026-07-30T17:18:11+00:00,,,,https://steamcommunity.com/app/1172470/discussions/0/588433527532474219/
steam,Kiwi,reply,Apex Legends,"This game is perfect for a skilled cheater, if you are not, leave it as far as you can.",2026-07-30T14:29:19+00:00,,,,https://steamcommunity.com/app/1172470/discussions/0/588433527532537977/
steam,Syntheticat24,reply,Apex Legends,"Originally posted by RedXQ:Have never actually played Apex before (i have launched it at some point, dont remember why.)But is it worth playing in this current era? I'd recommend trying to find others to play with, especially if playing on PC. game is insanely high skill with a really bad ""SBMM"" (It just puts you in max level indefinitely regardless of skill unless you've clearly not played FPS games before)Solo experience is awful because they treat the game as a team game when it has one of the most toxic and selfish communities observed.",2026-07-30T14:33:18+00:00,,,,https://steamcommunity.com/app/1172470/discussions/0/588433527532537977/
steam,Goldzero1,reply,Apex Legends,I guess trying things first hand is off the table.,2026-07-30T16:53:41+00:00,,,,https://steamcommunity.com/app/1172470/discussions/0/588433527532537977/
steam,ANKEL,reply,Apex Legends,"its enjoyable, took me about 50 hrs to get aknowledged with its mechanics",2026-07-30T17:08:21+00:00,,,,https://steamcommunity.com/app/1172470/discussions/0/588433527532537977/
steam,bNp,reply,Apex Legends,"It's a joke.A few seasons ago they deleted all the stats for it after 'redesigning' it, after that it was buggy for ages. Kills and several other stats were never updated. I've only seen it once, but that was a confirmed cheater.Better to forget about the thing and just play Apex: Cheaters. Or don't.",2026-07-30T15:57:26+00:00,,,,https://steamcommunity.com/app/1172470/discussions/0/588433527532543407/
steam,richyrich0501,reply,Apex Legends,"Originally posted by MOD_SidZapen:The best way to provide the team quality reports is by completing these troubleshooting steps thoroughly, and then post the following information over in this thread if nothing works:- Driver Version- Specs- Region- Windows VersionWe also gathered some workarounds over there, which could be helpful if basic troubleshooting doesn't work. ive done all this multiples times. Even now, when i open the game i can see the main lobby screen then it freezes for one second and closes the game out",2026-07-30T15:56:15+00:00,,,,https://steamcommunity.com/app/1172470/discussions/0/588433527532430193/
steam,Syntheticat24,reply,Apex Legends,"Originally posted by I24MP4GE:need decent teamates for ranked gold. Posting here is probably your best bet outside of Discord or other similar sites with groups and discussions that may exist. Aka you're in A right place, but there's options.",2026-07-30T14:37:01+00:00,,,,https://steamcommunity.com/app/1172470/discussions/0/2984159549088230840/
steam,Syntheticat24,reply,Apex Legends,Originally posted by KuriKona:There are clubs Those haven't existed for years... I miss when those existedAlso just realized this post was crazy necro'd,2026-07-30T14:37:44+00:00,,,,https://steamcommunity.com/app/1172470/discussions/0/2984159549088230840/
steam,Wilson,post,Apex Legends,I don't have a button defined for selecting a cyber implant and I don't understand where to set it in the settings. Please help.,2026-07-30T14:04:24+00:00,,,,https://steamcommunity.com/app/1172470/discussions/0/588433527532553005/
steam,Syntheticat24,reply,Apex Legends,"Originally posted by Wilson:I don't have a button defined for selecting a cyber implant and I don't understand where to set it in the settings. Please help. Mine was personally the same as my choose upgrade key, you may want to see if that is bound in settings, if not, hopefully someone with knowledge comes around, as I personally have not experienced this, and am just trying to give any help possible.",2026-07-30T14:34:38+00:00,,,,https://steamcommunity.com/app/1172470/discussions/0/588433527532553005/
steam,James3157,reply,The Sims 4,"Originally posted by FauxFurry:Not only are bugs partly dependent upon hardware-software configurations, there are things that some players do not account for when reporting bugs. Mods which they did not properly remove affect their game, unpurged out-of-date system files (cache and resource files), old save files (some people just refuse to ditch an old save on which bugs have already manifested rather than starting fresh after a major update) can all be the cause of problems that others do not have due to keeping on top of those maintenance tasks. The gallery has overall gotten worse and more broken overtime instead of better. I have noticed other people are mentioning this and not just me even without using any mods and cc. The gallery not being fixed for eight months at least is a long time. Even though it has been verified there appears to have been a delay in fixing the gallery that might be because it does not have enough votes (16 votes seems to be a bit low that should be in the hundreds) from EA's official website, but I am not certain of this.",2026-07-30T15:14:50+00:00,,,,https://steamcommunity.com/app/1222670/discussions/0/591811150340996680/
steam,Phae,reply,The Sims 4,"Originally posted by SidZapen:Originally posted by James3157:The gallery is bugged even without mods. On the link provided it is a verified bug, but few people have commented on it and the votes are surprisingly low. Because not all bugs are present for everyone as we just saw. Please feel free to contribute to the discussion on the EA forums for more visibility. I did thank you",2026-07-30T16:36:29+00:00,,,,https://steamcommunity.com/app/1222670/discussions/0/591811150340996680/
steam,BQuisty,reply,The Sims 4,"Originally posted by lawrsteven:I know it is the same old argument like the bar staff one but this is now getting silly. I am having a party and no one is going to the toilet even when it gets down to red. With all the fanfare about updates and improvements why cannot this basic one be dealt with.? Surely when originally developing the game it would be common sense that going to the toilet would take priority over almost anything else! What was this not built into the game and why has it still not been resolved after so many, many complaints????? Sorry to hear that you're dealing with this. We'd like to gather more information regarding this issue, as it is the first time we're seeing reports of this issue. Are you using any mods? Does this issue happen with all toilets in the house (If you have more than one), or just one specific bathroom? Are there any objects blocking the pathway, like rugs, plants, or narrow hallways? Can the Sim physically enter the room if you manually command them to walk there?",2026-07-30T15:34:09+00:00,,,,https://steamcommunity.com/app/1222670/discussions/0/592937127158784006/
steam,James3157,reply,The Sims 4,"Originally posted by Xautos:Originally posted by Xeriath:You know vanilla neighborhood stories can’t marry sims off? This is only an thing which MCCC does or a additional mod which changes vanilla neighborhood stories? If you want to report a bug then you need to reproduce the issue in a vanilla game without any mods. As long you report a issue with mods active (especially MCCC which know is to mess with unplayed NPC) the report is invalid and marked as mod issue. Also again, Steam discuss is not the right place to report bugs go to their official forum for that:https://forums.ea.com/category/the-sims-4-en/ideas/the-sims-4-bug-reports-en You can't always assume that everything can be laid off on mods and made a scapegoat. there are going to be instances where it looks like it might be a mod issue but has nothing to do with it.i haven't seen anyone asking if they have mods when this issue is described on this thread either which is a double whammy in that regard. It is already officially confirmed to not be mod related. I made this thread to make more people aware of how to fix the marriage bug until the devs fix it. Some people (especially those who are new to The SIms 4) may not know how to fix the marriage bug which is my point for bringing it up here. Having a link provided for EA's official website helps for reporting, but only partially. After typing in a few things as I have mentioned earlier a player is supposed to enter into CaS and change partner to spouse.",2026-07-30T14:56:35+00:00,,,,https://steamcommunity.com/app/1222670/discussions/0/576047946418636327/
